Object,1,2,2:SG,3,ADJ,AUTO,COND,DAT,DEF,FEM,FUT,GEN,HAB,IMP,IND,L( b),L( g),L(a b),L(a),L(ac),L(aca),L(ach),L(ad),L(ada),L(adh),L(adá),L(aga),L(ai),L(aic),L(aif),L(ail),L(air),L(ais),L(ait),L(al),L(ala),L(am),L(ama),L(amo),L(ana),L(ao),L(ap),L(ara),L(arc),L(arr),L(art),L(arú),L(as),L(asa),L(ata),L(ath),L(b),L(ba),L(be),L(bh),L(bha),L(bhr),L(bht),L(bhé),L(bun),L(bá),L(bái),L(bé),L(c),L(ca),L(cai),L(cao),L(cea),L(ch),L(cha),L(cht),L(ci),L(crá),L(csá),L(cív),L(d),L(da),L(de),L(dh),L(di),L(dra),L(dá),L(dé),L(déa),L(díc),L(e),L(ea),L(eac),L(ead),L(eas),L(eis),L(eit),L(ela),L(eo),L(eog),L(eoi),L(eá),L(eái),L(f),L(fe),L(fo),L(g),L(ga),L(gh),L(ghn),L(gin),L(gna),L(gra),L(h),L(ha),L(hai),L(heo),L(hl),L(hla),L(hlá),L(hn),L(hna),L(hos),L(hr),L(hri),L(hrá),L(hsa),L(ht),L(hta),L(hu),L(hé),L(i),L(iam),L(ib),L(ibe),L(ic),L(id),L(ide),L(idi),L(idé),L(if),L(ife),L(igh),L(il),L(ile),L(ilg),L(ili),L(ill),L(ilé),L(im),L(imi),L(imr),L(in),L(inn),L(int),L(iné),L(ion),L(ir),L(ire),L(iri),L(irm),L(irn),L(irt),L(iré),L(is),L(isc),L(isi),L(ist),L(isé),L(it),L(ite),L(iú),L(iúá),L(l),L(la),L(lai),L(lba),L(le),L(lea),L(lg),L(li),L(lid),L(liú),L(ll),L(lla),L(llé),L(lra),L(lta),L(lua),L(lá),L(lé),L(léa),L(lín),L(lít),L(m),L(ma),L(mba),L(mhr),L(mi),L(mo),L(mpá),L(mr),L(mó),L(n),L(na),L(nac),L(nai),L(nap),L(nbh),L(nda),L(ne),L(nea),L(neo),L(nfo),L(ng),L(ni),L(nic),L(nn),L(nna),L(nne),L(nni),L(nná),L(nsa),L(nt),L(nta),L(ntó),L(ntú),L(ná),L(né),L(o),L(och),L(og),L(oi),L(oil),L(oir),L(ola),L(oll),L(on),L(ona),L(os),L(osa),L(osc),L(p),L(pa),L(plé),L(pá),L(r),L(ra),L(rac),L(rai),L(rbé),L(rc),L(rca),L(rda),L(re),L(reá),L(ri),L(rib),L(ric),L(rlá),L(rm),L(rma),L(rn),L(rne),L(rng),L(rné),L(roi),L(rr),L(rra),L(rsa),L(rt),L(rta),L(rá),L(rái),L(ré),L(ríd),L(rít),L(rú),L(rúd),L(rúi),L(rúl),L(s),L(sa),L(sai),L(sal),L(sc),L(sca),L(sci),L(seo),L(seá),L(shu),L(si),L(sir),L(sli),L(st),L(sta),L(ste),L(sti),L(stó),L(sá),L(sé),L(t),L(ta),L(tai),L(te),L(teá),L(th),L(tha),L(thl),L(ti),L(tra),L(tri),L(tó),L(tú),L(u),L(ua),L(uic),L(uid),L(uil),L(uim),L(ula),L(un),L(v),L(á),L(ái),L(áir),L(áit),L(ála),L(ána),L(ápa),L(ása),L(é),L(éa),L(éim),L(éin),L(éir),L(éis),L(í g),L(íc),L(íd),L(íli),L(ín),L(íni),L(ít),L(ív),L(ó),L(ódá),L(ógh),L(óib),L(óid),L(óir),L(óna),L(óta),L(óth),L(ú),L(úd),L(úda),L(úi),L(úit),L(úl),L(úla),L(úá),N,NOM,NOM+VOC,PL,PRS,PST,R( ),R( a),R( an),R(A),R(Ai),R(Aib),R(Am),R(Ama),R(E),R(Ea),R(Eas),R(P),R(Pa),R(Pat),R(a),R(ab),R(abs),R(abú),R(ad),R(adh),R(ag),R(aga),R(agh),R(ai),R(aim),R(ain),R(ait),R(al),R(alf),R(an),R(ao),R(aon),R(aor),R(b),R(bi),R(bit),R(bl),R(bli),R(c),R(ca),R(car),R(cl),R(clo),R(clá),R(co),R(con),R(cr),R(cro),R(cs),R(cu),R(cui),R(d),R(de),R(dei),R(dh),R(do),R(don),R(dr),R(dro),R(dru),R(du),R(dui),R(dé),R(déc),R(e ),R(e m),R(e),R(ea),R(eac),R(eag),R(eal),R(ean),R(ei),R(eip),R(eir),R(eis),R(eit),R(eo),R(eoc),R(f),R(fh),R(fhr),R(fí),R(fís),R(fó),R(fót),R(g),R(gu),R(gua),R(gum),R(h),R(ha),R(hac),R(he),R(hei),R(hi),R(hid),R(ho),R(hom),R(hor),R(hu),R(hum),R(i),R(in),R(ini),R(io),R(ion),R(ior),R(l),R(la),R(las),R(le),R(lea),R(lei),R(leo),R(ll ),R(ll),R(lo),R(lom),R(lu),R(lua),R(lá),R(lám),R(lí),R(lín),R(lío),R(m),R(me),R(meá),R(mh),R(mi),R(mic),R(mio),R(mo),R(mol),R(mu),R(mui),R(mí),R(míc),R(n ),R(n l),R(n),R(na),R(nan),R(ne),R(nea),R(neo),R(ni),R(nig),R(nn ),R(nn),R(nó),R(nói),R(o),R(oi),R(oib),R(oir),R(oit),R(or),R(orá),R(p),R(pá),R(pái),R(r ),R(r m),R(r),R(re),R(rei),R(rf),R(ri),R(ria),R(rid),R(ro),R(rol),R(ros),R(rt),R(ré),R(réa),R(rí),R(rím),R(río),R(ró),R(róm),R(s),R(sa),R(sao),R(se),R(sea),R(sei),R(si),R(sio),R(sl),R(sli),R(sn),R(sná),R(su),R(suí),R(sí),R(sío),R(t),R(ta),R(tac),R(tao),R(te),R(teo),R(ti),R(tit),R(to),R(ton),R(tu),R(tui),R(u),R(ul),R(ula),R(ur),R(urb),R(v),R(va),R(vai),R(vo),R(vol),R(vá),R(vás),R(á),R(át),R(áth),R(ó),R(óg),R(ógá),R(ú),R(úi),R(úir),REL,SBJV,SG,V,V.MSDR,V.PTCP,VOC
DEL(a),-,-,-,-,-,-,-,X,X,-,-,X,-,-,-,-,-,-,-,-,-,-,-,-,-,-,-,-,-,-,-,-,-,-,-,-,-,-,-,-,-,-,-,-,-,-,-,-,-,-,-,-,-,-,-,-,-,-,X,-,-,-,X,-,-,-,-,-,-,-,-,-,-,-,-,-,-,-,-,-,-,-,X,-,-,-,-,-,-,-,-,-,-,-,-,-,-,-,-,-,-,-,-,-,-,-,-,-,X,-,-,-,-,-,-,-,-,-,-,-,-,-,-,-,-,X,-,-,-,-,-,-,-,-,X,-,-,-,-,-,-,-,-,X,-,-,-,-,-,-,X,-,-,-,-,-,-,-,X,-,-,-,-,X,-,-,-,-,-,-,-,-,-,-,-,-,-,-,-,-,X,-,-,-,-,X,-,-,-,-,-,-,-,-,-,-,-,-,-,-,-,-,-,-,-,-,-,-,-,-,-,-,-,-,-,-,-,-,-,-,-,-,-,X,-,-,-,-,-,-,-,-,-,-,-,-,-,-,-,X,-,-,-,-,-,X,-,-,-,-,-,-,-,-,-,-,-,-,-,-,X,-,-,-,-,-,-,-,-,X,-,-,-,-,-,-,-,-,-,-,-,-,-,-,-,-,-,-,-,-,-,-,-,-,-,X,-,-,-,-,-,X,-,-,-,-,-,-,-,-,-,-,-,-,-,-,-,-,-,-,-,-,-,-,-,-,X,-,-,-,-,-,-,-,-,-,-,-,-,-,-,-,-,-,-,-,-,-,X,-,-,-,-,-,-,-,-,X,X,-,X,-,-,-,-,-,-,-,-,-,-,-,-,-,-,-,-,-,-,-,-,-,-,-,-,-,-,-,-,-,-,-,-,-,-,-,-,-,-,-,-,X,-,-,-,-,-,-,-,-,-,X,-,-,X,-,-,-,-,-,-,-,-,-,-,-,-,-,-,-,-,-,-,-,-,-,-,-,-,-,-,-,-,-,-,-,-,-,-,-,-,-,-,-,-,-,-,-,-,-,-,-,-,-,-,-,-,-,-,-,-,X,-,-,-,-,-,-,-,-,-,-,-,-,-,-,-,-,-,-,-,-,-,-,-,-,-,-,-,-,-,-,-,-,X,-,-,-,-,-,-,-,-,-,-,-,-,-,-,-,-,-,-,-,-,-,X,X,X,-,-,-,-,-,-,-,-,-,-,-,-,-,-,-,-,-,-,-,-,-,-,-,-,-,-,-,-,-,-,-,-,-,-,-,-,-,-,-,-,-,-,-,-,-,-,-,-,-,-,-,-,-,-,-,-,-,-,-,-,-,-,-,-,-,-,-,-,X,-,-,-,X
DEL(c),-,-,-,-,-,-,-,X,X,-,-,X,-,-,-,-,-,-,X,-,-,-,-,-,-,-,-,-,-,-,-,-,-,-,-,X,-,-,-,X,-,-,X,-,-,-,-,-,-,X,-,-,-,-,-,-,-,-,-,-,-,-,-,-,-,-,-,-,-,-,-,-,-,-,-,-,X,-,-,-,-,-,-,-,-,-,-,-,-,-,-,-,-,-,-,-,-,-,-,-,-,-,-,-,-,-,-,-,-,-,-,-,-,-,-,-,-,-,-,-,-,-,-,-,-,-,-,-,-,-,-,-,-,-,-,-,-,-,-,-,-,-,-,-,-,-,-,-,-,-,-,-,-,-,-,-,-,-,-,-,-,-,-,-,-,-,-,-,-,X,-,-,-,-,-,-,-,-,-,-,-,-,-,-,-,-,-,-,-,-,-,-,-,-,-,-,-,-,-,X,-,-,-,-,X,-,-,-,-,-,-,-,-,X,-,-,-,-,-,X,-,X,-,-,-,-,-,-,-,-,-,-,-,-,-,X,-,-,-,-,-,-,X,-,-,-,-,-,-,-,-,-,-,-,-,-,-,-,-,-,-,-,-,-,-,-,-,-,-,-,-,-,-,-,-,-,-,X,-,-,-,-,-,-,-,-,-,-,-,-,-,-,-,-,-,-,-,X,-,-,-,-,-,-,-,-,-,-,X,-,-,-,-,-,-,-,-,-,-,-,-,-,X,X,-,-,-,-,-,-,-,-,-,-,-,-,-,-,-,-,-,-,-,-,-,-,-,-,-,X,-,-,-,-,-,-,-,X,X,-,X,-,-,-,-,-,-,-,-,-,-,-,-,-,-,-,-,-,-,-,-,-,-,-,-,-,-,-,-,-,-,-,-,-,-,-,-,-,-,-,-,-,-,-,-,-,-,-,-,-,-,-,-,-,-,-,-,-,-,-,-,-,-,-,-,-,-,-,-,-,-,-,-,-,-,-,-,-,-,-,-,-,-,-,-,-,-,-,-,-,-,-,-,X,-,-,-,-,-,-,-,-,-,-,-,-,-,-,-,-,-,-,-,-,-,-,-,-,-,-,-,-,-,-,-,-,-,-,-,-,-,-,-,-,-,-,-,-,-,-,-,-,-,-,-,-,-,-,-,-,-,-,-,-,-,-,-,-,-,-,-,-,-,-,-,-,-,-,-,-,-,-,-,-,-,-,-,-,-,-,-,-,-,-,-,-,-,-,-,-,-,-,-,-,-,-,-,-,-,-,-,-,-,-,-,-,-,-,-,-,-,-,-,-,-,-,-,-,-,-,-,-,-,-,-,-,-,-,-,-,-,-,-,-,-,-,-,X,-,-,-,X
DEL(e),-,-,-,-,-,-,-,X,X,-,-,X,-,-,-,-,-,-,-,-,-,-,-,-,-,-,-,-,-,-,X,X,-,-,-,-,-,-,-,-,-,-,-,-,-,-,-,-,-,-,-,X,-,-,-,-,-,-,-,-,-,-,-,-,-,-,-,-,-,-,-,-,-,-,-,X,-,-,-,-,-,-,-,-,-,-,-,-,-,-,-,X,-,-,-,-,-,-,-,-,-,-,-,-,-,-,-,-,-,-,-,-,-,-,-,-,-,-,-,-,-,-,-,-,-,-,-,-,X,-,-,X,-,-,-,-,-,-,X,-,-,-,-,-,-,-,-,X,X,-,-,-,X,-,-,-,X,-,-,-,-,-,X,-,X,-,-,-,X,-,-,-,-,-,-,-,X,-,-,-,-,-,-,-,-,-,-,-,-,-,-,-,-,-,-,-,-,-,X,-,-,-,-,-,-,-,-,-,-,-,-,-,X,-,-,-,-,-,-,-,-,-,-,-,-,-,-,-,-,-,-,-,-,-,-,-,-,-,-,-,-,X,-,-,-,-,-,-,-,-,-,-,X,-,-,-,-,X,-,-,-,-,-,-,-,-,-,-,-,-,-,-,-,-,-,-,-,-,-,-,-,-,-,-,-,-,-,-,-,X,-,-,-,-,-,-,X,-,-,-,-,-,-,-,-,-,-,-,-,-,-,-,-,-,-,-,-,-,-,-,-,-,-,-,-,-,-,-,-,X,-,-,-,-,-,-,-,-,-,-,-,-,-,X,-,-,-,-,-,-,-,-,-,-,-,-,-,X,X,-,X,-,-,-,-,-,-,-,-,-,-,-,-,-,-,-,-,-,-,-,-,-,-,-,-,-,-,-,-,-,-,-,-,-,-,-,-,-,-,-,-,-,-,-,-,-,-,-,-,-,-,-,-,-,-,-,-,-,-,-,-,-,-,-,-,-,-,-,-,-,-,-,-,-,-,-,-,-,-,-,-,-,-,-,-,-,-,-,-,-,-,-,-,-,-,-,-,-,-,-,-,-,-,-,-,-,-,-,-,-,-,-,-,-,-,-,-,-,-,-,-,-,-,-,-,-,-,-,-,-,-,-,-,-,-,-,-,-,-,-,-,-,-,-,-,-,-,-,-,-,-,-,-,-,-,-,-,-,-,-,-,-,-,-,-,-,-,-,-,-,-,-,-,-,-,-,-,-,-,-,-,-,-,-,-,-,-,-,-,-,-,-,-,-,-,-,-,-,-,-,-,-,-,-,-,-,-,-,-,-,-,-,-,-,-,-,-,-,-,-,-,-,-,-,-,-,-,-,-,-,-,-,-,-,-,-,-,-,-,-,-,-
DEL(ea),-,-,-,-,-,-,-,X,X,-,-,X,-,-,-,X,-,X,-,-,-,-,-,-,-,-,-,-,-,-,-,-,-,-,-,-,-,-,-,-,-,-,-,-,-,-,-,-,-,-,-,X,-,-,X,-,-,-,-,-,-,-,-,X,-,-,-,-,-,-,-,-,-,-,-,-,-,-,-,-,-,-,-,-,X,-,-,-,-,-,-,-,-,-,-,-,-,-,-,-,-,X,-,-,-,X,-,-,X,-,-,-,-,-,-,-,-,-,-,-,-,-,-,-,-,-,-,-,-,-,X,-,-,-,-,-,-,-,X,-,X,-,X,-,-,-,-,X,-,-,-,-,-,-,-,-,-,-,-,-,-,-,-,-,X,-,-,-,X,-,-,-,-,-,X,-,-,-,X,-,-,-,-,-,-,-,-,-,-,-,-,-,-,-,-,-,-,-,X,-,-,-,-,X,-,-,-,-,-,-,-,-,-,-,-,-,-,-,-,-,-,-,-,-,-,-,-,-,-,-,-,-,-,-,-,-,-,-,-,-,-,-,-,-,-,-,-,-,-,-,-,-,-,-,-,-,-,-,-,-,-,-,-,-,-,-,-,-,-,-,-,-,-,-,-,-,-,-,-,-,-,-,-,-,-,-,-,-,-,-,-,-,-,-,-,-,X,-,-,-,-,-,-,-,-,-,-,-,-,-,-,X,-,X,-,-,-,-,-,-,-,-,-,-,-,-,-,-,-,-,-,-,-,X,-,-,-,-,-,-,-,-,-,-,-,-,-,-,-,-,-,-,-,X,-,-,-,X,X,-,X,-,-,-,-,-,-,-,-,-,-,-,-,-,-,-,-,-,-,-,-,-,-,-,-,-,-,-,-,-,-,-,-,-,-,-,-,-,-,-,-,-,-,-,-,-,-,-,-,-,-,-,-,-,X,-,-,X,-,-,-,-,-,-,-,-,-,-,-,-,-,-,-,-,-,-,-,-,-,-,-,-,-,-,-,-,-,-,-,X,-,-,-,-,-,-,-,-,-,-,-,-,-,-,-,-,-,-,-,-,-,-,-,-,-,-,-,-,-,-,-,-,-,-,-,-,-,-,-,X,-,-,X,-,-,-,-,-,-,-,-,-,-,-,X,-,-,-,-,-,-,-,-,X,-,-,-,-,-,-,-,-,-,-,-,-,-,-,X,-,-,-,-,-,-,-,-,-,X,-,-,-,-,-,-,-,X,-,-,-,-,-,-,-,-,-,-,-,-,-,-,-,-,-,-,-,-,-,-,-,-,-,-,-,-,-,-,-,-,-,-,-,-,-,-,-,-,-,-,-,-,-,-,-,-,-,-,X,-,-,-,X
DEL(g),X,X,-,X,-,-,X,-,-,-,X,-,X,-,X,-,-,-,-,-,-,-,-,-,-,-,-,X,-,-,-,-,-,-,-,-,-,-,-,-,-,-,-,-,-,-,-,-,-,-,-,-,-,-,-,-,-,-,-,-,-,X,-,-,-,X,-,-,-,-,-,X,-,-,-,-,-,-,-,X,-,-,-,-,-,-,-,-,-,-,-,-,-,-,-,X,-,-,-,-,-,-,-,-,-,-,-,-,-,-,X,-,-,-,-,-,-,-,-,X,-,-,-,-,-,-,X,-,-,-,-,-,-,X,-,-,-,-,-,-,-,X,-,-,-,X,-,-,-,-,-,-,-,-,-,-,-,-,-,-,-,-,-,-,-,-,-,-,-,-,-,-,-,-,-,X,-,-,-,-,-,-,-,-,-,-,-,-,-,-,-,-,-,X,-,-,-,-,-,-,-,X,-,-,-,-,-,-,-,-,X,-,-,-,-,-,-,-,-,-,-,-,-,-,-,-,-,X,-,-,-,-,-,-,-,-,-,-,-,-,-,-,-,-,X,-,-,-,-,-,-,X,-,-,-,-,-,-,-,-,-,X,-,-,-,-,-,-,X,-,-,-,-,-,-,-,-,-,-,-,-,-,X,-,-,-,-,-,X,-,-,-,-,-,-,-,-,-,X,-,-,-,-,-,-,-,-,-,-,-,-,-,-,-,-,-,-,-,-,X,-,-,-,-,-,-,-,-,-,-,-,-,-,-,-,-,-,X,-,-,-,-,-,-,-,-,-,-,-,-,-,-,-,-,-,-,-,X,-,-,X,X,X,-,-,-,-,-,-,-,-,-,-,-,-,-,-,-,-,-,-,-,-,-,-,-,-,-,-,-,-,-,-,-,-,-,-,-,-,-,-,-,-,-,-,-,-,-,-,-,-,-,-,-,-,-,-,-,-,-,-,-,-,-,-,-,-,-,-,-,-,-,-,-,-,-,-,-,-,-,-,-,-,-,-,-,-,-,-,-,-,-,-,X,-,-,-,-,-,-,-,-,-,-,-,-,-,-,-,-,-,-,-,-,-,-,-,-,-,-,-,-,-,-,-,-,-,-,-,-,-,-,-,-,-,-,-,-,-,-,-,-,-,-,-,-,-,-,-,-,-,-,-,-,-,-,-,-,-,-,-,-,-,-,-,-,-,-,-,-,-,-,-,-,-,-,-,-,-,-,-,-,-,-,-,-,-,-,-,-,-,-,-,-,-,-,-,-,-,-,-,-,-,-,-,-,-,-,-,-,-,-,-,-,-,-,-,-,-,-,-,-,-,-,-,-,-,-,-,-,-,-,-,-,-,-,X,X,X,-,X,X
DEL(gh),X,-,X,X,-,-,-,-,-,-,X,-,X,X,X,-,-,-,-,-,-,-,-,-,-,-,-,X,-,-,-,-,-,-,-,-,-,-,-,-,-,-,-,-,-,-,-,-,-,-,-,-,-,-,-,-,-,-,-,-,-,-,-,-,-,-,-,-,-,-,-,-,-,-,-,-,-,-,-,-,-,-,-,-,-,-,-,-,-,-,-,-,-,-,-,X,-,X,-,-,-,-,-,-,-,-,-,-,-,-,X,-,-,-,-,-,-,-,-,-,-,-,-,-,-,-,X,-,-,-,-,-,-,-,-,-,-,-,-,-,-,X,-,-,-,X,-,-,-,-,-,-,-,-,X,-,-,-,-,-,-,X,-,-,-,-,-,-,-,-,X,-,-,-,-,X,-,-,-,-,-,-,-,-,-,-,-,-,-,-,-,-,-,X,-,-,-,-,-,-,-,X,-,-,-,-,-,-,-,-,X,-,-,-,-,X,-,-,-,-,-,-,-,-,-,-,-,X,-,-,-,-,-,-,-,-,-,-,-,-,-,-,-,-,X,-,-,-,-,-,-,X,-,-,-,-,-,-,-,-,-,-,-,-,-,-,-,-,-,-,-,-,-,-,X,-,-,-,X,-,-,-,-,-,-,-,X,-,X,-,-,-,X,-,-,-,-,-,X,-,-,-,-,-,X,-,-,-,-,-,-,-,-,-,-,-,-,-,-,X,-,-,-,-,-,-,-,-,-,-,-,-,-,-,-,-,-,-,-,-,-,-,-,-,-,-,-,-,-,-,-,-,X,-,-,-,-,-,-,-,X,X,X,-,-,-,-,-,-,-,-,-,-,-,-,-,-,-,-,-,-,-,-,-,-,-,-,-,-,-,-,-,-,-,-,-,-,-,-,-,-,-,-,-,-,-,-,-,-,-,-,-,-,-,-,-,-,-,-,-,-,-,-,-,-,-,-,-,-,-,-,-,-,-,-,-,-,-,-,-,-,-,-,-,-,-,-,-,-,-,-,-,-,-,-,-,-,-,-,-,-,-,-,-,-,-,-,-,-,-,-,-,-,-,-,-,-,-,-,-,-,-,-,-,-,-,-,-,-,-,-,-,-,-,-,-,-,-,-,-,-,-,-,-,-,-,-,-,-,-,-,-,-,-,-,-,-,-,-,-,-,-,-,-,-,-,-,-,-,-,-,-,-,-,-,-,-,-,-,-,-,-,-,-,-,-,-,-,-,-,-,-,-,-,-,-,-,-,-,-,-,-,-,-,-,-,-,-,-,-,-,-,-,-,-,-,-,-,-,-,-,-,-,-,-,-,-,-,-,-,-,-,-,-,-,-,X,-,X,-,-,-
DEL(i),X,X,X,X,-,X,X,X,X,-,-,X,X,X,X,-,-,-,X,-,-,-,-,-,-,X,X,-,-,X,-,-,-,X,-,-,-,-,-,-,X,-,-,-,-,-,X,-,-,-,-,-,-,-,-,-,-,-,-,-,-,-,-,-,-,-,X,-,-,X,-,-,-,X,-,-,X,-,-,-,-,X,-,-,-,-,-,-,-,-,-,-,-,X,-,-,-,-,X,-,-,X,X,X,-,-,-,-,X,X,-,X,-,-,-,-,-,-,-,-,-,-,-,-,-,-,-,-,-,-,-,-,-,-,-,X,-,X,-,-,-,-,X,-,X,-,-,-,-,-,-,-,-,-,-,-,-,-,-,-,-,-,-,-,X,-,X,X,X,X,-,-,-,-,-,-,-,X,X,-,-,-,-,-,-,-,-,-,-,X,-,-,-,-,-,-,-,-,-,-,-,-,-,-,-,-,-,X,-,X,-,-,-,-,-,-,-,-,-,-,X,-,-,-,X,-,-,-,-,-,X,-,-,-,-,-,-,-,-,-,-,-,-,-,-,-,-,-,-,-,-,-,-,-,-,-,-,-,-,X,-,-,-,-,-,-,-,-,-,-,-,-,X,-,-,-,-,-,-,-,-,-,-,X,-,-,-,-,-,-,-,-,-,X,X,-,X,X,-,-,-,-,X,-,-,-,-,X,-,-,-,-,-,-,X,-,-,-,X,-,-,-,-,-,-,-,-,-,-,-,-,-,-,-,-,-,-,-,-,-,X,X,-,-,-,-,-,X,-,X,-,-,-,-,-,-,X,X,X,-,X,X,X,-,-,-,-,-,-,-,-,-,-,-,-,-,-,-,-,-,-,-,-,-,-,-,-,-,-,-,-,-,-,-,-,-,-,-,-,-,-,X,-,-,-,-,-,-,-,-,-,-,-,-,-,-,-,-,-,-,-,-,-,-,-,-,-,-,-,-,-,-,-,-,-,-,-,-,-,-,-,-,X,X,X,-,-,-,-,-,-,-,-,-,-,-,-,-,-,-,-,-,-,-,-,-,-,-,-,-,-,X,-,-,-,-,-,-,X,X,-,-,-,-,-,-,-,-,-,-,-,-,-,-,-,-,-,-,-,-,-,-,-,-,X,-,-,-,-,-,-,-,X,X,-,-,-,-,-,-,-,-,-,-,-,-,-,-,X,-,-,-,-,-,-,-,-,-,X,-,-,-,-,-,-,-,-,-,-,-,-,-,-,-,-,-,-,-,-,-,-,-,-,-,-,-,-,-,-,-,-,-,-,-,-,-,-,-,-,-,-,-,-,-,-,-,-,-,-,-,-,-,-,-,-,-,X,X,X,X,-,-
DEL(ig),-,-,-,X,-,X,X,-,-,-,-,-,X,X,X,-,-,-,X,-,-,-,-,-,-,-,-,-,-,-,-,-,-,-,-,-,-,-,-,-,-,-,-,-,-,-,-,-,X,-,-,-,-,-,-,-,-,-,-,-,-,-,-,-,-,-,-,-,-,-,-,-,-,-,-,-,-,-,-,-,-,-,-,-,-,-,-,-,-,-,-,-,-,-,-,-,-,-,-,-,-,-,-,-,X,-,-,X,-,-,-,-,-,-,-,X,-,-,-,-,-,X,-,X,-,-,-,-,-,-,-,-,-,-,-,-,-,-,-,-,-,-,-,-,-,-,X,-,-,-,-,-,X,-,-,-,-,-,-,-,-,-,X,-,-,-,-,-,-,-,-,-,-,-,-,-,-,-,-,-,-,-,-,X,-,-,-,-,-,-,-,-,-,-,-,-,X,-,X,-,-,-,-,-,-,-,-,-,-,-,-,-,-,-,-,-,-,X,-,-,-,-,-,-,-,-,-,-,-,-,-,-,-,-,-,-,-,-,-,-,-,X,X,-,-,-,-,-,-,-,-,-,-,-,-,-,-,-,-,-,-,-,-,X,-,-,-,-,-,-,-,-,-,-,-,-,-,X,-,-,-,-,-,-,-,-,-,-,-,X,-,-,-,-,-,-,X,X,-,-,-,-,-,-,-,-,-,-,-,-,X,-,-,-,-,-,-,-,-,-,-,-,-,-,-,-,-,-,-,-,X,-,-,-,-,-,-,-,-,-,-,-,-,-,-,-,-,-,-,-,-,-,-,-,-,-,-,-,-,-,-,-,X,-,-,-,-,-,-,-,-,-,-,-,-,-,-,-,-,-,-,-,-,-,-,-,-,-,-,-,-,-,-,-,-,-,-,-,-,-,-,-,-,-,-,-,-,-,-,-,-,-,-,-,-,-,-,-,-,-,-,-,-,-,-,-,-,-,-,-,-,-,-,-,-,-,-,-,-,-,-,-,-,-,-,-,-,-,-,-,-,-,-,X,-,-,-,-,-,-,-,-,-,-,-,-,-,-,-,-,-,-,-,-,-,-,-,-,-,-,-,-,-,-,-,-,-,-,-,-,-,-,-,-,-,-,-,-,-,-,-,-,-,-,-,-,-,-,-,-,-,-,-,-,-,-,-,-,-,-,-,-,-,-,-,-,-,-,-,-,-,-,-,-,-,-,-,-,-,-,-,-,-,-,-,-,-,-,-,-,-,-,-,-,-,-,-,-,-,-,-,-,-,-,-,-,-,-,-,-,-,-,-,-,-,-,-,-,-,-,-,-,-,-,-,-,-,-,-,-,-,-,-,-,-,X,X,X,X,-,-,-
DEL(igh),X,X,X,X,-,X,X,-,-,-,X,-,X,X,X,-,-,-,X,-,-,-,-,-,-,-,-,-,-,-,-,-,X,-,-,X,-,-,-,X,-,-,-,-,-,-,-,-,X,-,-,-,-,-,-,X,X,-,-,-,X,-,-,X,X,-,-,-,-,-,-,-,-,-,-,X,X,-,-,-,X,-,-,-,-,-,-,-,-,-,X,-,X,-,-,-,-,-,-,-,-,-,-,-,-,-,X,-,-,X,-,-,-,X,-,-,X,-,X,-,-,X,-,X,X,-,-,-,-,-,X,X,-,-,-,-,-,-,X,-,-,-,-,-,-,-,X,-,X,-,-,-,X,-,-,X,-,-,-,X,X,-,X,-,-,-,-,-,X,X,-,-,-,-,-,-,-,-,-,-,-,X,X,-,-,-,-,X,-,X,-,-,X,-,-,-,X,-,X,X,-,-,-,-,-,-,-,-,-,-,-,X,X,X,-,-,-,-,-,-,-,-,-,-,-,-,-,-,X,-,X,-,-,X,-,-,-,-,-,-,-,X,X,-,-,-,-,-,-,-,-,-,-,-,-,X,-,-,-,-,-,-,-,-,-,-,X,-,-,-,-,-,-,-,-,-,X,X,-,-,X,X,-,-,-,X,-,-,-,X,X,-,-,-,-,-,X,X,-,-,-,-,X,-,-,-,-,-,-,X,-,-,X,-,-,-,-,-,X,-,X,-,-,-,-,X,-,-,-,-,-,-,-,-,-,-,X,-,-,-,-,-,-,-,-,X,-,-,-,-,-,X,-,-,-,X,-,X,X,-,X,X,X,-,-,-,-,-,-,-,-,-,-,-,-,-,-,-,-,-,-,-,-,-,-,-,-,-,-,-,-,-,-,-,-,-,-,-,-,-,-,-,-,-,-,-,-,-,-,-,-,-,-,-,-,-,-,-,-,-,-,-,-,-,-,-,-,-,-,-,-,-,-,-,-,-,-,-,-,-,-,-,-,-,-,-,-,-,-,-,-,-,-,-,-,-,-,-,-,-,-,-,-,-,-,-,-,-,-,-,-,-,-,-,-,-,-,-,-,-,-,-,-,-,-,-,-,-,-,-,-,-,-,-,-,-,-,-,-,-,-,-,-,-,-,-,-,-,-,-,-,-,-,-,-,-,-,-,-,-,-,-,-,-,-,-,-,-,-,-,-,-,-,-,-,-,-,-,-,-,-,-,-,-,-,-,-,-,-,-,-,-,-,-,-,-,-,-,-,-,-,-,-,-,-,-,-,-,-,-,-,-,-,-,-,-,-,-,-,-,-,-,-,-,-,-,-,-,-,-,-,-,-,-,-,X,X,X,X,-,-,-
DEL(m),-,X,-,-,-,-,-,-,-,-,-,-,-,-,-,-,-,-,-,-,-,-,-,-,-,-,-,-,-,-,-,-,-,-,-,-,-,-,-,-,-,-,-,-,-,-,-,-,-,-,-,-,-,-,-,-,-,-,-,-,-,-,-,-,-,-,-,-,-,-,-,-,-,-,-,-,-,-,-,-,-,-,-,-,-,-,-,-,-,-,-,-,-,-,-,-,-,-,-,-,-,-,-,-,-,-,-,-,-,-,-,-,-,-,-,-,-,-,-,-,-,-,-,-,-,-,X,-,-,-,-,-,-,-,-,-,-,-,-,-,-,-,-,-,-,-,-,-,-,-,-,-,-,-,-,-,-,-,-,-,-,-,-,-,-,-,-,-,-,-,-,-,-,-,-,X,-,-,-,-,-,-,-,-,-,-,-,-,-,-,-,-,-,-,-,-,-,-,-,-,-,-,-,-,-,-,-,-,-,-,-,-,-,-,-,-,-,-,-,-,-,-,-,-,-,-,-,-,-,-,-,-,-,-,-,-,-,-,-,-,-,-,-,-,-,-,-,-,-,-,-,-,-,-,-,-,-,-,-,-,-,-,-,-,-,-,-,-,-,-,-,-,-,-,-,-,-,-,-,-,-,-,-,-,-,-,-,-,-,-,-,-,-,-,-,-,-,-,-,-,-,-,-,-,-,-,-,-,-,-,-,-,-,-,-,-,-,-,-,-,-,-,-,-,-,-,-,-,-,-,-,-,-,-,-,X,-,-,-,-,-,-,-,-,-,-,-,-,-,-,-,-,-,-,-,-,-,-,-,-,X,X,-,-,-,-,-,-,-,-,-,-,-,-,-,-,-,-,-,-,-,-,-,-,-,-,-,-,-,-,-,-,-,-,-,-,-,-,-,-,-,-,-,-,-,-,-,-,-,-,-,-,-,-,-,-,-,-,-,-,-,-,-,-,-,-,-,-,-,-,-,-,-,-,-,-,-,-,-,-,-,-,-,-,-,-,-,-,-,-,-,-,-,-,-,-,-,-,-,-,-,-,-,-,-,-,-,-,-,-,-,-,-,-,-,-,-,-,-,-,-,-,-,-,-,-,-,-,-,-,-,-,-,-,-,-,-,-,-,-,-,-,-,-,-,-,-,-,-,-,-,-,-,-,-,-,-,-,-,-,-,-,-,-,-,-,-,-,-,-,-,-,-,-,-,-,-,-,-,-,-,-,-,-,-,-,-,-,-,-,-,-,-,-,-,-,-,-,-,-,-,-,-,-,-,-,-,-,-,-,-,-,-,-,-,-,-,-,-,-,-,-,-,-,-,-,-,-,-,-,-,-,-,-,-,-,X,-,X,-,-,-
DEL(á),-,-,-,-,-,-,-,-,-,-,-,-,-,-,-,-,-,-,-,-,-,-,-,-,-,-,-,-,-,-,-,-,-,-,-,-,-,-,-,-,-,-,-,-,-,-,-,-,-,-,-,-,-,-,-,-,-,-,-,-,-,-,-,-,-,-,-,-,-,-,-,-,-,-,-,-,-,-,-,-,-,-,-,-,-,-,-,-,-,-,-,-,-,-,-,-,-,-,-,-,-,-,-,-,-,-,-,-,-,-,-,-,X,-,-,-,-,-,-,-,-,-,-,-,-,-,-,-,-,-,-,-,-,-,-,-,-,-,-,-,-,-,-,-,-,-,-,-,-,-,-,-,-,-,-,-,-,-,-,-,-,-,-,-,-,-,-,-,X,-,-,-,-,-,-,-,-,-,-,-,-,-,-,-,-,-,-,-,-,-,-,-,-,-,-,-,-,-,-,-,-,-,-,-,-,-,-,-,-,-,-,-,-,-,-,-,-,-,-,-,-,-,-,-,-,-,-,-,-,-,-,-,-,-,-,-,-,-,-,-,-,-,-,-,-,-,-,-,-,-,-,-,-,-,-,-,-,-,-,-,-,-,-,-,-,-,-,-,-,-,-,-,-,-,-,-,-,-,-,-,-,-,-,-,-,-,-,-,-,-,-,-,-,-,-,-,-,-,-,-,-,-,-,X,-,-,-,-,-,-,-,-,-,-,-,-,-,-,-,-,-,-,-,-,-,-,-,-,-,-,-,-,-,-,-,-,-,-,-,-,-,-,-,-,-,-,-,-,-,-,-,-,-,-,-,-,-,X,-,-,X,-,-,-,-,-,-,-,-,-,-,-,-,-,-,-,-,-,-,-,-,-,-,-,-,-,-,-,-,-,-,-,-,-,-,-,-,-,-,-,-,-,-,-,-,-,-,-,-,-,-,-,-,-,-,-,-,-,-,-,-,-,-,-,-,-,-,-,-,-,-,-,-,-,-,-,-,-,-,-,-,-,-,-,-,-,-,-,-,-,-,-,-,-,-,-,-,-,-,-,-,-,-,-,-,-,-,-,-,-,-,-,-,-,-,-,-,-,-,-,-,-,-,-,-,-,-,-,-,-,-,-,-,-,-,-,-,-,-,-,-,-,-,-,-,-,-,-,-,-,-,-,-,-,-,-,-,-,-,-,-,-,-,-,-,-,-,-,-,-,-,-,-,-,-,-,-,-,-,-,-,-,-,-,-,-,-,-,-,-,-,-,-,-,-,-,-,-,-,-,-,-,-,-,-,-,-,-,-,-,-,-,-,-,-,-,-,-,-,-,-,-,-,-,-,-,-,-,-,-,-,-,-,-,-,-,-,-,-,-,-,X
DEL(í),-,-,-,-,-,-,-,X,X,-,-,-,-,-,-,-,-,-,X,-,-,-,-,X,-,-,-,-,-,-,-,-,-,-,-,-,-,-,-,-,-,-,-,-,-,-,-,-,-,-,-,-,X,-,-,-,-,-,-,-,-,-,-,-,-,-,-,-,-,-,-,-,-,-,-,-,X,-,-,-,-,-,-,-,-,-,-,-,-,-,-,-,-,-,-,-,-,-,-,-,-,-,-,-,-,-,-,-,-,-,-,-,-,-,-,-,-,-,-,-,-,-,-,-,-,-,-,-,-,-,-,-,-,-,-,-,-,-,-,-,-,-,-,-,-,-,-,-,-,-,-,-,-,-,-,-,-,-,-,-,-,-,-,-,-,-,-,-,-,X,-,X,-,-,-,-,-,-,-,X,-,-,-,-,-,-,-,-,-,-,-,-,-,-,-,-,-,-,-,X,-,-,-,-,-,-,-,-,-,-,-,-,-,-,-,-,-,-,-,X,-,-,-,-,-,-,-,-,-,-,X,-,-,-,-,-,-,-,-,-,-,-,-,-,-,-,-,-,-,-,-,-,-,-,-,-,-,-,-,-,-,-,-,-,-,-,-,-,-,-,-,-,-,-,-,-,-,-,-,-,-,-,-,-,-,-,-,-,-,-,X,-,-,-,-,-,-,X,-,-,-,-,-,-,-,-,-,-,-,-,-,-,-,-,-,X,-,-,-,-,-,-,-,-,-,-,-,-,-,-,-,-,-,-,-,-,-,-,-,-,-,-,-,-,-,-,X,-,-,-,-,-,-,-,-,-,-,X,X,-,X,-,-,-,-,-,-,-,-,-,-,-,-,-,-,-,-,-,-,-,-,-,-,-,-,-,-,-,-,-,-,-,-,-,-,-,-,-,-,-,-,-,-,-,-,-,-,-,-,-,-,-,-,-,-,-,-,-,-,-,-,-,-,-,-,-,-,-,-,-,-,-,-,-,-,-,-,-,-,-,-,-,-,-,-,-,-,-,-,-,-,-,-,-,-,-,-,-,-,-,-,-,-,-,-,-,-,-,-,-,-,-,-,-,-,-,-,-,-,-,-,-,-,-,-,-,-,-,-,-,-,-,-,-,-,-,-,-,-,-,-,-,-,-,-,-,-,-,-,-,-,-,-,-,-,-,-,-,-,-,-,-,-,-,-,-,-,-,-,-,-,-,-,-,-,-,-,-,-,-,-,-,-,-,-,-,-,-,-,-,-,-,-,-,-,-,-,-,-,-,-,-,-,-,-,-,-,-,-,-,-,-,-,-,-,-,-,-,-,-,-,-,-,-,-,-,-,-,-,-,-,-,-,-,-,-,-,-,-,-,-,X
DEL(ú),-,-,-,-,-,-,-,X,X,-,-,X,-,-,-,-,-,-,-,-,-,-,-,-,-,-,-,-,-,-,-,-,-,-,X,-,-,-,-,-,-,-,-,-,-,-,-,-,-,-,X,-,-,-,-,-,-,-,-,X,-,-,-,-,-,-,-,-,-,-,-,-,-,-,-,X,-,-,-,-,-,-,-,-,-,-,-,-,-,-,-,-,-,-,-,-,-,-,-,-,-,-,-,-,-,-,-,-,X,-,-,-,-,-,-,-,-,-,-,-,-,-,-,-,-,-,X,-,-,-,-,-,-,-,-,-,-,-,-,-,-,-,-,-,-,-,-,-,-,-,-,-,-,-,-,-,-,-,-,-,-,-,-,-,-,-,-,-,X,-,-,-,-,-,-,-,-,-,-,-,-,-,-,-,-,-,-,-,-,-,-,-,-,-,-,-,-,-,X,-,-,-,-,-,-,-,-,-,-,-,-,-,-,-,-,-,-,-,-,-,-,-,-,-,-,-,-,-,-,-,-,-,-,-,-,-,-,-,-,-,-,-,-,-,-,-,-,-,-,-,-,X,-,-,-,-,-,-,-,-,-,-,-,-,-,-,-,-,-,-,-,-,-,X,-,X,-,-,-,X,-,-,-,-,-,-,-,-,-,-,-,-,-,-,-,-,-,-,-,-,-,X,-,-,-,-,X,-,-,-,-,-,-,-,-,-,X,-,-,-,-,-,-,-,-,-,-,-,-,-,-,-,-,-,-,-,-,-,-,-,-,-,-,-,-,-,-,-,-,-,X,-,-,-,X,-,-,X,X,-,X,-,-,-,-,-,-,-,-,-,-,-,-,-,-,-,-,-,-,-,-,-,-,-,-,-,-,-,-,-,-,-,-,-,-,-,-,-,-,-,-,-,-,-,-,-,-,-,-,-,-,-,-,-,-,-,-,-,-,-,-,-,-,-,-,-,-,-,-,-,-,-,-,-,-,-,-,-,-,-,-,-,-,-,-,-,-,-,-,-,-,-,-,-,-,-,-,-,-,-,-,-,-,-,-,-,-,-,-,-,-,-,-,-,-,-,-,-,-,-,-,-,-,-,-,-,-,-,-,-,-,-,-,-,-,-,-,-,-,-,-,-,-,-,-,-,-,-,-,-,-,-,-,-,-,-,-,-,-,-,-,-,-,-,-,-,-,-,-,-,-,-,-,-,-,-,-,-,-,-,-,-,-,-,-,-,-,-,-,-,-,-,-,-,-,-,-,-,-,-,-,-,-,-,-,-,-,-,-,-,-,-,-,-,-,-,-,-,-,-,-,-,-,-,-,-,-,-,-,-,-,-,-,-,-,-,-,X,-,-,-,-
INS(a ),-,-,-,-,-,-,-,-,-,-,-,-,-,-,X,-,-,-,-,-,-,-,-,-,-,-,-,-,-,-,-,-,-,-,-,-,-,-,-,-,-,-,-,-,-,-,-,-,-,-,-,-,-,-,-,-,-,-,-,-,-,-,-,-,-,-,-,-,-,-,-,-,-,-,-,-,-,-,-,-,-,-,-,-,-,-,-,-,-,-,-,-,-,-,-,-,-,-,-,-,-,-,-,-,-,-,-,-,-,-,-,-,-,-,-,-,-,-,-,-,-,-,-,-,-,-,-,-,-,-,-,-,-,-,-,-,-,-,-,-,-,-,-,-,-,-,-,-,-,-,-,-,-,-,-,-,-,-,-,-,-,-,-,-,-,-,-,-,-,-,-,-,-,-,-,-,-,-,-,-,-,-,-,-,-,-,-,-,-,-,-,-,-,-,-,-,-,-,-,-,-,-,-,-,-,-,-,-,-,-,-,-,-,-,-,-,-,-,-,-,-,-,-,-,-,-,-,-,-,-,-,-,-,-,-,-,-,-,-,-,-,-,-,-,-,-,-,-,-,-,-,-,-,-,-,-,-,-,-,-,-,-,-,-,-,-,-,-,-,-,-,-,-,-,-,-,-,-,-,-,-,-,-,-,-,-,-,-,-,-,-,-,-,-,-,-,-,-,-,-,-,-,-,-,-,-,-,-,-,-,-,-,-,-,-,-,-,-,-,-,-,-,-,-,-,-,-,-,-,-,-,-,-,-,-,-,-,-,-,-,-,-,-,-,-,-,-,-,-,-,-,-,-,-,-,-,-,X,-,-,-,-,X,-,-,-,-,-,-,-,-,-,-,-,-,-,-,X,X,X,-,-,-,X,X,-,X,-,X,-,-,-,-,-,-,-,-,-,-,-,-,-,-,-,-,-,-,-,-,-,-,-,-,-,-,-,-,-,-,-,-,-,-,-,-,-,-,-,-,X,-,-,-,-,-,X,-,-,X,-,-,-,-,-,-,-,-,-,-,-,-,-,-,X,-,-,-,-,-,-,X,X,-,-,-,X,-,-,X,X,-,X,-,-,X,X,-,X,-,-,-,-,X,X,X,X,X,-,X,-,-,-,-,-,-,-,-,-,-,-,-,-,-,-,X,X,X,X,-,X,X,X,-,-,-,-,X,X,-,X,-,X,X,-,-,-,-,-,X,-,-,-,X,X,-,X,X,X,-,X,X,-,-,-,-,-,-,-,-,-,-,-,-,-,-,-,-,-,-,-,-,-,-,-,-,-,-,-,-,-,-,-,-,-,X,X,X,-,-,-,-,-,-,-,-,-,-,-,-,-,-,-,-,-,-,X,-,X,X,-,-,X
INS(a),-,-,-,-,X,-,-,X,X,-,-,X,-,-,-,-,-,-,-,-,-,X,-,-,-,-,-,-,-,-,-,-,-,-,-,-,-,-,-,-,-,-,-,X,X,X,-,-,-,-,-,-,-,-,-,-,-,-,-,-,-,-,-,X,-,-,-,-,X,-,X,-,-,-,-,-,-,-,-,-,-,-,-,-,-,-,-,-,-,-,-,-,-,-,X,-,-,-,-,-,-,X,-,X,-,-,-,-,X,-,-,-,-,-,-,-,-,X,-,-,-,-,X,-,-,-,-,-,-,-,-,-,-,-,-,-,-,-,-,-,-,-,-,-,-,-,-,-,-,-,-,X,X,-,-,-,-,-,-,-,-,-,-,-,-,-,-,-,-,-,-,-,-,-,-,-,-,-,-,-,-,-,-,-,-,-,-,-,-,-,-,-,-,-,-,-,-,-,X,-,-,-,-,-,-,-,-,-,-,-,-,-,-,-,-,-,-,-,-,-,-,-,-,-,-,X,X,-,-,X,-,-,X,-,X,-,X,-,-,-,-,X,-,-,-,-,X,-,-,-,-,-,-,-,-,-,-,-,-,-,-,-,X,-,-,X,-,-,-,-,-,-,-,-,-,-,X,-,-,-,X,-,-,-,-,-,-,-,-,-,-,-,-,-,-,-,X,-,-,-,-,-,-,-,-,-,-,-,-,-,-,-,-,-,-,-,-,-,-,-,-,-,-,-,-,-,-,-,-,-,-,-,-,-,-,-,-,-,-,-,-,-,X,-,-,X,-,-,-,-,-,-,-,-,-,-,-,X,X,-,X,-,-,X,X,X,-,-,-,-,-,-,-,-,-,-,-,-,-,-,-,-,-,-,-,-,-,-,-,-,-,-,-,-,-,-,-,-,-,-,-,-,-,-,-,-,-,-,-,-,-,-,-,-,-,-,-,-,-,-,-,-,-,-,-,-,-,-,-,-,-,-,-,-,-,-,-,-,-,-,-,-,-,-,-,-,-,-,-,-,-,-,-,-,-,-,-,-,-,-,-,-,-,-,-,-,-,-,-,-,-,-,-,-,-,-,-,-,-,-,-,-,-,-,-,-,-,-,-,-,-,-,-,-,-,-,-,-,-,-,-,-,-,-,-,-,-,-,-,-,-,-,-,-,-,-,-,-,-,-,-,-,-,-,-,-,-,-,-,-,-,-,-,-,-,-,-,-,-,-,-,-,-,-,-,-,-,-,-,-,-,-,-,-,-,-,-,-,-,-,-,-,-,-,-,-,-,-,-,-,-,-,-,-,-,-,-,-,-,-,-,-,-,-,-,-,-,-,-,-,-,-,-,-,-,-,-,X,-,-,-,X
INS(an ),-,-,-,-,-,-,-,-,X,-,-,X,-,-,-,-,-,-,-,-,-,-,-,-,-,-,-,-,-,-,-,-,-,-,-,-,-,-,-,-,-,-,-,-,-,-,-,-,-,-,-,-,-,-,-,-,-,-,-,-,-,-,-,-,-,-,-,-,-,-,-,-,-,-,-,-,-,-,-,-,-,-,-,-,-,-,-,-,-,-,-,-,-,-,-,-,-,-,-,-,-,-,-,-,-,-,-,-,-,-,-,-,-,-,-,-,-,-,-,-,-,-,-,-,-,-,-,-,-,-,-,-,-,-,-,-,-,-,-,-,-,-,-,-,-,-,-,-,-,-,-,-,-,-,-,-,-,-,-,-,-,-,-,-,-,-,-,-,-,-,-,-,-,-,-,-,-,-,-,-,-,-,-,-,-,-,-,-,-,-,-,-,-,-,-,-,-,-,-,-,-,-,-,-,-,-,-,-,-,-,-,-,-,-,-,-,-,-,-,-,-,-,-,-,-,-,-,-,-,-,-,-,-,-,-,-,-,-,-,-,-,-,-,-,-,-,-,-,-,-,-,-,-,-,-,-,-,-,-,-,-,-,-,-,-,-,-,-,-,-,-,-,-,-,-,-,-,-,-,-,-,-,-,-,-,-,-,-,-,-,-,-,-,-,-,-,-,-,-,-,-,-,-,-,-,-,-,-,-,-,-,-,-,-,-,-,-,-,-,-,-,-,-,-,-,-,-,-,-,-,-,-,-,-,-,-,-,-,-,-,-,-,-,-,-,-,-,-,-,-,-,-,-,-,-,-,-,X,X,-,-,-,-,-,-,-,X,-,-,X,X,-,-,-,X,X,X,X,-,-,-,-,-,-,-,-,-,-,-,-,X,X,-,-,-,-,X,X,X,X,X,X,X,X,X,X,X,X,X,X,X,-,X,X,X,X,X,-,X,X,X,X,X,-,-,X,X,-,-,X,X,X,-,-,-,X,X,-,-,X,X,X,X,-,-,X,X,X,X,X,X,X,X,X,-,-,-,-,X,X,-,-,-,X,X,-,-,-,-,-,-,X,-,-,X,-,X,-,-,-,-,-,-,-,-,-,-,-,-,X,-,-,-,-,-,-,X,X,-,-,-,-,-,-,-,-,-,-,-,-,-,-,-,-,-,-,X,X,X,-,-,-,-,X,X,X,-,-,X,X,X,-,X,X,X,-,-,-,-,X,X,X,X,X,X,X,X,X,X,X,X,X,X,X,-,-,X,X,X,X,-,-,X,X,-,X,X,X,-,-,X,X,-,-,-,-,-,-,-,X,X,X,X,X,-,-,-,-,-,X,X,X,-,-,-,-,-,X,-,-,-,-
INS(anna),-,-,-,-,-,-,-,X,-,-,-,X,-,-,-,-,-,-,-,-,-,-,X,-,-,-,-,-,-,-,-,-,-,-,-,-,-,-,-,-,-,X,-,-,X,-,-,X,-,-,-,-,-,-,-,-,-,X,-,-,-,-,-,-,-,-,-,-,X,-,X,-,-,-,-,X,-,-,-,-,-,-,-,-,-,X,-,-,X,X,-,-,-,-,-,-,-,-,-,X,-,-,-,-,-,-,-,-,X,-,-,-,-,-,-,-,-,-,-,-,-,-,X,-,-,-,-,-,-,-,-,-,-,-,-,-,X,-,-,-,-,-,-,-,-,-,-,-,-,-,-,-,-,-,-,-,-,-,-,-,-,-,-,-,-,-,-,-,-,-,-,-,-,-,-,-,-,-,-,-,-,-,-,-,-,-,-,-,-,-,-,-,-,-,-,-,-,-,-,-,-,-,X,-,-,-,-,-,-,-,-,-,-,-,-,-,-,-,-,-,-,-,-,-,-,X,-,-,-,-,-,-,-,-,-,-,-,X,-,-,-,X,-,-,-,-,-,-,-,-,-,-,-,-,-,-,-,-,-,-,-,-,X,-,-,-,-,-,-,-,-,-,-,-,-,-,X,-,-,-,-,-,-,-,-,-,-,-,-,-,-,-,-,-,-,-,X,-,-,-,-,-,-,-,-,-,-,-,-,-,-,-,-,-,-,-,-,-,-,-,-,-,-,-,-,-,-,-,-,-,-,-,-,-,-,-,-,-,-,-,-,-,-,-,-,-,-,-,-,-,-,-,-,-,-,-,-,X,X,-,X,-,-,-,-,-,-,-,-,-,-,-,-,-,-,-,-,-,-,-,-,-,-,-,-,-,-,-,-,-,-,-,-,-,-,-,-,-,-,-,-,-,-,-,-,-,-,-,-,-,-,-,-,-,-,-,-,-,-,-,-,-,-,-,-,-,-,-,-,-,-,-,-,-,-,-,-,-,-,-,-,-,-,-,-,-,-,-,-,-,-,-,-,-,-,-,-,-,-,-,-,-,-,-,-,-,-,-,-,-,-,-,-,-,-,-,-,-,-,-,-,-,-,-,-,-,-,-,-,-,-,-,-,-,-,-,-,-,-,-,-,-,-,-,-,-,-,-,-,-,-,-,-,-,-,-,-,-,-,-,-,-,-,-,-,-,-,-,-,-,-,-,-,-,-,-,-,-,-,-,-,-,-,-,-,-,-,-,-,-,-,-,-,-,-,-,-,-,-,-,-,-,-,-,-,-,-,-,-,-,-,-,-,-,-,-,-,-,-,-,-,-,-,-,-,-,-,-,-,-,-,-,-,-,-,-,-,-,-,-,-,X
INS(aí),-,-,-,-,-,-,-,X,-,-,-,X,-,-,-,-,-,-,-,-,-,-,-,-,-,-,-,-,-,-,-,-,-,-,-,-,X,-,-,-,-,-,-,X,-,-,-,-,-,-,-,-,-,-,-,-,-,-,-,-,-,-,-,X,-,-,-,-,-,-,X,-,-,-,-,-,-,-,-,-,-,-,-,-,-,-,-,-,-,-,-,-,-,-,-,-,-,-,-,-,-,-,-,-,-,-,-,-,-,-,-,-,-,-,-,-,-,-,-,-,-,-,X,-,-,-,-,X,-,-,-,-,-,-,-,-,-,-,-,-,-,-,-,-,-,-,-,-,-,-,-,-,-,-,-,-,-,-,-,-,-,-,-,-,-,-,-,-,-,-,-,-,-,-,-,-,-,-,-,-,-,-,-,-,-,-,-,-,-,X,-,-,-,-,-,-,-,-,-,-,-,-,-,-,-,-,-,-,-,-,-,-,-,-,-,-,-,-,-,-,-,-,-,-,-,-,-,-,-,-,-,-,-,-,-,-,-,-,-,-,-,-,-,-,-,-,X,-,-,-,-,-,-,-,-,-,-,-,-,-,-,-,-,-,-,-,-,-,-,-,-,-,-,-,-,-,-,-,-,-,-,-,-,-,-,-,-,-,-,-,-,-,-,-,-,-,X,-,-,-,-,-,-,-,-,-,-,-,-,-,-,-,-,-,-,-,-,-,-,-,-,-,-,-,-,-,-,-,-,-,-,-,-,-,-,-,-,-,-,-,-,-,-,-,-,-,-,-,-,-,-,-,-,-,-,-,-,X,-,-,X,-,-,-,-,-,-,-,-,-,-,-,-,-,-,-,-,-,-,-,-,-,-,-,-,-,-,-,-,-,-,-,-,-,-,-,-,-,-,-,-,-,-,-,-,-,-,-,-,-,-,-,-,-,-,-,-,-,-,-,-,-,-,-,-,-,-,-,-,-,-,-,-,-,-,-,-,-,-,-,-,-,-,-,-,-,-,-,-,-,-,-,-,-,-,-,-,-,-,-,-,-,-,-,-,-,-,-,-,-,-,-,-,-,-,-,-,-,-,-,-,-,-,-,-,-,-,-,-,-,-,-,-,-,-,-,-,-,-,-,-,-,-,-,-,-,-,-,-,-,-,-,-,-,-,-,-,-,-,-,-,-,-,-,-,-,-,-,-,-,-,-,-,-,-,-,-,-,-,-,-,-,-,-,-,-,-,-,-,-,-,-,-,-,-,-,-,-,-,-,-,-,-,-,-,-,-,-,-,-,-,-,-,-,-,-,-,-,-,-,-,-,-,-,-,-,-,-,-,-,-,-,-,-,-,-,-,-,-,-,-,-
INS(e),-,-,-,-,-,-,-,-,-,-,-,X,-,-,-,-,-,-,-,-,-,-,-,-,-,-,-,-,X,-,-,-,-,-,-,-,-,-,-,-,-,-,-,-,-,-,-,-,-,-,-,-,-,-,-,-,-,-,-,-,-,-,-,X,-,-,-,-,-,-,-,-,-,-,-,-,-,-,-,-,-,-,-,-,-,-,-,-,-,-,X,-,-,-,-,-,-,-,-,-,-,-,-,-,-,-,-,-,-,-,-,-,-,-,-,-,-,-,-,-,-,-,-,-,-,-,-,-,-,-,X,-,-,-,-,-,-,-,-,-,-,-,-,-,X,-,-,-,-,X,-,-,X,-,-,-,-,X,-,X,-,-,-,-,-,-,-,-,-,-,-,-,-,-,-,-,-,-,-,-,-,-,-,-,-,-,-,-,-,X,-,-,-,-,-,-,-,-,-,-,-,-,-,-,-,-,-,-,-,-,-,-,-,-,-,-,-,-,X,-,-,-,-,-,-,-,-,-,-,-,-,-,-,-,-,-,-,-,-,-,-,X,-,-,-,-,-,-,-,-,-,-,-,-,-,-,-,-,-,-,-,-,-,-,-,X,-,-,-,-,-,X,-,-,-,-,X,-,-,-,-,-,-,-,-,-,-,X,-,-,-,-,-,-,-,-,X,-,-,-,-,-,-,-,-,-,-,-,-,-,-,-,-,-,-,-,-,-,-,-,-,-,-,-,-,-,-,-,X,-,-,-,-,-,-,-,-,-,X,-,-,-,-,-,-,-,-,-,-,-,-,-,-,-,-,-,-,X,-,-,-,-,-,-,-,-,-,-,-,-,-,-,-,-,-,-,-,-,-,-,-,-,-,-,-,-,-,-,-,-,-,-,-,-,-,-,-,-,-,-,-,-,-,-,-,-,-,-,-,-,-,-,-,-,-,-,-,-,-,-,-,-,-,-,-,-,-,-,-,-,-,-,-,-,-,-,-,-,-,-,-,-,-,-,-,-,-,-,-,-,-,-,-,-,-,-,-,-,-,-,-,-,-,-,-,-,-,-,-,-,-,-,-,-,-,-,-,-,-,-,-,-,-,-,-,-,-,-,-,-,-,-,-,-,-,-,-,-,-,-,-,-,-,-,-,-,-,-,-,-,-,-,-,-,-,-,-,-,-,-,-,-,-,-,-,-,-,-,-,-,-,-,-,-,-,-,-,-,-,-,-,-,-,-,-,-,-,-,-,-,-,-,-,-,-,-,-,-,-,-,-,-,-,-,-,-,-,-,-,-,-,-,-,-,-,-,-,-,-,-,-,-,-,-,-,-,-,-,-,-,-,-,-,-,-,-,-,X,-,-,-,-
INS(h),-,-,-,-,X,-,-,X,-,X,-,X,-,-,-,X,X,X,-,-,-,-,-,-,-,-,-,-,-,-,-,-,-,-,-,-,-,-,-,-,-,-,-,-,-,-,-,-,-,-,-,X,-,-,-,-,-,-,-,-,-,-,-,X,-,-,-,-,-,-,-,-,-,-,-,X,-,-,-,-,-,-,-,-,-,-,-,-,-,-,-,-,-,-,-,-,-,-,-,-,-,X,-,-,-,-,-,-,-,-,-,-,-,-,-,-,-,-,-,-,-,-,-,-,-,-,-,-,-,-,-,-,-,-,-,-,-,-,-,-,-,-,-,-,-,-,-,-,-,-,-,-,-,-,-,-,-,-,-,-,-,-,-,-,-,-,-,-,-,-,-,-,-,-,-,-,-,-,-,-,-,-,-,-,-,-,-,-,-,X,-,-,-,-,-,-,-,-,-,-,-,-,-,-,-,-,-,-,-,-,-,-,-,-,-,-,-,-,-,-,-,-,-,-,-,-,-,-,-,-,-,-,-,-,-,-,-,-,-,-,-,-,-,-,-,-,-,-,-,-,-,-,-,-,-,-,-,-,-,-,-,-,-,-,-,-,-,-,-,-,-,-,-,-,-,-,-,-,-,-,-,-,-,-,-,-,-,-,-,-,-,-,-,-,-,-,-,-,-,-,-,-,-,-,-,-,-,-,-,-,-,-,-,-,-,-,-,-,-,-,-,-,-,-,-,-,-,-,-,-,-,-,X,-,-,-,-,-,-,-,-,-,-,-,-,-,-,-,-,-,-,-,-,-,-,-,-,X,-,X,-,-,-,-,-,-,-,-,-,-,-,-,-,-,-,-,-,X,-,-,-,-,-,-,-,-,-,-,-,-,-,-,X,X,X,-,-,-,-,-,-,-,-,-,-,-,-,-,-,-,-,-,-,-,-,-,-,-,-,-,-,-,-,-,-,-,-,-,-,X,X,-,-,-,X,X,-,X,-,-,-,-,-,-,-,-,-,-,-,-,-,-,-,-,-,-,-,-,-,-,-,-,-,-,-,X,X,X,X,-,X,-,-,-,-,-,-,-,-,-,-,-,-,-,-,-,-,-,-,-,-,-,-,-,-,-,-,-,-,-,-,-,-,-,-,-,-,-,-,-,-,-,-,-,-,-,X,X,-,-,X,-,-,-,-,-,-,-,-,-,-,-,-,-,-,-,-,-,-,-,-,-,-,-,-,-,-,-,-,-,-,-,-,-,-,-,-,-,-,-,-,-,-,-,-,-,-,-,-,-,-,-,-,-,-,-,-,-,-,-,-,-,-,-,-,-,-,-,-,-,-,-,-,-,-,-,-,X,-,-,-,-
INS(i),-,-,-,-,-,-,-,X,-,-,-,X,-,-,-,-,-,-,X,-,-,-,-,-,-,-,-,-,-,-,-,-,-,-,-,-,-,X,X,-,-,-,-,-,-,-,-,-,-,-,-,-,X,-,-,-,-,-,-,-,-,-,-,-,X,-,-,X,-,X,-,-,X,-,-,-,-,-,-,-,-,-,-,X,-,-,X,-,-,-,-,-,-,-,-,-,X,-,-,-,X,-,-,-,-,-,-,-,-,X,-,-,-,-,X,-,-,-,-,-,X,-,-,-,-,-,-,-,-,-,-,-,-,-,-,-,-,-,-,-,-,-,-,-,-,-,-,-,-,-,-,-,-,-,-,-,-,-,-,-,-,-,-,-,-,-,-,-,-,X,-,-,-,X,-,-,-,-,-,X,-,-,-,-,X,-,X,-,-,-,X,X,-,-,X,X,-,X,-,X,-,-,-,-,-,-,X,-,X,-,-,-,-,-,-,-,X,-,-,-,-,-,X,-,X,-,-,-,-,-,-,-,-,X,-,-,-,-,-,-,X,-,-,-,-,-,-,X,-,-,X,-,-,-,X,-,-,-,-,-,-,-,-,-,-,-,-,X,-,-,-,-,-,-,-,-,-,-,-,-,-,-,-,-,X,-,-,-,-,-,-,-,-,-,-,-,-,-,-,-,X,-,-,-,-,-,-,-,-,-,-,-,-,-,-,-,-,-,X,-,-,-,-,-,-,-,-,X,-,-,-,-,-,-,-,-,-,-,-,-,X,-,-,-,-,-,-,-,-,-,-,-,-,-,-,-,-,X,X,-,X,-,-,-,-,-,-,-,-,-,-,-,-,-,-,-,-,-,-,-,-,-,-,-,-,-,-,-,-,-,-,-,-,-,-,-,-,-,-,-,-,-,-,-,-,-,-,-,-,-,-,-,-,-,X,-,-,-,-,-,-,-,-,-,-,-,-,-,-,-,-,-,-,-,-,-,-,-,-,-,-,-,-,-,-,-,-,-,-,-,-,-,-,-,-,-,-,-,-,-,-,-,-,-,-,-,-,-,-,-,-,X,-,-,-,-,-,-,-,X,-,-,-,-,-,-,-,-,-,-,-,-,-,-,-,-,-,-,-,-,-,-,X,X,X,-,-,-,-,-,-,-,-,X,-,-,-,-,-,-,-,-,-,-,-,-,-,-,X,-,-,X,-,-,-,-,-,-,X,-,-,-,-,-,-,-,X,-,-,-,-,-,-,-,-,-,-,-,-,-,-,-,-,-,-,-,-,-,-,-,-,-,-,-,-,-,-,-,-,-,-,-,-,-,-,-,-,-,-,-,-,-,-,-,-,-,-,X,-,-,-,-
INS(ig),-,-,-,-,-,-,-,X,-,-,-,X,-,-,-,-,-,-,-,X,-,-,-,-,-,-,-,-,-,-,-,-,-,-,-,-,-,-,-,-,-,-,-,-,-,-,-,-,-,-,-,-,-,-,-,-,-,-,-,-,-,-,-,X,-,-,-,-,-,-,-,-,-,-,-,-,-,-,-,-,-,-,-,-,-,-,-,X,-,-,-,-,-,-,-,-,-,-,-,-,-,-,-,-,-,-,-,-,-,-,-,-,-,-,-,-,-,-,-,-,-,-,-,-,-,-,-,-,-,-,-,-,-,-,-,-,-,-,-,-,-,-,-,-,-,-,-,-,-,-,-,-,-,-,-,-,-,-,-,-,-,-,-,-,-,-,-,-,-,-,-,-,-,-,-,-,-,-,-,-,-,-,-,-,-,-,-,-,-,-,-,-,-,-,-,-,-,-,-,-,X,-,-,-,-,-,-,-,-,-,-,-,-,-,-,-,-,-,-,-,-,-,-,-,-,-,-,-,-,-,-,-,-,-,-,-,-,-,-,-,-,-,-,X,-,-,-,-,-,-,-,-,-,-,-,-,-,-,-,-,-,-,-,-,-,-,-,-,-,-,-,-,-,-,-,-,-,-,-,-,-,-,-,-,-,-,-,-,-,-,-,-,-,-,-,-,-,-,-,-,-,-,-,-,-,-,-,-,-,-,-,-,-,-,-,-,-,-,-,-,-,-,-,-,-,-,-,-,-,-,-,-,-,-,-,-,-,-,-,-,-,-,-,-,-,-,-,-,-,-,-,-,-,-,-,-,-,X,-,-,X,-,-,-,-,-,-,-,-,-,-,-,-,-,-,-,-,-,-,-,-,-,-,-,-,-,-,-,-,-,-,-,-,-,-,-,-,-,-,-,-,-,-,-,-,-,-,-,-,-,-,-,-,-,-,-,-,-,-,-,-,-,-,-,-,-,-,-,-,-,-,-,-,-,-,-,-,-,-,-,-,-,-,-,-,-,-,-,-,-,-,-,-,X,-,-,-,-,-,-,-,-,-,-,-,-,-,-,-,-,-,-,-,-,-,-,-,-,-,-,-,-,-,-,-,-,-,-,-,-,-,-,-,-,-,-,-,-,-,-,-,-,-,-,-,-,-,-,-,-,-,-,-,-,-,-,-,-,-,-,-,-,-,-,-,-,-,-,-,-,-,-,-,-,-,-,-,-,-,-,-,-,-,-,-,-,-,-,-,-,-,-,-,-,-,-,-,-,-,-,-,-,-,-,-,-,-,-,-,-,-,-,-,-,-,-,-,-,-,-,-,-,-,-,-,-,-,-,-,-,-,-,-,-,-,-,-,X,-,-,-,-
INS(leis an ),-,-,-,-,-,-,-,X,X,-,-,-,-,-,-,-,-,-,-,-,-,-,-,-,-,-,-,-,-,-,-,-,-,-,-,-,-,-,-,-,-,-,-,-,-,-,-,-,-,-,-,-,-,-,-,-,-,-,-,-,-,-,-,-,-,-,-,-,-,-,-,-,-,-,-,-,-,-,-,-,-,-,-,-,-,-,-,-,-,-,-,-,-,-,-,-,-,-,-,-,-,-,-,-,-,-,-,-,-,-,-,-,-,-,-,-,-,-,-,-,-,-,-,-,-,-,-,-,-,-,-,-,-,-,-,-,-,-,-,-,-,-,-,-,-,-,-,-,-,-,-,-,-,-,-,-,-,-,-,-,-,-,-,-,-,-,-,-,-,-,-,-,-,-,-,-,-,-,-,-,-,-,-,-,-,-,-,-,-,-,-,-,-,-,-,-,-,-,-,-,-,-,-,-,-,-,-,-,-,-,-,-,-,-,-,-,-,-,-,-,-,-,-,-,-,-,-,-,-,-,-,-,-,-,-,-,-,-,-,-,-,-,-,-,-,-,-,-,-,-,-,-,-,-,-,-,-,-,-,-,-,-,-,-,-,-,-,-,-,-,-,-,-,-,-,-,-,-,-,-,-,-,-,-,-,-,-,-,-,-,-,-,-,-,-,-,-,-,-,-,-,-,-,-,-,-,-,-,-,-,-,-,-,-,-,-,-,-,-,-,-,-,-,-,-,-,-,-,-,-,-,-,-,-,-,-,-,-,-,-,-,-,-,-,-,-,-,-,-,-,-,-,-,-,-,-,-,X,-,-,-,-,-,-,-,-,X,X,X,-,-,X,X,X,-,-,-,X,X,-,X,-,-,X,-,X,X,X,-,X,-,-,-,X,X,X,-,-,-,-,-,-,-,-,-,-,-,-,-,-,-,-,-,-,X,-,-,-,-,-,-,-,-,X,X,-,-,-,-,X,X,-,X,X,-,X,-,-,-,X,-,-,-,-,-,-,-,-,-,-,-,-,-,X,X,X,X,X,-,-,X,-,X,-,-,-,-,-,-,-,-,X,X,X,-,-,-,-,-,-,X,X,-,-,-,-,X,X,-,X,X,X,-,X,X,X,-,-,X,X,X,X,-,-,X,-,-,X,X,-,-,-,-,-,X,X,-,-,-,-,-,-,-,-,-,-,-,-,X,-,-,-,-,-,-,-,-,-,-,-,-,X,-,X,-,-,X,-,-,X,X,-,X,X,X,X,-,-,-,-,X,X,X,X,X,-,-,-,X,X,-,-,X,X,X,-,-,X,X,X,-,-,-,-,X,X,X,X,X,-,-,-,X,X,X,-,-,X,-,-,-,-
INS(n),-,-,-,-,-,-,-,-,-,-,-,X,-,-,-,-,-,-,X,-,-,-,-,-,-,-,-,-,-,-,-,-,-,-,-,-,-,-,-,-,-,-,-,-,-,-,-,-,-,-,-,-,-,-,-,-,-,-,-,-,-,-,-,-,-,-,-,-,-,-,-,-,-,-,-,-,-,-,-,-,-,-,-,-,-,-,-,-,-,-,-,-,-,-,-,-,-,-,-,-,-,-,-,-,-,-,-,-,-,-,-,-,-,-,-,-,-,-,-,-,-,-,-,-,-,-,-,-,-,-,-,-,-,-,-,-,-,-,-,-,-,-,-,-,-,-,-,-,-,-,-,-,-,-,-,-,-,-,-,-,-,-,-,-,-,-,-,-,-,-,-,-,-,-,-,-,-,-,-,-,-,-,-,-,-,-,-,-,-,-,-,-,-,-,-,-,-,-,-,-,-,-,-,-,-,-,-,-,-,-,-,-,-,-,-,-,-,-,-,-,-,-,-,-,-,-,-,-,-,-,-,-,-,-,-,-,-,-,-,-,-,-,-,-,-,-,-,-,-,-,-,-,-,-,-,-,-,-,-,-,-,-,-,-,X,-,-,-,-,-,-,-,-,-,-,-,-,X,-,-,-,-,-,-,-,-,-,-,-,-,-,-,-,-,-,-,-,-,-,-,-,-,-,-,-,-,-,-,-,-,-,-,-,-,-,-,-,-,-,-,-,-,-,-,-,-,-,-,-,-,-,-,-,-,-,-,-,-,-,-,-,-,-,-,-,-,-,-,-,-,-,-,-,-,-,-,-,X,-,-,X,-,-,-,-,-,-,-,-,-,-,-,-,-,-,-,-,-,-,-,-,-,-,-,-,-,-,-,-,-,-,-,-,-,-,-,-,-,-,-,-,-,-,-,-,-,-,-,-,-,-,-,-,-,-,-,-,-,-,-,-,-,-,-,-,-,-,-,-,-,-,-,-,-,-,-,-,-,-,-,-,-,-,-,-,-,-,-,-,-,-,-,-,-,-,-,-,-,-,-,-,-,-,-,-,-,-,-,-,-,-,-,-,-,-,-,-,-,-,-,-,-,-,-,-,-,-,-,-,-,-,-,-,-,-,-,-,-,-,-,-,-,-,-,-,-,-,-,-,-,-,-,-,-,-,-,-,-,-,-,-,-,-,-,-,-,-,-,-,-,-,-,-,-,-,-,-,-,-,-,-,-,-,-,-,-,-,-,-,-,-,-,-,-,-,-,-,-,-,-,-,-,-,-,-,-,-,-,-,-,-,-,-,-,-,-,-,-,-,-,-,-,-,-,-,-,-,-,-,-,-,-,-,-,-,-,-,-,-,-,-,-
INS(o),-,-,-,-,X,-,-,X,-,-,-,-,-,-,-,-,-,-,-,-,-,-,-,-,-,-,-,-,-,-,-,-,-,-,-,-,-,-,-,-,-,-,-,-,-,-,-,-,-,-,-,-,-,-,-,-,-,-,-,-,-,-,-,-,-,-,-,-,-,-,-,-,-,-,-,-,-,-,-,-,-,-,-,-,-,X,-,-,-,-,-,-,-,-,-,-,-,-,-,-,-,-,-,-,-,-,-,-,-,-,-,-,-,-,-,-,-,-,-,-,-,-,-,-,-,-,-,-,-,-,-,-,-,-,-,-,-,-,-,-,-,-,-,-,-,-,-,-,-,-,-,-,-,-,-,-,-,-,-,-,-,-,-,-,-,-,-,-,-,-,-,-,-,-,-,-,-,-,-,-,-,-,-,-,-,-,-,-,-,-,-,-,-,-,-,-,-,-,-,-,-,-,-,-,-,-,-,-,-,-,-,-,-,-,-,-,-,-,-,-,-,-,-,-,-,-,-,-,-,-,-,-,-,-,-,-,-,-,-,-,-,-,-,-,-,-,-,-,-,-,-,-,-,-,-,-,-,-,-,-,-,-,-,-,-,-,-,-,-,-,-,-,-,-,-,-,-,-,-,-,-,-,-,-,-,-,-,-,-,-,-,-,-,-,-,-,-,-,-,X,-,-,-,-,-,-,-,-,-,-,-,-,-,-,-,-,-,-,-,-,-,-,-,-,-,-,-,-,-,-,-,-,-,-,-,-,-,-,-,-,-,-,-,-,-,-,-,-,-,-,-,-,-,-,-,-,-,-,-,-,X,-,-,-,-,-,-,-,-,-,-,-,-,-,-,-,-,-,-,-,-,-,-,-,-,-,-,-,-,-,-,-,-,-,-,-,-,-,-,-,-,-,-,-,-,-,-,-,-,-,-,-,-,-,-,-,-,-,-,-,-,-,-,-,-,-,-,-,-,-,-,-,-,-,-,-,-,-,-,-,-,-,-,-,-,-,-,-,-,-,-,-,-,-,-,-,-,-,-,-,-,-,-,-,-,-,-,-,-,-,-,-,-,-,-,-,-,-,-,-,-,-,-,-,-,-,-,-,-,-,-,-,-,-,-,-,-,-,-,-,-,-,-,-,-,-,-,-,-,-,-,-,-,-,-,-,-,-,-,-,-,-,-,-,-,-,-,-,-,-,-,-,-,-,-,-,-,-,-,-,-,-,-,-,-,-,-,-,-,-,-,-,-,-,-,-,-,-,-,-,-,-,-,-,-,-,-,-,-,-,-,-,-,-,-,-,-,-,-,-,-,-,-,-,-,-,-,-,-,-,-,-,-,-,-,-,-,-,-,-,-,-
INS(t),-,-,-,-,-,-,-,X,-,-,-,X,-,-,-,-,-,-,-,-,-,-,-,-,-,-,-,-,-,-,X,-,-,-,-,-,-,-,-,-,-,-,-,-,-,-,-,-,-,-,-,-,-,-,-,-,-,-,-,-,-,-,-,-,-,-,-,-,-,-,-,-,-,-,-,-,-,-,-,-,-,-,-,-,-,-,-,-,-,-,-,-,-,-,-,-,-,-,-,-,-,-,-,-,-,-,-,-,-,-,-,-,-,-,-,-,-,-,-,-,-,-,-,-,-,-,-,-,-,-,-,-,-,-,-,-,-,-,X,-,-,-,-,-,-,-,-,-,-,-,-,-,-,-,-,-,-,-,-,-,-,-,-,-,-,-,-,-,X,-,-,-,-,-,-,-,-,-,X,-,-,-,-,-,-,-,-,-,-,-,-,-,-,-,-,-,-,-,-,-,-,-,-,-,-,-,-,-,-,-,-,-,-,-,-,-,-,-,-,-,-,-,-,-,-,-,-,-,-,-,-,X,-,-,-,-,-,-,-,-,-,-,-,-,-,-,-,-,-,-,-,-,-,-,-,-,-,-,-,-,-,-,-,-,-,-,-,-,-,-,-,-,-,-,-,-,-,-,-,-,-,-,-,-,-,-,-,-,-,-,-,-,-,-,-,-,-,-,-,-,-,-,-,-,-,-,-,-,-,-,-,-,-,-,-,-,-,-,-,-,-,-,-,-,-,-,-,-,-,-,-,-,-,-,-,-,-,-,-,-,-,-,-,-,-,-,-,-,-,-,-,-,-,-,-,-,-,X,-,-,X,-,-,-,-,-,-,-,-,-,-,-,-,-,-,-,-,X,-,-,-,X,X,-,-,-,-,-,-,-,-,-,-,-,-,-,-,-,-,-,-,-,-,-,-,-,-,-,-,-,-,-,-,-,-,-,-,-,-,-,-,-,-,-,-,-,-,X,X,X,-,-,-,-,-,-,-,-,-,-,-,-,-,-,-,-,-,-,-,-,-,-,-,-,-,-,-,-,-,-,-,-,-,-,-,-,-,-,-,-,-,-,-,-,-,-,-,-,-,-,-,-,-,-,-,-,-,-,-,-,-,-,-,-,-,-,-,-,-,-,-,-,-,-,-,-,-,-,-,-,-,-,-,-,-,-,-,-,-,-,-,-,-,-,-,-,-,-,-,-,-,-,-,-,-,-,-,-,-,-,-,-,-,-,-,-,-,-,-,-,-,-,-,-,-,-,-,-,-,-,-,-,-,-,-,-,-,-,-,-,-,-,-,-,-,-,-,-,-,-,-,-,-,-,-,-,-,-,-,-,-,-,-,-,-,-,-,X,-,-,-,-
INS(í),-,-,-,-,X,-,-,X,-,X,-,X,-,-,-,-,-,-,X,-,X,X,-,-,X,-,-,-,-,-,-,-,-,-,-,-,-,-,-,-,-,-,-,-,-,-,-,-,-,-,-,-,-,X,-,-,-,-,-,-,-,-,-,X,X,-,-,-,X,-,-,-,-,-,X,X,X,X,X,-,-,-,-,-,-,X,-,-,-,-,-,-,-,-,-,-,-,-,-,-,-,-,-,-,-,-,-,-,X,-,-,-,-,-,-,-,-,-,-,-,-,-,-,-,-,-,-,-,-,X,X,X,X,-,-,-,-,-,-,X,-,-,-,-,-,-,-,-,-,-,-,-,X,X,-,-,-,-,-,X,-,-,-,-,X,X,-,-,-,X,-,-,X,-,-,-,-,-,-,X,-,-,-,-,-,-,-,X,X,-,X,-,-,-,-,-,-,-,X,-,-,-,-,-,-,X,-,-,-,-,-,-,-,-,X,-,-,-,-,-,-,-,-,-,-,-,-,-,-,X,-,-,-,-,-,-,-,-,X,-,-,X,X,-,-,-,-,-,X,X,-,-,-,X,-,-,X,-,X,-,-,-,-,-,-,-,X,-,-,-,X,X,-,-,-,-,X,-,-,-,-,-,-,-,-,-,-,-,-,-,-,X,-,-,-,-,X,X,-,X,-,-,-,-,-,X,-,-,-,-,-,-,-,-,-,-,-,X,-,-,-,X,-,-,X,-,-,-,-,-,X,X,-,-,X,-,X,-,X,X,-,-,-,-,X,X,-,-,-,-,-,-,-,-,-,-,-,X,X,-,X,-,-,-,-,-,-,-,-,-,-,-,-,-,-,-,-,-,-,-,-,-,-,-,-,-,-,-,-,-,-,-,-,-,-,-,-,-,-,-,-,-,-,-,-,-,-,-,-,-,-,-,-,-,-,-,-,-,-,-,-,-,-,-,-,-,-,-,-,-,-,-,-,-,-,-,-,-,-,-,-,-,-,-,-,-,-,-,-,-,-,-,-,-,-,-,-,-,-,-,-,-,-,-,-,-,-,-,-,-,-,-,-,-,-,-,-,-,-,-,-,-,-,-,-,-,-,-,-,-,-,-,-,-,-,-,-,-,-,-,-,-,-,-,-,-,-,-,-,-,-,-,-,-,-,-,-,-,-,-,-,-,-,-,-,-,-,-,-,-,-,-,-,-,-,-,-,-,-,-,-,-,-,-,-,-,-,-,-,-,-,-,-,-,-,-,-,-,-,-,-,-,-,-,-,-,-,-,-,-,-,-,-,-,-,-,-,-,-,-,-,-,-,-,-,-,-,-,-,-,-,-,-,-,-,-,-,X,-,-,-,-
INS(ím),X,-,-,-,-,-,-,-,-,-,-,-,-,X,X,-,-,-,-,-,-,-,-,-,-,-,-,-,-,-,-,-,-,-,-,-,-,-,-,-,-,-,-,-,-,-,-,-,-,-,-,-,-,-,-,-,-,-,-,-,-,-,-,-,-,-,-,-,-,-,-,-,-,-,-,-,-,-,-,-,-,-,-,-,-,-,-,-,-,-,-,-,-,-,-,-,-,-,-,-,-,-,-,X,-,-,-,-,X,-,-,-,-,-,-,-,-,-,-,-,-,-,-,-,-,-,-,-,-,-,-,-,-,-,-,-,-,X,-,-,-,-,-,-,-,-,-,-,-,-,-,-,-,-,-,-,-,-,-,-,-,-,-,-,-,-,-,-,-,-,-,-,-,-,-,-,-,-,-,-,-,-,-,-,-,-,-,-,-,-,-,-,-,-,-,-,-,-,-,-,-,-,-,-,-,-,-,-,-,-,-,-,-,-,-,-,-,-,-,-,-,-,-,-,-,-,-,-,-,-,-,-,-,-,-,-,-,-,-,-,-,-,-,-,-,-,-,-,-,-,-,-,-,-,-,-,-,-,-,-,-,-,-,-,-,-,-,-,-,-,-,-,-,-,-,-,-,-,-,-,-,-,-,-,-,-,-,-,-,-,-,-,-,-,-,-,-,-,-,-,-,-,-,-,-,-,-,-,-,-,-,-,-,-,-,-,-,-,-,-,-,-,-,-,-,-,-,-,-,-,-,-,-,-,-,-,-,-,-,-,-,-,-,-,-,-,-,-,-,-,-,-,-,-,-,-,-,-,-,-,-,X,-,-,-,-,-,-,-,-,-,-,-,-,-,-,-,-,-,-,-,-,-,-,-,-,-,-,-,-,-,-,-,-,-,-,-,-,-,-,-,-,-,-,-,-,-,-,-,-,-,-,-,-,-,-,-,-,-,-,-,-,-,-,-,-,-,-,-,-,-,-,-,-,-,-,-,-,-,-,-,-,-,-,-,-,-,-,-,-,-,-,-,-,-,-,-,-,-,-,-,-,-,-,-,-,-,-,-,-,-,-,-,-,-,-,-,-,-,-,-,-,-,-,-,-,-,-,-,-,-,-,-,-,-,-,-,-,-,-,-,-,-,-,-,-,-,-,-,-,-,-,-,-,-,-,-,-,-,-,-,-,-,-,-,-,-,-,-,-,-,-,-,-,-,-,-,-,-,-,-,-,-,-,-,-,-,-,-,-,-,-,-,-,-,-,-,-,-,-,-,-,-,-,-,-,-,-,-,-,-,-,-,-,-,-,-,-,-,-,-,-,-,-,-,-,-,-,-,-,-,-,-,-,-,-,-,X,X,-,-,-
