Left;Right;Operation;Object;MorphFeatures;Weight
ar;>;INS;e;V,3,SG,SBJV,PST,IPFV,LGSPEC1;0.0526903
ar;>;INS;ía;V,1,SG,COND;0.0378106
ar;>;INS;mos;V,IND,PST,1,PL,IPFV,LGSPEC2;0.0370964
r;>;INS;amos;V,1,PL,SBJV,PST,IPFV,LGSPEC2;0.0281151
a;>;DEL;r;V,IND,PST,2,PL,PFV,LGSPEC1;0.0197573
ar;>;INS;os;V.PTCP,PST,MASC,PL;0.0194348
ar;>;INS;ben;V,IND,PST,3,PL,IPFV;0.0193882
a;>;DEL;r;V.CVB,PRS;0.0191678
ar;>;INS;an;V,3,PL,SBJV,PST,IPFV,LGSPEC2;0.0188688
ar;>;INS;es;V,IND,PRS,2,SG;0.0186927
t;>;DEL;ar;V,IND,PRS,2,SG;0.0186824
r;>;INS;e;V,3,SG,IND,PST,PRF,LGSPEC1;0.0186503
r;>;INS;emos;V,1,PL,IND,PST,PRF,LGSPEC1;0.0186261
l;>;DEL;ar;V,IND,PST,3,SG,PFV;0.0185699
a;>;DEL;r;V,2,SG,IMP;0.0180964
a;>;DEL;r;V,IND,PST,2,SG,PFV,LGSPEC1;0.018069
a;r>;INS;á;V,1,PL,SBJV,PST,IPFV,LGSPEC1;0.0180406
ar;>;INS;íemos;V,1,PL,COND,LGSPEC1;0.0179021
ar;>;INS;en;V,3,PL,SBJV,PST,IPFV,LGSPEC1;0.0178673
ar;>;INS;e;V,1,SG,SBJV,PST,IPFV,LGSPEC1;0.0178336
ar;>;INS;íen;V,3,PL,COND;0.0165582
ar;>;INS;ábemos;V,IND,PST,1,PL,IPFV,LGSPEC1;0.0158957
r;>;INS;es;V.PTCP,PST,FEM,PL;0.0158293
ar;>;INS;é;V,IND,PST,1,SG,PFV;0.0147284
a;>;DEL;r;V.PTCP,PST,FEM,SG;0.0145941
zar;>;INS;céis;V,2,PL,SBJV,PRS;0.0131411
comenzar;>;INS;ces;V,IND,PRS,2,SG;0.0120735
t;>;DEL;ar;V,IND,PST,1,PL,PFV;0.0115223
nt;r>;DEL;ra;V,IND,PST,1,SG,PFV;0.00634196
t;r>;DEL;ra;V,IND,PST,1,SG,PFV;0.00633594
nt;r>;DEL;ra;V.PTCP,PST,MASC,SG;0.00546837
evit;ar>;INS;áb;V,IND,PST,1,PL,IPFV,LGSPEC2;0.00546222
esloven;>;DEL;u;ADJ,SG,FEM;0.0053996
iani;>;DEL;zar;V,3,PL,SBJV,PRS,LGSPEC2;0.00456768
it;ar>;INS;áb;V,IND,PST,1,PL,IPFV,LGSPEC2;0.00456145
ulgar;>;INS;uemos;V,1,PL,SBJV,PRS;0.00454636
ent;r>;DEL;ra;V,IND,PST,1,SG,PFV;0.004525
sloven;>;DEL;u;ADJ,SG,FEM;0.00451446
ven;>;DEL;u;ADJ,SG,FEM;0.00450854
t;ar>;INS;áb;V,IND,PST,1,PL,IPFV,LGSPEC2;0.00365165
r;>;INS;uemos;V,1,PL,SBJV,PRS;0.00364439
ar;>;INS;uemos;V,1,PL,SBJV,PRS;0.00363905
en;>;DEL;u;ADJ,SG,FEM;0.00361877
loven;>;DEL;u;ADJ,SG,FEM;0.00359854
oven;>;DEL;u;ADJ,SG,FEM;0.00359204
er;>;INS;en;V,3,PL,IND,PST,PRF;0.00275849
ni;>;DEL;zar;V,3,PL,SBJV,PRS,LGSPEC2;0.00274955
ent;r>;DEL;ra;V.PTCP,PST,MASC,SG;0.00274926
vit;ar>;INS;áb;V,IND,PST,1,PL,IPFV,LGSPEC2;0.00274107
xulgar;>;INS;uemos;V,1,PL,SBJV,PRS;0.00273303
lgar;>;INS;uemos;V,1,PL,SBJV,PRS;0.00273081
gar;>;INS;uemos;V,1,PL,SBJV,PRS;0.00272852
fray;ar>;INS;ab;V,IND,PST,1,SG,IPFV;0.00230551
esgatuñ;>;DEL;ar;V,2,PL,IMP;0.00201166
conocer;>;INS;en;V,3,PL,IND,PST,PRF;0.00184831
ocer;>;INS;en;V,3,PL,IND,PST,PRF;0.00184743
stiani;>;DEL;zar;V,3,PL,SBJV,PRS,LGSPEC2;0.00184399
i;>;DEL;zar;V,3,PL,SBJV,PRS,LGSPEC2;0.00184196
istiani;>;DEL;zar;V,3,PL,SBJV,PRS,LGSPEC2;0.00184091
cristiani;>;DEL;zar;V,3,PL,SBJV,PRS,LGSPEC2;0.00183985
ay;ar>;INS;ab;V,IND,PST,1,SG,IPFV;0.00171908
llamber;>;INS;n;V,IND,PRS,3,PL;0.00168438
gatuñ;>;DEL;ar;V,2,PL,IMP;0.00162451
y;ar>;INS;ab;V,IND,PST,1,SG,IPFV;0.00159281
pux;>;DEL;ar;V,IND,PRS,1,SG;0.00153748
atuñ;>;DEL;ar;V,2,PL,IMP;0.00153249
com;>;DEL;er;V,1,PL,IND,FUT;0.00148178
ux;>;DEL;ar;V,IND,PRS,1,SG;0.00145218
peñ;>;DEL;ar;V,1,PL,SBJV,PRS;0.00142648
lamber;>;INS;n;V,IND,PRS,3,PL;0.0014011
decidi;r>;INS;e;V,2,SG,IND,PST,PRF,LGSPEC1;0.00135685
tuñ;>;DEL;ar;V,2,PL,IMP;0.00131616
r;>;INS;s;V,2,SG,SBJV,PRS,LGSPEC2;0.00129481
r;>;INS;íamos;V,1,PL,COND,LGSPEC2;0.00129278
a;>;DEL;r;V.PTCP,PST,FEM,PL;0.00128255
amber;>;INS;n;V,IND,PRS,3,PL;0.00128089
eñ;>;DEL;ar;V,1,PL,SBJV,PRS;0.00125729
om;>;DEL;er;V,1,PL,IND,FUT;0.00125712
x;>;DEL;ar;V,IND,PRS,1,SG;0.00125454
mber;>;INS;n;V,IND,PRS,3,PL;0.00116094
uñ;>;DEL;ar;V,2,PL,IMP;0.00116053
ñ;>;DEL;ar;V,1,PL,SBJV,PRS;0.00112973
fa;>;DEL;er;V,1,SG,SBJV,PRS,LGSPEC2;0.00111219
ecidi;r>;INS;e;V,2,SG,IND,PST,PRF,LGSPEC1;0.00110041
idi;r>;INS;e;V,2,SG,IND,PST,PRF,LGSPEC1;0.00109885
ener;>;INS;é;V,1,SG,SBJV,PRS;0.00109869
ñ;>;DEL;ar;V,2,PL,IMP;0.00108773
m;>;DEL;er;V,1,PL,IND,FUT;0.00108757
tener;>;INS;é;V,1,SG,SBJV,PRS;0.00107524
ar;>;INS;estis;V,IND,PST,2,PL,PFV,LGSPEC2;0.00104067
ber;>;INS;n;V,IND,PRS,3,PL;0.00103967
ar;>;INS;beis;V,IND,PST,2,PL,IPFV,LGSPEC1;0.00102127
ca;>;DEL;zar;V,3,PL,SBJV,PRS,LGSPEC2;0.000966663
a;>;DEL;er;V,1,SG,SBJV,PRS,LGSPEC2;0.00096286
r;>;INS;en;V,3,PL,IND,PST,PRF;0.000941183
nocer;>;INS;en;V,3,PL,IND,PST,PRF;0.000939852
cer;>;INS;en;V,3,PL,IND,PST,PRF;0.000939399
t;r>;DEL;ra;V.PTCP,PST,MASC,SG;0.000937986
r;>;INS;éis;V,2,PL,SBJV,PRS;0.000896695
r;>;INS;sti;V,IND,PST,2,SG,PFV,LGSPEC1;0.000891734
r;>;INS;án;V,3,PL,IND,FUT;0.000882858
r;>;INS;n;V,IND,PRS,3,PL;0.000880029
a;>;DEL;r;V,IND,PRS,1,PL;0.000878673
a;>;DEL;r;V,IND,PST,2,PL,IPFV,LGSPEC2;0.000878391
i;>;DEL;ar;V,IND,PRS,2,PL;0.000875627
di;r>;INS;e;V,2,SG,IND,PST,PRF,LGSPEC1;0.000874476
fae;r>;INS;ixé;V,1,PL,IND,PST,PRF,LGSPEC4;0.000851783
ner;>;INS;é;V,1,SG,SBJV,PRS;0.000820024
a;>;DEL;zar;V,3,PL,SBJV,PRS,LGSPEC2;0.000756315
fum;ar>;INS;áb;V,IND,PST,1,PL,IPFV,LGSPEC2;0.000730902
mp;ar>;DEL;ar;V,IND,PRS,2,SG;0.000730064
er;>;INS;é;V,1,SG,SBJV,PRS;0.000726779
<;r>;DEL;di;V,3,PL,COND,LGSPEC4;0.00067541
r;>;INS;é;V,1,SG,SBJV,PRS;0.000674257
amp;ar>;DEL;ar;V,IND,PRS,2,SG;0.000667478
p;ar>;DEL;ar;V,IND,PRS,2,SG;0.000657081
mancar;>;INS;qué;V,IND,PST,1,SG,PFV;0.000652289
gar;>;INS;ue;V,3,SG,SBJV,PRS;0.000606816
car;>;INS;qué;V,IND,PST,1,SG,PFV;0.000602913
ancar;>;INS;qué;V,IND,PST,1,SG,PFV;0.000599886
fa;>;DEL;cer;V,IND,PST,2,SG,IPFV,LGSPEC2;0.000583334
ar;>;INS;ais;V,2,PL,SBJV,PST,IPFV,LGSPEC2;0.000578421
ar;>;INS;amos;V,1,PL,IND,PST,PRF,LGSPEC2;0.000578054
a;r>;INS;á;V,1,PL,IND,PST,PRF,LGSPEC2;0.000558338
ar;>;INS;bes;V,IND,PST,2,SG,IPFV;0.000558186
ar;>;INS;o;V,IND,PRS,1,SG;0.000556446
ar;>;INS;o;V.PTCP,PST,NEUT,SG;0.000549947
ae;r>;INS;ixé;V,1,PL,IND,PST,PRF,LGSPEC4;0.000548073
ncar;>;INS;qué;V,IND,PST,1,SG,PFV;0.000546612
nal;r>;DEL;a;V,1,PL,SBJV,PST,IPFV,LGSPEC2;0.000546313
ar;>;INS;e;V,3,SG,SBJV,PRS;0.000543851
ar;>;INS;en;V,3,PL,IND,PST,PRF,LGSPEC1;0.000543526
ar;>;INS;eis;V,2,PL,SBJV,PST,IPFV,LGSPEC1;0.00054235
ar;>;INS;mos;V,IND,PRS,1,PL;0.000541514
ar;>;INS;as;V,2,SG,IND,PST,PRF,LGSPEC2;0.000540259
ar;>;INS;bais;V,IND,PST,2,PL,IPFV,LGSPEC2;0.00053857
ar;>;INS;en;V,3,PL,SBJV,PRS,LGSPEC1;0.000535301
ar;>;INS;qué;V,IND,PST,1,SG,PFV;0.000535051
a;r>;INS;á;V,1,PL,IND,PST,PRF,LGSPEC1;0.000533526
roduc;>;DEL;ir;V.PTCP,PST,MASC,SG;0.000530851
esnal;r>;DEL;a;V,1,PL,SBJV,PST,IPFV,LGSPEC2;0.000503037
utizar;>;INS;cas;V,2,SG,SBJV,PRS,LGSPEC2;0.000501963
a;>;DEL;r;V,IND,PST,1,SG,IPFV;0.000501132
e;r>;INS;ixé;V,1,PL,IND,PST,PRF,LGSPEC4;0.000487362
plo;r>;DEL;ra;V,IND,PST,1,PL,IPFV,LGSPEC1;0.000483557
t;>;DEL;ar;V,2,SG,SBJV,PRS,LGSPEC1;0.000478711
a;>;DEL;r;V,IND,PST,3,PL,IPFV;0.000478447
r;>;INS;ía;V,3,SG,COND;0.000476659
r;>;INS;áu;V.PTCP,PST,MASC,SG;0.000476278
i;>;DEL;ar;V,IND,PRS,3,PL;0.000476187
a;>;DEL;r;V,IND,PST,2,SG,IPFV;0.000475705
r;>;INS;n;V,3,PL,SBJV,PRS,LGSPEC2;0.000475316
m;>;DEL;ar;V,2,PL,SBJV,PRS;0.000473521
t;>;DEL;ar;V,IND,PST,1,PL,IPFV,LGSPEC1;0.000470156
g;>;DEL;ar;V,IND,PRS,2,PL;0.00047006
i;>;DEL;ar;V,IND,PST,3,SG,PFV;0.000468799
r;>;INS;en;V,IND,PRS,3,PL;0.000467351
g;>;DEL;ar;V,IND,PST,1,PL,IPFV,LGSPEC1;0.000467064
l;>;DEL;ar;V,IND,PRS,2,SG;0.00046562
c;>;DEL;oyer;V,2,SG,SBJV,PRS;0.000464707
n;>;INS;a;ADJ,SG,FEM;0.000464086
r;>;INS;amos;V,2,PL,IND,FUT;0.000463992
r;>;INS;ía;V,3,SG,SBJV,PST,IPFV;0.000462557
oduc;>;DEL;ir;V.PTCP,PST,MASC,SG;0.000423077
bautizar;>;INS;cas;V,2,SG,SBJV,PRS,LGSPEC2;0.000406008
r;>;INS;qué;V,IND,PST,1,SG,PFV;0.000386063
al;r>;DEL;a;V,1,PL,SBJV,PST,IPFV,LGSPEC2;0.000384041
lo;r>;DEL;ra;V,IND,PST,1,PL,IPFV,LGSPEC1;0.000383247
autizar;>;INS;cas;V,2,SG,SBJV,PRS,LGSPEC2;0.000380319
esplo;r>;DEL;ra;V,IND,PST,1,PL,IPFV,LGSPEC1;0.000354812
a;>;DEL;cer;V,IND,PST,2,SG,IPFV,LGSPEC2;0.000345704
l;r>;DEL;a;V,1,PL,SBJV,PST,IPFV,LGSPEC2;0.000344803
uc;>;DEL;ir;V.PTCP,PST,MASC,SG;0.000344733
duc;>;DEL;ir;V.PTCP,PST,MASC,SG;0.000330629
fa;r>;DEL;ce;V,3,SG,COND,LGSPEC2;0.000329495
splo;r>;DEL;ra;V,IND,PST,1,PL,IPFV,LGSPEC1;0.000328904
c;>;DEL;ir;V.PTCP,PST,MASC,SG;0.000305549
izar;>;INS;cas;V,2,SG,SBJV,PRS,LGSPEC2;0.000303237
a;r>;DEL;ce;V,3,SG,COND,LGSPEC2;0.000297138
vender;>;INS;es;V,2,SG,COND;0.000282475
zar;>;INS;cas;V,2,SG,SBJV,PRS,LGSPEC2;0.000277469
r;>;INS;cas;V,2,SG,SBJV,PRS,LGSPEC2;0.000265349
ar;>;INS;cas;V,2,SG,SBJV,PRS,LGSPEC2;0.000251728
o;r>;DEL;ra;V,IND,PST,1,PL,IPFV,LGSPEC1;0.000251676
i;r>;INS;e;V,1,SG,IND,PST,PRF,LGSPEC2;0.000251316
pi;r>;INS;e;V,1,SG,IND,PST,PRF,LGSPEC2;0.000225072
cuspi;r>;INS;e;V,1,SG,IND,PST,PRF,LGSPEC2;0.000211339
ender;>;INS;es;V,2,SG,COND;0.000198728
r;>;INS;es;V,2,SG,COND;0.000186746
estazar;>;INS;cemos;V,1,PL,SBJV,PRS;0.000165447
stazar;>;INS;cemos;V,1,PL,SBJV,PRS;0.000150681
r;>;INS;ben;V,IND,PST,3,PL,IPFV;0.000148147
duld;ar>;INS;áb;V,IND,PST,1,PL,IPFV,LGSPEC2;0.000147742
uld;ar>;INS;áb;V,IND,PST,1,PL,IPFV,LGSPEC2;0.000137111
uspi;r>;INS;e;V,1,SG,IND,PST,PRF,LGSPEC2;0.000134852
coñocer;>;INS;stis;V,IND,PST,2,PL,PFV;0.000131465
nder;>;INS;es;V,2,SG,COND;0.000128609
sist;>;DEL;ir;V,IND,PST,3,PL,IPFV;0.000122914
ld;ar>;INS;áb;V,IND,PST,1,PL,IPFV,LGSPEC2;0.000122889
der;>;INS;es;V,2,SG,COND;0.000122339
oñocer;>;INS;stis;V,IND,PST,2,PL,PFV;0.000122027
ard;r>;DEL;e;V,1,PL,COND;0.000118968
llegaliz;ar>;INS;áb;V,IND,PST,1,PL,IPFV,LGSPEC2;0.000118557
zar;>;INS;cemos;V,1,PL,SBJV,PRS;0.000116812
ñocer;>;INS;stis;V,IND,PST,2,PL,PFV;0.000115737
d;ar>;INS;áb;V,IND,PST,1,PL,IPFV,LGSPEC2;0.000113736
ist;>;DEL;ir;V,IND,PST,3,PL,IPFV;0.000113712
r;>;INS;es;V,IND,PRS,2,SG;0.000110805
ocer;>;INS;stis;V,IND,PST,2,PL,PFV;0.000107513
gol;>;DEL;ar;V,1,PL,SBJV,PRS;0.000104631
ar;>;INS;ás;V,2,SG,IND,FUT;0.00010397
ar;>;INS;cemos;V,1,PL,SBJV,PRS;0.000102821
st;>;DEL;ir;V,IND,PST,3,PL,IPFV;0.000101651
rd;r>;DEL;e;V,1,PL,COND;0.00010009
irlandé;s>;INS;e;ADJ,SG,NEUT;9.86662e-05
cer;>;INS;stis;V,IND,PST,2,PL,PFV;9.85715e-05
f;er>;DEL;a;V,2,SG,SBJV,PST,IPFV,LGSPEC4;9.70828e-05
t;>;DEL;ir;V,IND,PST,3,PL,IPFV;9.63776e-05
ar;>;INS;a;V,1,SG,SBJV,PST,IPFV,LGSPEC2;9.57682e-05
rlandé;s>;INS;e;ADJ,SG,NEUT;9.47544e-05
ar;>;INS;áis;V,IND,PRS,2,PL;9.47208e-05
ol;>;DEL;ar;V,1,PL,SBJV,PRS;9.46417e-05
d;r>;DEL;e;V,1,PL,COND;9.46171e-05
r;>;INS;cemos;V,1,PL,SBJV,PRS;9.45796e-05
l;>;DEL;ar;V,1,PL,SBJV,PRS;9.28845e-05
er;>;INS;stis;V,IND,PST,2,PL,PFV;9.23047e-05
a;>;DEL;r;V,IND,PST,2,PL,IPFV,LGSPEC1;8.89681e-05
a;>;DEL;r;V.PTCP,PST,NEUT,SG;8.85436e-05
andé;s>;INS;e;ADJ,SG,NEUT;8.78418e-05
xim;ir>;INS;iest;V,IND,PST,2,SG,PFV,LGSPEC1;8.77841e-05
r;>;INS;stis;V,IND,PST,2,PL,PFV;8.77618e-05
zar;>;INS;ce;V,1,SG,SBJV,PRS;8.67242e-05
g;ar>;INS;ab;V,IND,PST,3,SG,IPFV;8.66555e-05
cer;>;INS;ais;V,2,PL,SBJV,PST,IPFV,LGSPEC1;8.65138e-05
at;r>;DEL;a;V,1,PL,SBJV,PST,IPFV,LGSPEC1;8.51758e-05
ar;>;INS;e;V,1,SG,IND,PST,PRF,LGSPEC1;8.39442e-05
ar;>;INS;esti;V,IND,PST,2,SG,PFV,LGSPEC2;8.37386e-05
ar;>;INS;ais;V,2,PL,IND,PST,PRF,LGSPEC2;8.36695e-05
a;r>;INS;á;V,1,PL,SBJV,PST,IPFV,LGSPEC2;8.36083e-05
ar;>;INS;eis;V,2,PL,IND,PST,PRF,LGSPEC1;8.33681e-05
ar;>;INS;e;V,1,SG,SBJV,PRS;8.3337e-05
r;r>;DEL;a;V,1,PL,IND,PST,PRF,LGSPEC2;8.32749e-05
r;r>;DEL;a;V,1,PL,SBJV,PST,IPFV,LGSPEC2;8.31857e-05
g;r>;DEL;a;V,1,PL,SBJV,PST,IPFV,LGSPEC2;8.31199e-05
ar;>;INS;es;V,2,SG,SBJV,PRS,LGSPEC1;8.30991e-05
t;r>;DEL;a;V,1,PL,SBJV,PST,IPFV,LGSPEC2;8.30035e-05
ir;>;INS;é;V,1,SG,SBJV,PRS;8.29826e-05
facer;>;INS;ais;V,2,PL,SBJV,PST,IPFV,LGSPEC1;8.29488e-05
i;r>;INS;e;V,2,PL,IND,PST,PRF,LGSPEC1;8.29039e-05
l;r>;DEL;a;V,1,PL,IND,PST,PRF,LGSPEC1;8.27719e-05
er;>;INS;íes;V,2,SG,SBJV,PST,IPFV;8.1971e-05
dé;s>;INS;e;ADJ,SG,NEUT;8.18185e-05
er;>;INS;n;V,IND,PST,3,PL,IPFV;8.16607e-05
acer;>;INS;ais;V,2,PL,SBJV,PST,IPFV,LGSPEC1;8.07768e-05
nsug;>;DEL;ar;V,IND,PST,1,SG,PFV;8.07505e-05
r;>;INS;ó;V,IND,PST,3,SG,PFV;8.00625e-05
r;>;INS;a;V,3,SG,SBJV,PST,IPFV,LGSPEC2;8.00187e-05
a;>;DEL;r;V,3,PL,SBJV,PRS,LGSPEC2;7.99909e-05
r;>;INS;ndo;V.CVB,PRS;7.99235e-05
i;>;DEL;ar;V,1,PL,SBJV,PRS;7.98955e-05
i;>;DEL;ar;V,3,SG,SBJV,PRS;7.98756e-05
a;>;DEL;r;V,2,SG,SBJV,PRS,LGSPEC2;7.98128e-05
i;>;DEL;car;V,2,SG,SBJV,PRS,LGSPEC1;7.97539e-05
g;>;DEL;ar;V,IND,PST,2,PL,PFV,LGSPEC2;7.97063e-05
a;>;DEL;r;V,IND,PRS,3,SG;7.96594e-05
é;s>;INS;e;ADJ,SG,NEUT;7.92498e-05
er;>;INS;ais;V,2,PL,SBJV,PST,IPFV,LGSPEC1;7.81409e-05
t;r>;DEL;ra;V,1,PL,SBJV,PRS;7.80957e-05
a;>;DEL;cer;V.CVB,PRS,LGSPEC2;7.79874e-05
m;>;DEL;er;V,2,PL,IMP;7.71746e-05
im;ir>;INS;iest;V,IND,PST,2,SG,PFV,LGSPEC1;7.68941e-05
ensug;>;DEL;ar;V,IND,PST,1,SG,PFV;7.59222e-05
fa;>;DEL;cer;V.CVB,PRS,LGSPEC2;7.58681e-05
om;>;DEL;er;V,2,PL,IMP;7.58492e-05
sug;>;DEL;ar;V,IND,PST,1,SG,PFV;7.5726e-05
m;ir>;INS;iest;V,IND,PST,2,SG,PFV,LGSPEC1;7.57071e-05
nt;r>;DEL;ra;V,1,PL,SBJV,PRS;7.56787e-05
petrific;>;DEL;ar;V,IND,PST,1,SG,PFV;7.54592e-05
egaliz;ar>;INS;áb;V,IND,PST,1,PL,IPFV,LGSPEC2;7.5174e-05
escuch;r>;DEL;a;V,1,PL,IND,PST,PRF,LGSPEC1;7.47313e-05
ug;>;DEL;ar;V,IND,PST,1,SG,PFV;7.46471e-05
etrific;>;DEL;ar;V,IND,PST,1,SG,PFV;7.4556e-05
com;>;DEL;er;V,2,PL,IMP;7.41841e-05
omitir;>;INS;íemos;V,IND,PST,1,PL,IPFV,LGSPEC1;7.40274e-05
trific;>;DEL;ar;V,IND,PST,1,SG,PFV;7.40082e-05
scuch;r>;DEL;a;V,1,PL,IND,PST,PRF,LGSPEC1;7.38837e-05
recoye;>;DEL;r;V,IND,PST,2,PL,PFV,LGSPEC2;7.38649e-05
lluch;>;DEL;ar;V,2,PL,IMP;7.33914e-05
mitir;>;INS;íemos;V,IND,PST,1,PL,IPFV,LGSPEC1;7.32115e-05
ecoye;>;DEL;r;V,IND,PST,2,PL,PFV,LGSPEC2;7.31128e-05
ent;r>;DEL;ra;V,1,PL,SBJV,PRS;7.30108e-05
r;>;INS;ás;V,2,SG,IND,FUT;7.28329e-05
faer;>;INS;e;V,1,SG,SBJV,PST,IPFV,LGSPEC2;7.28079e-05
desafi;>;DEL;ar;V,1,SG,SBJV,PRS;7.27852e-05
g;>;DEL;ar;V,IND,PST,1,SG,PFV;7.2765e-05
facer;>;INS;amos;V,1,PL,SBJV,PST,IPFV,LGSPEC1;7.26841e-05
luch;>;DEL;ar;V,2,PL,IMP;7.26171e-05
uch;r>;DEL;a;V,1,PL,IND,PST,PRF,LGSPEC1;7.25988e-05
itir;>;INS;íemos;V,IND,PST,1,PL,IPFV,LGSPEC1;7.25219e-05
ific;>;DEL;ar;V,IND,PST,1,SG,PFV;7.2445e-05
vol;ar>;INS;ad;V.PTCP,PST,FEM,SG;7.23551e-05
ol;ar>;INS;ad;V.PTCP,PST,FEM,SG;7.22914e-05
produci;>;DEL;r;V.CVB,PRS;7.22656e-05
esafi;>;DEL;ar;V,1,SG,SBJV,PRS;7.22217e-05
uch;>;DEL;ar;V,2,PL,IMP;7.21299e-05
aer;>;INS;e;V,1,SG,SBJV,PST,IPFV,LGSPEC2;7.21119e-05
tom;>;DEL;ar;V,2,PL,SBJV,PRS;7.20929e-05
acer;>;INS;amos;V,1,PL,SBJV,PST,IPFV,LGSPEC1;7.20673e-05
safi;>;DEL;ar;V,1,SG,SBJV,PRS;7.20491e-05
t;r>;DEL;a;V,1,PL,SBJV,PST,IPFV,LGSPEC1;7.20111e-05
ch;r>;DEL;a;V,1,PL,IND,PST,PRF,LGSPEC1;7.19801e-05
oye;>;DEL;r;V,IND,PST,2,PL,PFV,LGSPEC2;7.19618e-05
tir;>;INS;íemos;V,IND,PST,1,PL,IPFV,LGSPEC1;7.18615e-05
<ac;>;DEL;oyer;V,2,SG,SBJV,PRS;7.18436e-05
fic;>;DEL;ar;V,IND,PST,1,SG,PFV;7.18255e-05
pae;>;DEL;cer;V,IND,PRS,1,SG;7.17252e-05
cer;>;INS;amos;V,1,PL,SBJV,PST,IPFV,LGSPEC1;7.16662e-05
obsoletu;>;INS;os;ADJ,PL,MASC;7.16353e-05
ar;>;INS;íes;V,2,SG,COND;7.15996e-05
ac;er>;INS;i;V,3,SG,SBJV,PST,IPFV,LGSPEC1;7.15423e-05
r;>;INS;íes;V,2,SG,SBJV,PST,IPFV;7.15182e-05
fac;er>;INS;i;V,3,SG,SBJV,PST,IPFV,LGSPEC1;7.14804e-05
esclu;>;DEL;car;V,2,PL,SBJV,PRS;7.14605e-05
r;>;INS;n;V,IND,PST,3,PL,IPFV;7.1437e-05
r;>;INS;mos;V,IND,PRS,1,PL;7.14144e-05
ac;>;DEL;oyer;V,2,SG,SBJV,PRS;7.13889e-05
ch;>;DEL;ar;V,2,PL,IMP;7.13416e-05
h;r>;DEL;a;V,1,PL,IND,PST,PRF,LGSPEC1;7.12937e-05
om;>;DEL;ar;V,2,PL,SBJV,PRS;7.12735e-05
mud;>;DEL;ar;V,2,PL,SBJV,PRS;7.12301e-05
er;>;INS;e;V,1,SG,SBJV,PST,IPFV,LGSPEC2;7.12065e-05
ye;>;DEL;r;V,IND,PST,2,PL,PFV,LGSPEC2;7.11587e-05
afi;>;DEL;ar;V,1,SG,SBJV,PRS;7.11298e-05
ic;>;DEL;ar;V,IND,PST,1,SG,PFV;7.10915e-05
roduci;>;DEL;r;V.CVB,PRS;7.106e-05
l;ar>;INS;ad;V.PTCP,PST,FEM,SG;7.10297e-05
p;>;DEL;oder;V,IND,PRS,3,PL,LGSPEC2;7.09772e-05
er;>;INS;amos;V,1,PL,SBJV,PST,IPFV,LGSPEC1;7.09573e-05
ar;>;INS;é;V,1,SG,IND,FUT;7.09221e-05
ae;>;DEL;cer;V,IND,PRS,1,SG;7.08903e-05
ar;>;INS;a;V,3,SG,IND,PST,PRF,LGSPEC2;7.08688e-05
oletu;>;INS;os;ADJ,PL,MASC;7.08485e-05
tra;er>;INS;í;V,IND,PST,3,PL,IPFV,LGSPEC2;7.08264e-05
a;>;DEL;r;V.PTCP,PST,MASC,PL;7.07921e-05
r;>;INS;íemos;V,IND,PST,1,PL,IPFV,LGSPEC1;7.07318e-05
r;>;INS;e;V,1,SG,SBJV,PST,IPFV,LGSPEC2;7.06948e-05
oduci;>;DEL;r;V.CVB,PRS;7.06726e-05
sang;r>;DEL;ra;V,IND,PST,1,PL,IPFV,LGSPEC1;7.06529e-05
ud;>;DEL;ar;V,2,PL,SBJV,PRS;7.06306e-05
ang;r>;DEL;ra;V,IND,PST,1,PL,IPFV,LGSPEC1;7.06038e-05
h;>;DEL;ar;V,2,PL,IMP;7.05613e-05
car;>;INS;quas;V,2,SG,SBJV,PRS,LGSPEC2;7.052e-05
fi;>;DEL;ar;V,1,SG,SBJV,PRS;7.04974e-05
r;ar>;INS;ab;V,IND,PST,1,SG,IPFV;7.04751e-05
clu;>;DEL;car;V,2,PL,SBJV,PRS;7.0453e-05
c;er>;INS;i;V,3,SG,SBJV,PST,IPFV,LGSPEC1;7.04334e-05
e;>;DEL;r;V,IND,PST,2,PL,PFV,LGSPEC2;7.04085e-05
c;>;DEL;ar;V,IND,PST,1,SG,PFV;7.03889e-05
com;er>;INS;í;V,IND,PST,1,PL,IPFV;7.03589e-05
e;>;DEL;cer;V,IND,PRS,1,SG;7.03323e-05
a;>;DEL;r;V,IND,PST,3,SG,IPFV;7.02846e-05
r;>;INS;amos;V,1,PL,SBJV,PST,IPFV,LGSPEC1;7.02586e-05
duci;>;DEL;r;V.CVB,PRS;7.0235e-05
ng;r>;DEL;ra;V,IND,PST,1,PL,IPFV,LGSPEC1;7.01961e-05
d;>;DEL;ar;V,2,PL,SBJV,PRS;7.01654e-05
poder;>;INS;an;V,3,PL,SBJV,PST,IPFV,LGSPEC1;7.01443e-05
allarg;>;DEL;ar;V,2,PL,SBJV,PRS;7.01225e-05
ar;>;INS;éis;V,2,PL,IND,FUT;7.00903e-05
letu;>;INS;os;ADJ,PL,MASC;7.0061e-05
ar;>;INS;emos;V,IND,PST,1,PL,PFV;7.0036e-05
ar;>;INS;as;V,2,SG,SBJV,PST,IPFV,LGSPEC2;7.0016e-05
i;r>;DEL;a;V,1,PL,SBJV,PST,IPFV,LGSPEC2;6.99916e-05
i;r>;INS;e;V,3,PL,COND,LGSPEC1;6.99694e-05
ar;>;INS;emos;V,1,PL,SBJV,PRS;6.99322e-05
er;>;INS;as;V,2,SG,SBJV,PST,IPFV,LGSPEC1;6.99079e-05
lu;>;DEL;car;V,2,PL,SBJV,PRS;6.9885e-05
uci;>;DEL;r;V.CVB,PRS;6.98625e-05
etu;>;INS;os;ADJ,PL,MASC;6.98429e-05
om;er>;INS;í;V,IND,PST,1,PL,IPFV;6.98098e-05
u;>;DEL;car;V,2,PL,SBJV,PRS;6.97871e-05
g;r>;DEL;ra;V,IND,PST,1,PL,IPFV,LGSPEC1;6.97608e-05
que;>;DEL;rer;V,IND,PST,2,PL,PFV,LGSPEC2;6.97252e-05
i;>;DEL;ar;V,2,SG,SBJV,PRS,LGSPEC1;6.9681e-05
n;>;DEL;u;ADJ,PL,FEM;6.9661e-05
t;>;DEL;ar;V,IND,PST,3,SG,PFV;6.9641e-05
r;>;INS;ái;V,2,PL,IMP;6.96204e-05
l;>;DEL;ar;V,IND,PST,1,SG,PFV;6.95993e-05
i;>;DEL;r;V.PTCP,PST,FEM,SG;6.95799e-05
ra;er>;INS;í;V,IND,PST,3,PL,IPFV,LGSPEC2;6.95592e-05
ci;>;DEL;r;V.CVB,PRS;6.95324e-05
m;er>;INS;í;V,IND,PST,1,PL,IPFV;6.95111e-05
der;>;INS;an;V,3,PL,SBJV,PST,IPFV,LGSPEC1;6.94913e-05
u;>;INS;os;ADJ,PL,MASC;6.94326e-05
existir;>;INS;es;V,IND,PRS,2,SG;6.94102e-05
coñoce;>;DEL;r;V,IND,PST,2,PL,PFV;6.93785e-05
i;>;DEL;r;V.CVB,PRS;6.93578e-05
e;>;DEL;rer;V,IND,PST,2,PL,PFV,LGSPEC2;6.93383e-05
entren;r>;DEL;a;V,1,PL,SBJV,PST,IPFV,LGSPEC2;6.93038e-05
acoyer;>;INS;s;V.PTCP,PST,FEM,PL;6.92804e-05
rg;>;DEL;ar;V,2,PL,SBJV,PRS;6.92589e-05
oñoce;>;DEL;r;V,IND,PST,2,PL,PFV;6.92307e-05
face;r>;INS;d;V,2,PL,IND,FUT,LGSPEC1;6.92113e-05
coyer;>;INS;s;V.PTCP,PST,FEM,PL;6.91835e-05
collech;>;DEL;ar;V,IND,PST,1,SG,PFV;6.91603e-05
oder;>;INS;an;V,3,PL,SBJV,PST,IPFV,LGSPEC1;6.91387e-05
larg;>;DEL;ar;V,2,PL,SBJV,PRS;6.91195e-05
ue;>;DEL;rer;V,IND,PST,2,PL,PFV,LGSPEC2;6.90976e-05
ntren;r>;DEL;a;V,1,PL,SBJV,PST,IPFV,LGSPEC2;6.90782e-05
med;r>;DEL;ra;V,2,PL,IMP;6.90546e-05
viax;>;DEL;ar;V,3,PL,SBJV,PRS,LGSPEC1;6.90353e-05
checu;>;INS;a;ADJ,SG,FEM;6.90125e-05
pon;er>;INS;x;V,2,SG,COND,LGSPEC1;6.89932e-05
ñoce;>;DEL;r;V,IND,PST,2,PL,PFV;6.89739e-05
ace;r>;INS;d;V,2,PL,IND,FUT,LGSPEC1;6.89528e-05
arg;>;DEL;ar;V,2,PL,SBJV,PRS;6.89301e-05
cazar;>;INS;cemos;V,IND,PST,1,PL,PFV;6.89108e-05
oyer;>;INS;s;V.PTCP,PST,FEM,PL;6.88914e-05
stir;>;INS;es;V,IND,PRS,2,SG;6.88703e-05
sacrifi;>;DEL;car;V,2,SG,SBJV,PRS,LGSPEC1;6.88482e-05
<cusp;>;DEL;ir;V,2,PL,IND,FUT;6.88284e-05
g;>;DEL;ar;V,2,PL,SBJV,PRS;6.88092e-05
hecu;>;INS;a;ADJ,SG,FEM;6.87861e-05
azar;>;INS;cemos;V,IND,PST,1,PL,PFV;6.8767e-05
oce;>;DEL;r;V,IND,PST,2,PL,PFV;6.87475e-05
ce;r>;INS;d;V,2,PL,IND,FUT,LGSPEC1;6.87283e-05
ed;r>;DEL;ra;V,2,PL,IMP;6.87091e-05
fumi;r>;DEL;a;V,1,PL,SBJV,PST,IPFV,LGSPEC2;6.86891e-05
iax;>;DEL;ar;V,3,PL,SBJV,PRS,LGSPEC1;6.86697e-05
on;er>;INS;x;V,2,SG,COND,LGSPEC1;6.86502e-05
er;>;INS;an;V,3,PL,SBJV,PST,IPFV,LGSPEC1;6.86298e-05
faer;>;INS;eis;V,2,PL,SBJV,PST,IPFV,LGSPEC4;6.86101e-05
ximi;>;DEL;r;V,IND,PST,2,SG,PFV,LGSPEC1;6.8591e-05
tir;>;INS;es;V,IND,PRS,2,SG;6.85717e-05
cusp;>;DEL;ir;V,2,PL,IND,FUT;6.85509e-05
yer;>;INS;s;V.PTCP,PST,FEM,PL;6.85311e-05
ren;r>;DEL;a;V,1,PL,SBJV,PST,IPFV,LGSPEC2;6.85109e-05
n;er>;INS;x;V,2,SG,COND,LGSPEC1;6.84906e-05
zar;>;INS;cemos;V,IND,PST,1,PL,PFV;6.84704e-05
ecu;>;INS;a;ADJ,SG,FEM;6.84501e-05
egar;>;INS;uesti;V,IND,PST,2,SG,PFV,LGSPEC2;6.84308e-05
aer;>;INS;eis;V,2,PL,SBJV,PST,IPFV,LGSPEC4;6.84108e-05
r;>;INS;mos;V,IND,PST,1,PL,IPFV,LGSPEC2;6.83917e-05
d;r>;DEL;ra;V,2,PL,IMP;6.83725e-05
e;r>;INS;d;V,2,PL,IND,FUT,LGSPEC1;6.83535e-05
r;>;INS;as;V,2,SG,SBJV,PST,IPFV,LGSPEC1;6.83343e-05
r;>;INS;emos;V,1,PL,SBJV,PRS;6.8315e-05
ax;>;DEL;ar;V,3,PL,SBJV,PRS,LGSPEC1;6.8295e-05
ir;>;INS;es;V,IND,PRS,2,SG;6.82759e-05
imi;>;DEL;r;V,IND,PST,2,SG,PFV,LGSPEC1;6.82561e-05
usp;>;DEL;ir;V,2,PL,IND,FUT;6.8236e-05
er;>;INS;s;V.PTCP,PST,FEM,PL;6.82168e-05
qu;>;DEL;erer;V,IND,PST,1,SG,PFV;6.81971e-05
f;er>;DEL;a;V,2,PL,SBJV,PST,IPFV,LGSPEC1;6.81778e-05
n;ar>;INS;áb;V,IND,PST,1,PL,IPFV,LGSPEC2;6.81578e-05
er;r>;DEL;ra;V,IND,PST,2,SG,PFV,LGSPEC2;6.81387e-05
a;>;DEL;r;V,IND,PST,1,PL,IPFV,LGSPEC2;6.81196e-05
espoxigar;>;INS;uestis;V,IND,PST,2,PL,PFV,LGSPEC2;6.80999e-05
sp;>;DEL;ir;V,2,PL,IND,FUT;6.80804e-05
e;>;DEL;r;V,IND,PST,2,PL,PFV;6.80609e-05
ar;>;INS;cemos;V,IND,PST,1,PL,PFV;6.80418e-05
n;r>;DEL;a;V,1,PL,SBJV,PST,IPFV,LGSPEC2;6.80228e-05
mi;>;DEL;r;V,IND,PST,2,SG,PFV,LGSPEC1;6.80039e-05
x;>;DEL;ar;V,3,PL,SBJV,PRS,LGSPEC1;6.79847e-05
ener;>;INS;ás;V,2,SG,SBJV,PRS;6.79656e-05
u;>;DEL;erer;V,IND,PST,1,SG,PFV;6.79461e-05
er;>;INS;eis;V,2,PL,SBJV,PST,IPFV,LGSPEC4;6.79267e-05
acrifi;>;DEL;car;V,2,SG,SBJV,PRS,LGSPEC1;6.79077e-05
r;>;INS;s;V.PTCP,PST,FEM,PL;6.78885e-05
spoxigar;>;INS;uestis;V,IND,PST,2,PL,PFV,LGSPEC2;6.78693e-05
t;>;DEL;ar;V,IND,PST,1,SG,PFV;6.78503e-05
ar;>;INS;stis;V,IND,PST,2,PL,PFV,LGSPEC1;6.78314e-05
ud;>;DEL;ar;V,IND,PST,1,PL,IPFV,LGSPEC1;6.7812e-05
y;r>;DEL;a;V,1,PL,IND,PST,PRF,LGSPEC1;6.77931e-05
ar;>;INS;es;V,2,SG,SBJV,PST,IPFV,LGSPEC1;6.77742e-05
ud;>;DEL;ar;V,IND,PRS,2,SG;6.77552e-05
ar;>;INS;a;V,1,SG,IND,PST,PRF,LGSPEC2;6.7736e-05
ta;r>;INS;uvié;V,1,PL,SBJV,PST,IPFV,LGSPEC2;6.77164e-05
faer;>;INS;s;V,2,SG,COND,LGSPEC1;6.76973e-05
u;>;INS;a;ADJ,SG,FEM;6.76781e-05
r;>;INS;cemos;V,IND,PST,1,PL,PFV;6.76593e-05
i;>;DEL;r;V,IND,PST,2,SG,PFV,LGSPEC1;6.764e-05
p;>;DEL;ir;V,2,PL,IND,FUT;6.76212e-05
r;>;INS;eis;V,2,PL,SBJV,PST,IPFV,LGSPEC4;6.76024e-05
r;>;INS;emos;V,1,PL,SBJV,PST,IPFV,LGSPEC1;6.75825e-05
t;>;DEL;ar;V,2,PL,IMP;6.75637e-05
d;>;DEL;ar;V,3,SG,SBJV,PRS;6.75448e-05
i;>;DEL;ar;V.PTCP,PST,MASC,SG;6.7526e-05
r;>;INS;emos;V,1,PL,IND,FUT;6.75071e-05
amo;sar>;INS;sesti;V,IND,PST,2,PL,PFV,LGSPEC2;6.74882e-05
a;r>;INS;uvié;V,1,PL,SBJV,PST,IPFV,LGSPEC2;6.74692e-05
oxigar;>;INS;uestis;V,IND,PST,2,PL,PFV,LGSPEC2;6.74503e-05
escrib;>;DEL;ir;V,2,PL,IND,FUT;6.74312e-05
tener;>;INS;ás;V,2,SG,SBJV,PRS;6.74122e-05
sonri;r>;INS;e;V,2,PL,COND,LGSPEC1;6.73933e-05
es;istir>;INS;ist;V,IND,PST,2,SG,PFV,LGSPEC2;6.73744e-05
s;istir>;INS;ist;V,IND,PST,2,SG,PFV,LGSPEC2;6.73554e-05
aer;>;INS;s;V,2,SG,COND,LGSPEC1;6.73366e-05
mo;sar>;INS;sesti;V,IND,PST,2,PL,PFV,LGSPEC2;6.73176e-05
scrib;>;DEL;ir;V,2,PL,IND,FUT;6.72989e-05
er;>;INS;ás;V,2,SG,SBJV,PRS;6.72801e-05
preñ;r>;DEL;a;V,1,PL,SBJV,PST,IPFV,LGSPEC2;6.72611e-05
onri;r>;INS;e;V,2,PL,COND,LGSPEC1;6.72423e-05
deriv;ar>;INS;ab;V,IND,PST,3,SG,IPFV;6.72233e-05
er;>;INS;s;V,2,SG,COND,LGSPEC1;6.72044e-05
igar;>;INS;uestis;V,IND,PST,2,PL,PFV,LGSPEC2;6.71856e-05
o;sar>;INS;sesti;V,IND,PST,2,PL,PFV,LGSPEC2;6.71668e-05
ner;>;INS;ás;V,2,SG,SBJV,PRS;6.71481e-05
r;>;INS;ía;V,1,SG,COND;6.71293e-05
r;>;INS;s;V,2,SG,COND,LGSPEC1;6.71106e-05
crib;>;DEL;ir;V,2,PL,IND,FUT;6.70919e-05
reñ;r>;DEL;a;V,1,PL,SBJV,PST,IPFV,LGSPEC2;6.70731e-05
escoyer;>;INS;ía;V,IND,PST,3,SG,IPFV;6.70544e-05
nri;r>;INS;e;V,2,PL,COND,LGSPEC1;6.70356e-05
gar;>;INS;uestis;V,IND,PST,2,PL,PFV,LGSPEC2;6.70168e-05
fi;>;DEL;car;V,2,SG,SBJV,PRS,LGSPEC1;6.69981e-05
rib;>;DEL;ir;V,2,PL,IND,FUT;6.69794e-05
eriv;ar>;INS;ab;V,IND,PST,3,SG,IPFV;6.69607e-05
eñ;r>;DEL;a;V,1,PL,SBJV,PST,IPFV,LGSPEC2;6.69419e-05
ri;r>;INS;e;V,2,PL,COND,LGSPEC1;6.69233e-05
ar;>;INS;an;V,3,PL,IND,PST,PRF,LGSPEC2;6.69046e-05
ar;>;INS;es;V,2,SG,IND,PST,PRF,LGSPEC1;6.6886e-05
riv;ar>;INS;ab;V,IND,PST,3,SG,IPFV;6.68673e-05
esix;>;DEL;ir;V,IND,PST,1,PL,IPFV,LGSPEC2;6.68486e-05
mena;>;DEL;zar;V,1,SG,SBJV,PRS;6.683e-05
fa;er>;INS;ix;V,2,SG,SBJV,PST,IPFV,LGSPEC4;6.68113e-05
amena;>;DEL;zar;V,1,SG,SBJV,PRS;6.67927e-05
coyer;>;INS;ía;V,IND,PST,3,SG,IPFV;6.67741e-05
r;>;INS;a;V,1,SG,IND,PST,PRF,LGSPEC2;6.67554e-05
ar;>;INS;uestis;V,IND,PST,2,PL,PFV,LGSPEC2;6.67368e-05
ar;>;INS;íeis;V,2,PL,COND,LGSPEC1;6.67182e-05
ctiv;>;DEL;ar;V,2,PL,SBJV,PRS;6.66996e-05
ñ;ar>;INS;ab;V,IND,PST,3,SG,IPFV;6.6681e-05
ñ;r>;DEL;a;V,1,PL,SBJV,PST,IPFV,LGSPEC2;6.66624e-05
ib;>;DEL;ir;V,2,PL,IND,FUT;6.66438e-05
a;er>;INS;ix;V,2,SG,SBJV,PST,IPFV,LGSPEC4;6.66253e-05
iv;ar>;INS;ab;V,IND,PST,3,SG,IPFV;6.66067e-05
i;r>;INS;e;V,2,PL,COND,LGSPEC1;6.65881e-05
six;>;DEL;ir;V,IND,PST,1,PL,IPFV,LGSPEC2;6.65695e-05
existir;>;INS;e;V,1,SG,COND,LGSPEC1;6.65509e-05
oyer;>;INS;ía;V,IND,PST,3,SG,IPFV;6.65324e-05
fumi;>;DEL;ar;V,IND,PST,2,PL,PFV,LGSPEC2;6.65138e-05
i;r>;INS;e;V,2,SG,COND,LGSPEC2;6.64953e-05
ar;>;INS;íais;V,2,PL,COND,LGSPEC2;6.64575e-05
i;r>;INS;e;V,1,SG,IND,PST,PRF,LGSPEC1;6.64382e-05
t;r>;DEL;a;V,1,PL,IND,PST,PRF,LGSPEC2;6.64189e-05
i;r>;INS;e;V,1,SG,COND,LGSPEC1;6.63997e-05
s;r>;DEL;a;V,1,PL,IND,PST,PRF,LGSPEC2;6.63804e-05
r;>;INS;uestis;V,IND,PST,2,PL,PFV,LGSPEC2;6.63612e-05
v;ar>;INS;ab;V,IND,PST,3,SG,IPFV;6.63419e-05
ena;>;DEL;zar;V,1,SG,SBJV,PRS;6.63227e-05
ar;>;INS;á;V,3,SG,IND,FUT;6.63035e-05
b;>;DEL;ir;V,2,PL,IND,FUT;6.62842e-05
ix;>;DEL;ir;V,IND,PST,1,PL,IPFV,LGSPEC2;6.6265e-05
iv;>;DEL;ar;V,2,PL,SBJV,PRS;6.62458e-05
faer;>;INS;as;V,2,SG,SBJV,PST,IPFV,LGSPEC1;6.62266e-05
xistir;>;INS;e;V,1,SG,COND,LGSPEC1;6.62074e-05
emprim;>;DEL;ar;V,2,SG,SBJV,PRS,LGSPEC1;6.61881e-05
er;>;INS;ía;V,IND,PST,3,SG,IPFV;6.61689e-05
afumi;>;DEL;ar;V,IND,PST,2,PL,PFV,LGSPEC2;6.61498e-05
r;>;INS;stis;V,IND,PST,2,PL,PFV,LGSPEC2;6.61306e-05
l;>;DEL;ar;V,2,PL,SBJV,PRS;6.61114e-05
t;>;DEL;ar;V,IND,PRS,2,PL;6.60922e-05
t;>;DEL;ar;V,1,PL,SBJV,PRS;6.60731e-05
l;>;DEL;ar;V,IND,PST,1,PL,PFV;6.60539e-05
estaz;>;DEL;ar;V,2,PL,IMP;6.60347e-05
traer;>;INS;n;V,IND,PRS,3,PL,LGSPEC1;6.60156e-05
mex;ar>;INS;ab;V,IND,PST,1,SG,IPFV;6.59965e-05
naveg;r>;DEL;a;V,1,PL,SBJV,PST,IPFV,LGSPEC2;6.59773e-05
parir;>;INS;es;V,2,SG,COND,LGSPEC1;6.59582e-05
na;>;DEL;zar;V,1,SG,SBJV,PRS;6.59391e-05
mi;>;DEL;ar;V,IND,PST,2,PL,PFV,LGSPEC2;6.59199e-05
istir;>;INS;e;V,1,SG,COND,LGSPEC1;6.59008e-05
aer;>;INS;as;V,2,SG,SBJV,PST,IPFV,LGSPEC1;6.58817e-05
mprim;>;DEL;ar;V,2,SG,SBJV,PRS,LGSPEC1;6.58626e-05
esplo;r>;DEL;ra;V,IND,PRS,2,SG;6.58435e-05
x;>;DEL;ir;V,IND,PST,1,PL,IPFV,LGSPEC2;6.58244e-05
conoc;>;DEL;er;V,IND,PRS,2,PL;6.58053e-05
sistir;>;INS;íu;V.PTCP,PST,MASC,SG;6.57863e-05
v;>;DEL;ar;V,2,PL,SBJV,PRS;6.57672e-05
caus;>;DEL;ar;V,1,SG,SBJV,PRS;6.57481e-05
splo;r>;DEL;ra;V,IND,PRS,2,SG;6.5729e-05
a;>;DEL;zar;V,1,SG,SBJV,PRS;6.571e-05
arir;>;INS;es;V,2,SG,COND,LGSPEC1;6.56909e-05
stir;>;INS;e;V,1,SG,COND,LGSPEC1;6.56719e-05
ex;ar>;INS;ab;V,IND,PST,1,SG,IPFV;6.56528e-05
trayer;>;INS;mos;V,IND,PRS,1,PL,LGSPEC2;6.56338e-05
staz;>;DEL;ar;V,2,PL,IMP;6.56148e-05
raer;>;INS;n;V,IND,PRS,3,PL,LGSPEC1;6.55957e-05
aveg;r>;DEL;a;V,1,PL,SBJV,PST,IPFV,LGSPEC2;6.55767e-05
esist;>;DEL;ir;V,IND,PST,1,PL,IPFV,LGSPEC2;6.55577e-05
istir;>;INS;íu;V.PTCP,PST,MASC,SG;6.55387e-05
umi;>;DEL;ar;V,IND,PST,2,PL,PFV,LGSPEC2;6.55197e-05
prim;>;DEL;ar;V,2,SG,SBJV,PRS,LGSPEC1;6.55007e-05
onoc;>;DEL;er;V,IND,PRS,2,PL;6.54817e-05
r;>;INS;ía;V,IND,PST,3,SG,IPFV;6.54627e-05
ino;r>;DEL;ra;V,1,SG,SBJV,PRS;6.54437e-05
veg;r>;DEL;a;V,1,PL,SBJV,PST,IPFV,LGSPEC2;6.54248e-05
aer;>;INS;n;V,IND,PRS,3,PL,LGSPEC1;6.54058e-05
aus;>;DEL;ar;V,1,SG,SBJV,PRS;6.53868e-05
plo;r>;DEL;ra;V,IND,PRS,2,SG;6.53679e-05
esendol;>;DEL;car;V,IND,PST,2,PL,PFV,LGSPEC2;6.53489e-05
taz;>;DEL;ar;V,2,PL,IMP;6.533e-05
rir;>;INS;es;V,2,SG,COND,LGSPEC1;6.5311e-05
x;ar>;INS;ab;V,IND,PST,1,SG,IPFV;6.52921e-05
stir;>;INS;íu;V.PTCP,PST,MASC,SG;6.52732e-05
in;ar>;INS;ad;V.PTCP,PST,FEM,SG;6.52542e-05
rayer;>;INS;mos;V,IND,PRS,1,PL,LGSPEC2;6.52353e-05
tir;>;INS;e;V,1,SG,COND,LGSPEC1;6.52164e-05
sist;>;DEL;ir;V,IND,PST,1,PL,IPFV,LGSPEC2;6.51975e-05
desendol;>;DEL;car;V,IND,PST,2,PL,PFV,LGSPEC2;6.51786e-05
poy;>;DEL;ar;V,IND,PRS,2,SG;6.51597e-05
r;>;INS;a;V,3,SG,IND,PST,PRF,LGSPEC2;6.51408e-05
rim;>;DEL;ar;V,2,SG,SBJV,PRS,LGSPEC1;6.51219e-05
noc;>;DEL;er;V,IND,PRS,2,PL;6.5103e-05
coy;er>;INS;í;V,IND,PST,3,PL,IPFV;6.50841e-05
ayer;>;INS;mos;V,IND,PRS,1,PL,LGSPEC2;6.50653e-05
du;r>;DEL;ra;V,IND,PRS,2,SG;6.50464e-05
no;r>;DEL;ra;V,1,SG,SBJV,PRS;6.50275e-05
oy;er>;INS;í;V,IND,PST,3,PL,IPFV;6.50087e-05
producir;>;INS;íemos;V,1,PL,SBJV,PST,IPFV,LGSPEC1;6.49898e-05
ir;>;INS;es;V,2,SG,COND,LGSPEC1;6.4971e-05
eg;r>;DEL;a;V,1,PL,SBJV,PST,IPFV,LGSPEC2;6.49522e-05
ist;>;DEL;ir;V,IND,PST,1,PL,IPFV,LGSPEC2;6.49333e-05
tir;>;INS;íu;V.PTCP,PST,MASC,SG;6.49145e-05
m;ar>;INS;áb;V,IND,PST,1,PL,IPFV,LGSPEC2;6.48957e-05
az;>;DEL;ar;V,2,PL,IMP;6.48769e-05
entrugar;>;INS;ue;V,1,SG,SBJV,PRS;6.48581e-05
us;>;DEL;ar;V,1,SG,SBJV,PRS;6.48392e-05
er;>;INS;n;V,IND,PRS,3,PL,LGSPEC1;6.48204e-05
r;>;INS;á;V,3,SG,IND,FUT;6.48017e-05
ir;>;INS;e;V,1,SG,COND,LGSPEC1;6.47829e-05
oy;>;DEL;ar;V,IND,PRS,2,SG;6.47641e-05
i;>;DEL;ar;V,IND,PST,2,PL,PFV,LGSPEC2;6.47453e-05
ndol;>;DEL;car;V,IND,PST,2,PL,PFV,LGSPEC2;6.47265e-05
oc;>;DEL;er;V,IND,PRS,2,PL;6.47078e-05
mat;>;DEL;ar;V,IND,PRS,1,SG;6.4689e-05
im;>;DEL;ar;V,2,SG,SBJV,PRS,LGSPEC1;6.46702e-05
sendol;>;DEL;car;V,IND,PST,2,PL,PFV,LGSPEC2;6.46515e-05
roducir;>;INS;íemos;V,1,PL,SBJV,PST,IPFV,LGSPEC1;6.46327e-05
o;r>;DEL;ra;V,1,SG,SBJV,PRS;6.4614e-05
u;r>;DEL;ra;V,IND,PRS,2,SG;6.45953e-05
al;endar>;INS;i;V,3,PL,SBJV,PRS,LGSPEC2;6.45765e-05
o;r>;DEL;ra;V,IND,PRS,2,SG;6.45578e-05
st;>;DEL;ir;V,IND,PST,1,PL,IPFV,LGSPEC2;6.45391e-05
yer;>;INS;mos;V,IND,PRS,1,PL,LGSPEC2;6.45204e-05
ntrugar;>;INS;ue;V,1,SG,SBJV,PRS;6.45017e-05
t;r>;DEL;ra;V,IND,PST,1,PL,IPFV,LGSPEC1;6.4483e-05
in;>;DEL;ar;V,IND,PST,3,SG,PFV;6.44448e-05
ar;>;INS;on;V,IND,PST,3,PL,PFV;6.44253e-05
rexist;r>;DEL;ra;V,IND,PST,1,PL,IPFV,LGSPEC1;6.44059e-05
endol;>;DEL;car;V,IND,PST,2,PL,PFV,LGSPEC2;6.43864e-05
ntest;>;DEL;ar;V,3,PL,SBJV,PRS,LGSPEC1;6.4367e-05
s;>;DEL;ar;V,1,SG,SBJV,PRS;6.43476e-05
ir;>;INS;íu;V.PTCP,PST,MASC,SG;6.43281e-05
r;>;INS;n;V,IND,PRS,3,PL,LGSPEC1;6.43087e-05
z;>;DEL;ar;V,2,PL,IMP;6.42893e-05
t;>;DEL;ar;V,3,PL,SBJV,PRS,LGSPEC1;6.42699e-05
r;>;INS;e;V,1,SG,COND,LGSPEC1;6.42504e-05
at;>;DEL;ar;V,IND,PRS,1,SG;6.4231e-05
y;>;DEL;ar;V,IND,PRS,2,SG;6.42116e-05
y;er>;INS;í;V,IND,PST,3,PL,IPFV;6.41922e-05
esixi;r>;INS;e;V,3,PL,COND,LGSPEC2;6.41729e-05
desave;r>;DEL;ra;V,IND,PRS,1,SG;6.41535e-05
m;>;DEL;ar;V,2,SG,SBJV,PRS,LGSPEC1;6.41341e-05
c;>;DEL;er;V,IND,PRS,2,PL;6.41147e-05
l;endar>;INS;i;V,3,PL,SBJV,PRS,LGSPEC2;6.40954e-05
er;>;INS;mos;V,IND,PRS,1,PL,LGSPEC2;6.4076e-05
exist;r>;DEL;ra;V,IND,PST,1,PL,IPFV,LGSPEC1;6.40567e-05
sixi;r>;INS;e;V,3,PL,COND,LGSPEC2;6.40373e-05
t;>;DEL;ir;V,IND,PST,1,PL,IPFV,LGSPEC2;6.4018e-05
ducir;>;INS;íemos;V,1,PL,SBJV,PST,IPFV,LGSPEC1;6.39986e-05
eclips;>;DEL;ar;V,2,PL,SBJV,PRS;6.39591e-05
x;>;DEL;ar;V,IND,PST,3,SG,PFV;6.3939e-05
t;>;DEL;ar;V,IND,PST,2,PL,PFV,LGSPEC2;6.39188e-05
algam;>;DEL;ar;V,IND,PST,1,PL,PFV;6.38987e-05
sorri;>;DEL;r;V,3,PL,IND,FUT;6.38785e-05
n;>;DEL;ar;V.PTCP,PST,MASC,SG;6.38584e-05
i;>;DEL;ar;V,2,PL,SBJV,PRS;6.38383e-05
l;>;DEL;ar;V,IND,PST,1,PL,IPFV,LGSPEC1;6.38182e-05
n;>;DEL;ar;V,IND,PST,1,SG,PFV;6.3798e-05
e;>;DEL;r;V,IND,PRS,1,PL;6.37779e-05
alloñ;>;DEL;ar;V,IND,PST,3,SG,PFV;6.37578e-05
t;>;DEL;ar;V,IND,PRS,1,SG;6.37377e-05
rugar;>;INS;ue;V,1,SG,SBJV,PRS;6.37176e-05
sorrir;>;INS;íais;V,2,PL,SBJV,PST,IPFV,LGSPEC2;6.36976e-05
xist;r>;DEL;ra;V,IND,PST,1,PL,IPFV,LGSPEC1;6.36775e-05
lluch;>;DEL;ar;V,IND,PRS,3,PL;6.36574e-05
rebax;>;DEL;ar;V,IND,PRS,2,SG;6.36373e-05
coyer;>;INS;ais;V,2,PL,IND,PST,PRF,LGSPEC1;6.36173e-05
r;>;INS;mos;V,IND,PRS,1,PL,LGSPEC2;6.35972e-05
lgam;>;DEL;ar;V,IND,PST,1,PL,PFV;6.35772e-05
lloñ;>;DEL;ar;V,IND,PST,3,SG,PFV;6.35571e-05
ristianiz;>;DEL;ar;V,IND,PRS,2,PL;6.35371e-05
traye;>;DEL;r;V,IND,PRS,1,PL,LGSPEC1;6.35171e-05
ucir;>;INS;íemos;V,1,PL,SBJV,PST,IPFV,LGSPEC1;6.34971e-05
dedi;>;DEL;car;V,3,PL,SBJV,PRS,LGSPEC2;6.3477e-05
ixi;r>;INS;e;V,3,PL,COND,LGSPEC2;6.3457e-05
orri;>;DEL;r;V,3,PL,IND,FUT;6.3437e-05
orrir;>;INS;íais;V,2,PL,SBJV,PST,IPFV,LGSPEC2;6.3417e-05
nd;er>;INS;í;V.PTCP,PST,FEM,PL;6.33971e-05
luch;>;DEL;ar;V,IND,PRS,3,PL;6.33771e-05
istianiz;>;DEL;ar;V,IND,PRS,2,PL;6.33571e-05
c;ar>;INS;ab;V,IND,PST,3,SG,IPFV;6.33371e-05
esave;r>;DEL;ra;V,IND,PRS,1,SG;6.33172e-05
holandés;>;INS;o;ADJ,SG,NEUT;6.32972e-05
escribir;>;INS;da;V.PTCP,PST,FEM,SG;6.32773e-05
recoyer;>;INS;emos;V,1,PL,SBJV,PST,IPFV,LGSPEC2;6.32573e-05
aece;>;DEL;r;V,IND,PST,1,PL,PFV;6.32374e-05
lips;>;DEL;ar;V,2,PL,SBJV,PRS;6.32174e-05
ol;>;DEL;car;V,IND,PST,2,PL,PFV,LGSPEC2;6.31975e-05
r;>;INS;an;V,3,PL,IND,PST,PRF,LGSPEC2;6.31776e-05
mand;>;DEL;ar;V.PTCP,PST,MASC,SG;6.31577e-05
oyer;>;INS;ais;V,2,PL,IND,PST,PRF,LGSPEC1;6.31378e-05
copi;>;DEL;ar;V,IND,PRS,2,PL;6.31179e-05
raye;>;DEL;r;V,IND,PRS,1,PL,LGSPEC1;6.3098e-05
rrir;>;INS;íais;V,2,PL,SBJV,PST,IPFV,LGSPEC2;6.30781e-05
com;enzar>;INS;i;V,IND,PRS,2,SG;6.30582e-05
cir;>;INS;íemos;V,1,PL,SBJV,PST,IPFV,LGSPEC1;6.30383e-05
loñ;>;DEL;ar;V,IND,PST,3,SG,PFV;6.30185e-05
rri;>;DEL;r;V,3,PL,IND,FUT;6.29986e-05
xi;r>;INS;e;V,3,PL,COND,LGSPEC2;6.29787e-05
edi;>;DEL;car;V,3,PL,SBJV,PRS,LGSPEC2;6.29589e-05
idolat;r>;DEL;ra;V,3,PL,SBJV,PRS,LGSPEC1;6.2939e-05
stianiz;>;DEL;ar;V,IND,PRS,2,PL;6.29192e-05
s;ar>;INS;áb;V,IND,PST,1,PL,IPFV,LGSPEC2;6.28994e-05
m;ar>;INS;ab;V,IND,PST,3,SG,IPFV;6.28796e-05
t;ar>;INS;ab;V,IND,PST,3,SG,IPFV;6.28597e-05
st;r>;DEL;ra;V,IND,PST,1,PL,IPFV,LGSPEC1;6.28399e-05
ece;>;DEL;r;V,IND,PST,1,PL,PFV;6.28201e-05
save;r>;DEL;ra;V,IND,PRS,1,SG;6.28003e-05
desta;>;DEL;car;V,3,PL,SBJV,PRS,LGSPEC1;6.27805e-05
coyer;>;INS;emos;V,1,PL,SBJV,PST,IPFV,LGSPEC2;6.27607e-05
uch;>;DEL;ar;V,IND,PRS,3,PL;6.27409e-05
olandés;>;INS;o;ADJ,SG,NEUT;6.27212e-05
scribir;>;INS;da;V.PTCP,PST,FEM,SG;6.27014e-05
bax;>;DEL;ar;V,IND,PRS,2,SG;6.26816e-05
and;>;DEL;ar;V.PTCP,PST,MASC,SG;6.26619e-05
esta;>;DEL;car;V,3,PL,SBJV,PRS,LGSPEC1;6.26421e-05
ave;r>;DEL;ra;V,IND,PRS,1,SG;6.26224e-05
spond;er>;INS;í;V,IND,PST,2,SG,IPFV;6.26026e-05
r;>;INS;eis;V,2,PL,IND,PST,PRF,LGSPEC1;6.25829e-05
r;>;INS;on;V,IND,PST,3,PL,PFV;6.25632e-05
ips;>;DEL;ar;V,2,PL,SBJV,PRS;6.25435e-05
yer;>;INS;ais;V,2,PL,IND,PST,PRF,LGSPEC1;6.25238e-05
om;enzar>;INS;i;V,IND,PRS,2,SG;6.2504e-05
omit;ir>;INS;íe;V,IND,PST,2,PL,IPFV,LGSPEC1;6.24843e-05
oñ;>;DEL;ar;V,IND,PST,3,SG,PFV;6.24647e-05
ir;>;INS;íemos;V,1,PL,SBJV,PST,IPFV,LGSPEC1;6.2445e-05
am;>;DEL;ar;V,IND,PST,1,PL,PFV;6.24253e-05
ri;>;DEL;r;V,3,PL,IND,FUT;6.24056e-05
dolat;r>;DEL;ra;V,3,PL,SBJV,PRS,LGSPEC1;6.23859e-05
aye;>;DEL;r;V,IND,PRS,1,PL,LGSPEC1;6.23663e-05
man;>;DEL;car;V,3,PL,SBJV,PRS,LGSPEC1;6.23466e-05
ivorci;>;DEL;ar;V,1,PL,SBJV,PRS;6.2327e-05
landés;>;INS;o;ADJ,SG,NEUT;6.23073e-05
cribir;>;INS;da;V.PTCP,PST,FEM,SG;6.22877e-05
i;r>;INS;e;V,3,PL,COND,LGSPEC2;6.2268e-05
ar;>;INS;ue;V,1,SG,SBJV,PRS;6.22484e-05
ir;>;INS;da;V.PTCP,PST,FEM,SG;6.22288e-05
ce;>;DEL;r;V,IND,PRS,2,SG;6.22092e-05
llixe;r>;DEL;ra;V,IND,PRS,2,SG;6.21896e-05
opi;>;DEL;ar;V,IND,PRS,2,PL;6.217e-05
st;>;DEL;ar;V,2,SG,SBJV,PRS,LGSPEC1;6.21504e-05
esixir;>;INS;ía;V,IND,PST,3,SG,IPFV;6.21308e-05
ax;>;DEL;ar;V,IND,PRS,2,SG;6.21112e-05
ir;>;INS;íamos;V,IND,PST,1,PL,IPFV,LGSPEC2;6.20916e-05
er;>;INS;íos;V.PTCP,PST,MASC,PL;6.20721e-05
ch;>;DEL;ar;V,IND,PRS,3,PL;6.20525e-05
di;>;DEL;car;V,3,PL,SBJV,PRS,LGSPEC2;6.20329e-05
nd;>;DEL;ar;V.PTCP,PST,MASC,SG;6.20134e-05
ps;>;DEL;ar;V,2,PL,SBJV,PRS;6.19938e-05
pi;>;DEL;ar;V,IND,PRS,2,PL;6.19743e-05
sta;>;DEL;car;V,3,PL,SBJV,PRS,LGSPEC1;6.19548e-05
mit;ir>;INS;íe;V,IND,PST,2,PL,IPFV,LGSPEC1;6.19352e-05
m;enzar>;INS;i;V,IND,PRS,2,SG;6.19157e-05
ce;>;DEL;r;V,IND,PST,1,PL,PFV;6.18962e-05
er;>;INS;ais;V,2,PL,IND,PST,PRF,LGSPEC1;6.18767e-05
<clav;>;DEL;ar;V,2,PL,IMP;6.18572e-05
olat;r>;DEL;ra;V,3,PL,SBJV,PRS,LGSPEC1;6.18377e-05
cegar;>;INS;uesti;V,IND,PST,2,SG,PFV,LGSPEC2;6.18182e-05
ir;>;INS;íais;V,2,PL,SBJV,PST,IPFV,LGSPEC2;6.17987e-05
andés;>;INS;o;ADJ,SG,NEUT;6.17792e-05
lixe;r>;DEL;ra;V,IND,PRS,2,SG;6.17598e-05
spesll;>;DEL;ar;V,2,SG,SBJV,PRS,LGSPEC1;6.17403e-05
pond;er>;INS;í;V,IND,PST,2,SG,IPFV;6.17208e-05
vorci;>;DEL;ar;V,1,PL,SBJV,PRS;6.17014e-05
ye;>;DEL;r;V,IND,PRS,1,PL,LGSPEC1;6.16819e-05
ribir;>;INS;da;V.PTCP,PST,FEM,SG;6.16625e-05
ñ;>;DEL;ar;V,IND,PST,3,SG,PFV;6.1643e-05
m;>;DEL;ar;V,IND,PST,1,PL,PFV;6.16236e-05
sixir;>;INS;ía;V,IND,PST,3,SG,IPFV;6.16042e-05
i;>;DEL;r;V,3,PL,IND,FUT;6.15848e-05
t;>;DEL;ar;V,IND,PST,2,SG,PFV,LGSPEC2;6.15654e-05
pesll;>;DEL;ar;V,2,SG,SBJV,PRS,LGSPEC1;6.1546e-05
ond;er>;INS;í;V,IND,PST,2,SG,IPFV;6.15266e-05
e;>;DEL;r;V,IND,PST,1,PL,PFV;6.15072e-05
acollech;>;DEL;ar;V,2,SG,SBJV,PRS,LGSPEC1;6.14878e-05
legaliz;ar>;INS;áb;V,IND,PST,1,PL,IPFV,LGSPEC2;6.14684e-05
h;>;DEL;ar;V,IND,PRS,3,PL;6.1449e-05
d;>;DEL;ar;V.PTCP,PST,MASC,SG;6.14297e-05
risón;>;INS;a;ADJ,SG,FEM;6.14103e-05
ta;>;DEL;car;V,3,PL,SBJV,PRS,LGSPEC1;6.13909e-05
clav;>;DEL;ar;V,2,PL,IMP;6.13716e-05
it;ir>;INS;íe;V,IND,PST,2,PL,IPFV,LGSPEC1;6.13522e-05
ocer;>;INS;íes;V,2,SG,SBJV,PST,IPFV;6.13329e-05
lat;r>;DEL;ra;V,3,PL,SBJV,PRS,LGSPEC1;6.13136e-05
x;>;DEL;ar;V,IND,PRS,2,SG;6.12942e-05
aniz;>;DEL;ar;V,IND,PRS,2,PL;6.12749e-05
acoye;>;DEL;r;V.PTCP,PST,FEM,PL;6.12556e-05
yer;>;INS;emos;V,1,PL,SBJV,PST,IPFV,LGSPEC2;6.12363e-05
faer;>;INS;n;V,IND,PST,3,PL,IPFV,LGSPEC2;6.1217e-05
ixe;r>;DEL;ra;V,IND,PRS,2,SG;6.11977e-05
s;>;DEL;ar;V,2,PL,SBJV,PRS;6.11784e-05
r;>;INS;ais;V,2,PL,IND,PST,PRF,LGSPEC1;6.11591e-05
orci;>;DEL;ar;V,1,PL,SBJV,PRS;6.11399e-05
ixir;>;INS;ía;V,IND,PST,3,SG,IPFV;6.11206e-05
e;r>;DEL;ra;V,IND,PRS,1,SG;6.11013e-05
collech;>;DEL;ar;V,2,SG,SBJV,PRS,LGSPEC1;6.10821e-05
r;>;INS;emos;V,1,PL,SBJV,PST,IPFV,LGSPEC2;6.10628e-05
omit;>;DEL;ir;V,IND,PRS,2,PL;6.10436e-05
escaec;er>;INS;i;V,2,SG,IND,PST,PRF;6.10243e-05
a;>;DEL;car;V,3,PL,SBJV,PRS,LGSPEC1;6.10051e-05
n;>;DEL;car;V,3,PL,SBJV,PRS,LGSPEC1;6.09859e-05
coye;>;DEL;r;V.PTCP,PST,FEM,PL;6.09666e-05
nd;er>;INS;í;V,IND,PST,2,SG,IPFV;6.09474e-05
esll;>;DEL;ar;V,2,SG,SBJV,PRS,LGSPEC1;6.09282e-05
ceg;ar>;INS;ab;V,IND,PST,1,SG,IPFV;6.0909e-05
<;er>;DEL;s;V,IND,PST,2,PL,IPFV,LGSPEC2;6.08898e-05
lav;>;DEL;ar;V,2,PL,IMP;6.08706e-05
gar;>;INS;uesti;V,IND,PST,2,SG,PFV,LGSPEC2;6.08514e-05
catalá;n>;INS;a;ADJ,SG,FEM;6.08322e-05
descans;>;DEL;ar;V,IND,PRS,1,SG;6.08131e-05
isón;>;INS;a;ADJ,SG,FEM;6.07939e-05
cer;>;INS;íes;V,2,SG,SBJV,PST,IPFV;6.07747e-05
t;ir>;INS;íe;V,IND,PST,2,PL,IPFV,LGSPEC1;6.07556e-05
collech;>;DEL;ar;V,IND,PST,1,PL,IPFV,LGSPEC1;6.07364e-05
tra;>;DEL;yer;V,IND,PST,3,SG,IPFV,LGSPEC2;6.07173e-05
aer;>;INS;n;V,IND,PST,3,PL,IPFV,LGSPEC2;6.06982e-05
dés;>;INS;o;ADJ,SG,NEUT;6.0679e-05
an;>;DEL;car;V,3,PL,SBJV,PRS,LGSPEC1;6.06599e-05
er;>;INS;emos;V,1,PL,SBJV,PST,IPFV,LGSPEC2;6.06408e-05
rder;>;INS;sti;V,IND,PST,2,SG,PFV;6.06217e-05
form;>;DEL;ar;V,IND,PST,1,SG,PFV;6.06026e-05
ollech;>;DEL;ar;V,2,SG,SBJV,PRS,LGSPEC1;6.05835e-05
rci;>;DEL;ar;V,1,PL,SBJV,PRS;6.05644e-05
xe;r>;DEL;ra;V,IND,PRS,2,SG;6.05453e-05
llech;>;DEL;ar;V,2,SG,SBJV,PRS,LGSPEC1;6.05262e-05
bir;>;INS;da;V.PTCP,PST,FEM,SG;6.05071e-05
acompañ;>;DEL;ar;V,IND,PST,1,PL,IPFV,LGSPEC1;6.0488e-05
escoyer;>;INS;ueyas;V,2,SG,SBJV,PRS;6.0469e-05
i;ar>;INS;ad;V.PTCP,PST,FEM,SG;6.04499e-05
eg;ar>;INS;ab;V,IND,PST,1,SG,IPFV;6.04309e-05
l;ar>;INS;ab;V,IND,PST,1,SG,IPFV;6.04118e-05
són;>;INS;a;ADJ,SG,FEM;6.03928e-05
escans;>;DEL;ar;V,IND,PRS,1,SG;6.03737e-05
xir;>;INS;ía;V,IND,PST,3,SG,IPFV;6.03547e-05
amenorg;>;DEL;ar;V,IND,PST,1,PL,IPFV,LGSPEC1;6.03357e-05
atalá;n>;INS;a;ADJ,SG,FEM;6.03167e-05
sll;>;DEL;ar;V,2,SG,SBJV,PRS,LGSPEC1;6.02977e-05
der;>;INS;sti;V,IND,PST,2,SG,PFV;6.02786e-05
ollech;>;DEL;ar;V,IND,PST,1,PL,IPFV,LGSPEC1;6.02596e-05
aliz;ar>;INS;áb;V,IND,PST,1,PL,IPFV,LGSPEC2;6.02407e-05
ar;r>;DEL;ra;V,3,SG,SBJV,PRS;6.02217e-05
mit;>;DEL;ir;V,IND,PRS,2,PL;6.02027e-05
av;>;DEL;ar;V,2,PL,IMP;6.01837e-05
t;r>;DEL;ra;V,3,PL,SBJV,PRS,LGSPEC1;6.01647e-05
r;>;INS;íos;V.PTCP,PST,MASC,PL;6.01458e-05
imaxin;>;DEL;ar;V,IND,PST,3,SG,PFV;6.01268e-05
caec;er>;INS;i;V,2,SG,IND,PST,PRF;6.01079e-05
escluc;r>;DEL;a;V,1,PL,IND,PST,PRF,LGSPEC2;6.00889e-05
er;>;INS;n;V,IND,PST,3,PL,IPFV,LGSPEC2;6.007e-05
ra;>;DEL;yer;V,IND,PST,3,SG,IPFV,LGSPEC2;6.0051e-05
lech;>;DEL;ar;V,2,SG,SBJV,PRS,LGSPEC1;6.00321e-05
ment;>;DEL;ir;V,IND,PST,1,SG,IPFV;6.00132e-05
ancl;ar>;INS;ab;V,IND,PST,3,SG,IPFV;5.99943e-05
orm;>;DEL;ar;V,IND,PST,1,SG,PFV;5.99754e-05
iz;>;DEL;ar;V,IND,PRS,2,PL;5.99565e-05
r;>;INS;en;V,3,PL,IND,PST,PRF,LGSPEC1;5.99376e-05
r;>;INS;é;V,1,SG,IND,FUT;5.99187e-05
r;>;INS;íamos;V,IND,PST,1,PL,IPFV,LGSPEC2;5.98998e-05
ar;>;INS;uesti;V,IND,PST,2,SG,PFV,LGSPEC2;5.98809e-05
ci;>;DEL;ar;V,1,PL,SBJV,PRS;5.9862e-05
rricar;>;INS;quemos;V,IND,PST,1,PL,PFV;5.98432e-05
és;>;INS;o;ADJ,SG,NEUT;5.98243e-05
scoyer;>;INS;ueyas;V,2,SG,SBJV,PRS;5.98054e-05
compañ;>;DEL;ar;V,IND,PST,1,PL,IPFV,LGSPEC1;5.97866e-05
cas;>;DEL;ar;V,IND,PST,2,SG,PFV,LGSPEC2;5.97677e-05
e;r>;DEL;ra;V,IND,PRS,2,SG;5.97489e-05
o;r>;DEL;ra;V,3,SG,SBJV,PRS;5.97104e-05
menorg;>;DEL;ar;V,IND,PST,1,PL,IPFV,LGSPEC1;5.96907e-05
menti;r>;INS;e;V,3,PL,IND,PST,PRF,LGSPEC1;5.96711e-05
scans;>;DEL;ar;V,IND,PRS,1,SG;5.96514e-05
talá;n>;INS;a;ADJ,SG,FEM;5.96317e-05
ch;>;DEL;ar;V,IND,PST,1,SG,PFV;5.96121e-05
g;ar>;INS;ab;V,IND,PST,1,SG,IPFV;5.95924e-05
llech;>;DEL;ar;V,IND,PST,1,PL,IPFV,LGSPEC1;5.95728e-05
maxin;>;DEL;ar;V,IND,PST,3,SG,PFV;5.95532e-05
ye;>;DEL;r;V.PTCP,PST,FEM,PL;5.95335e-05
ón;>;INS;a;ADJ,SG,FEM;5.95139e-05
rm;>;DEL;ar;V,IND,PST,1,SG,PFV;5.94943e-05
meyo;r>;DEL;ra;V,IND,PST,1,PL,PFV;5.94747e-05
ll;>;DEL;ar;V,2,SG,SBJV,PRS,LGSPEC1;5.94551e-05
scluc;r>;DEL;a;V,1,PL,IND,PST,PRF,LGSPEC2;5.94355e-05
ent;>;DEL;ir;V,IND,PST,1,SG,IPFV;5.94159e-05
ech;>;DEL;ar;V,2,SG,SBJV,PRS,LGSPEC1;5.93964e-05
liz;ar>;INS;áb;V,IND,PST,1,PL,IPFV,LGSPEC2;5.93768e-05
ricar;>;INS;quemos;V,IND,PST,1,PL,PFV;5.93572e-05
aec;er>;INS;i;V,2,SG,IND,PST,PRF;5.93377e-05
ompañ;>;DEL;ar;V,IND,PST,1,PL,IPFV,LGSPEC1;5.93181e-05
ncl;ar>;INS;ab;V,IND,PST,3,SG,IPFV;5.92986e-05
escribi;r>;INS;e;V,1,SG,IND,PST,PRF,LGSPEC1;5.9279e-05
v;>;DEL;ar;V,2,PL,IMP;5.92595e-05
z;>;DEL;ar;V,IND,PRS,2,PL;5.924e-05
er;>;INS;sti;V,IND,PST,2,SG,PFV;5.92204e-05
enorg;>;DEL;ar;V,IND,PST,1,PL,IPFV,LGSPEC1;5.92009e-05
traer;>;INS;en;V,3,PL,SBJV,PST,IPFV,LGSPEC2;5.91814e-05
r;r>;DEL;ra;V,3,SG,SBJV,PRS;5.91619e-05
a;>;DEL;yer;V,IND,PST,3,SG,IPFV,LGSPEC2;5.91424e-05
r;>;INS;uesti;V,IND,PST,2,SG,PFV,LGSPEC2;5.91229e-05
enti;r>;INS;e;V,3,PL,IND,PST,PRF,LGSPEC1;5.91034e-05
alá;n>;INS;a;ADJ,SG,FEM;5.9084e-05
zar;r>;DEL;ra;V,3,SG,SBJV,PRS;5.90645e-05
r;>;INS;n;V,IND,PST,3,PL,IPFV,LGSPEC2;5.9045e-05
r;>;INS;da;V.PTCP,PST,FEM,SG;5.90256e-05
lech;>;DEL;ar;V,IND,PST,1,PL,IPFV,LGSPEC1;5.90061e-05
g;>;DEL;ar;V,IND,PST,2,SG,PFV,LGSPEC2;5.89663e-05
as;>;DEL;ar;V,IND,PST,2,SG,PFV,LGSPEC2;5.8946e-05
nt;>;DEL;ir;V,IND,PST,1,SG,IPFV;5.89256e-05
e;>;DEL;r;V.PTCP,PST,FEM,PL;5.89053e-05
n;>;DEL;ar;V,IND,PST,2,SG,PFV,LGSPEC2;5.88849e-05
r;>;INS;ía;V,1,SG,SBJV,PST,IPFV;5.88646e-05
icar;>;INS;quemos;V,IND,PST,1,PL,PFV;5.88443e-05
decidir;>;INS;ía;V,IND,PST,1,SG,IPFV;5.88239e-05
izar;>;INS;ces;V,2,SG,SBJV,PRS,LGSPEC1;5.88036e-05
cluc;r>;DEL;a;V,1,PL,IND,PST,PRF,LGSPEC2;5.87833e-05
scribi;r>;INS;e;V,1,SG,IND,PST,PRF,LGSPEC1;5.8763e-05
ec;er>;INS;i;V,2,SG,IND,PST,PRF;5.87427e-05
mpañ;>;DEL;ar;V,IND,PST,1,PL,IPFV,LGSPEC1;5.87225e-05
cl;ar>;INS;ab;V,IND,PST,3,SG,IPFV;5.87022e-05
raer;>;INS;en;V,3,PL,SBJV,PST,IPFV,LGSPEC2;5.86819e-05
menti;>;DEL;r;V,2,PL,IMP;5.86617e-05
l;>;DEL;ar;V,2,SG,SBJV,PRS,LGSPEC1;5.86414e-05
norg;>;DEL;ar;V,IND,PST,1,PL,IPFV,LGSPEC1;5.86212e-05
comic;ar>;INS;ad;V.PTCP,PST,FEM,SG;5.86009e-05
t;>;DEL;ir;V,IND,PRS,2,PL;5.85807e-05
m;>;DEL;ar;V,IND,PST,1,SG,PFV;5.85605e-05
r;>;INS;sti;V,IND,PST,2,SG,PFV;5.85402e-05
nti;r>;INS;e;V,3,PL,IND,PST,PRF,LGSPEC1;5.852e-05
luc;r>;DEL;a;V,1,PL,IND,PST,PRF,LGSPEC2;5.84998e-05
espirri;>;DEL;ar;V.PTCP,PST,MASC,SG;5.84796e-05
ans;>;DEL;ar;V,IND,PRS,1,SG;5.84594e-05
lá;n>;INS;a;ADJ,SG,FEM;5.84392e-05
xulg;>;DEL;ar;V,IND,PST,2,SG,PFV,LGSPEC2;5.84191e-05
t;er>;DEL;en;V,2,PL,IND,PST,PRF,LGSPEC1;5.83989e-05
viax;ar>;INS;áb;V,IND,PST,1,PL,IPFV,LGSPEC2;5.83787e-05
ecidir;>;INS;ía;V,IND,PST,1,SG,IPFV;5.83586e-05
xim;>;DEL;ir;V,IND,PRS,3,PL;5.83384e-05
c;er>;INS;i;V,2,SG,IND,PST,PRF;5.83183e-05
ment;>;DEL;ir;V,IND,PRS,3,PL;5.82982e-05
acu;sar>;INS;se;V,IND,PRS,2,SG;5.8278e-05
otr;>;DEL;u;ADJ,SG,NEUT;5.82579e-05
s;>;DEL;ar;V,IND,PST,2,SG,PFV,LGSPEC2;5.82378e-05
t;>;DEL;ir;V,IND,PST,1,SG,IPFV;5.82177e-05
xug;>;DEL;ar;V,IND,PST,1,PL,PFV;5.81976e-05
xin;>;DEL;ar;V,IND,PST,3,SG,PFV;5.81775e-05
r;ir>;INS;í;V,2,PL,IMP;5.81574e-05
r;ar>;INS;áb;V,IND,PST,1,PL,IPFV,LGSPEC2;5.81373e-05
omic;ar>;INS;ad;V.PTCP,PST,FEM,SG;5.81172e-05
pañ;>;DEL;ar;V,IND,PST,1,PL,IPFV,LGSPEC1;5.80972e-05
yer;>;INS;ueyas;V,2,SG,SBJV,PRS;5.80771e-05
ti;r>;INS;e;V,3,PL,IND,PST,PRF,LGSPEC1;5.80571e-05
ulg;>;DEL;ar;V,IND,PST,2,SG,PFV,LGSPEC2;5.8037e-05
combay;ar>;INS;ab;V,IND,PST,3,SG,IPFV;5.8017e-05
l;ar>;INS;ab;V,IND,PST,3,SG,IPFV;5.79969e-05
spirri;>;DEL;ar;V.PTCP,PST,MASC,SG;5.79769e-05
sorri;r>;INS;e;V,3,PL,IND,PST,PRF,LGSPEC2;5.79569e-05
quem;ar>;INS;ab;V,IND,PST,3,SG,IPFV;5.79369e-05
iax;ar>;INS;áb;V,IND,PST,1,PL,IPFV,LGSPEC2;5.79169e-05
aer;>;INS;en;V,3,PL,SBJV,PST,IPFV,LGSPEC2;5.78969e-05
particip;>;DEL;ar;V,2,SG,SBJV,PRS,LGSPEC1;5.78769e-05
ribi;r>;INS;e;V,1,SG,IND,PST,PRF,LGSPEC1;5.78569e-05
uc;r>;DEL;a;V,1,PL,IND,PST,PRF,LGSPEC2;5.78369e-05
ent;>;DEL;ir;V,IND,PRS,3,PL;5.7817e-05
á;n>;INS;a;ADJ,SG,FEM;5.7797e-05
im;>;DEL;ir;V,IND,PRS,3,PL;5.77771e-05
cu;sar>;INS;se;V,IND,PRS,2,SG;5.77571e-05
h;>;DEL;ar;V,IND,PST,1,SG,PFV;5.77372e-05
h;>;DEL;ar;V,2,SG,SBJV,PRS,LGSPEC1;5.77172e-05
ar;>;INS;quemos;V,IND,PST,1,PL,PFV;5.76973e-05
mic;ar>;INS;ad;V.PTCP,PST,FEM,SG;5.76774e-05
ombay;ar>;INS;ab;V,IND,PST,3,SG,IPFV;5.76575e-05
ar;>;INS;quemos;V,1,PL,SBJV,PRS;5.76376e-05
it;>;DEL;ar;V,IND,PRS,3,PL;5.76177e-05
y;r>;DEL;a;V,1,PL,SBJV,PST,IPFV,LGSPEC2;5.75978e-05
tr;>;DEL;u;ADJ,SG,NEUT;5.75779e-05
tra;>;DEL;yer;V,IND,PST,1,SG,PFV;5.7558e-05
xuga;>;DEL;r;V,IND,PST,2,PL,PFV,LGSPEC1;5.75381e-05
<ximi;r>;INS;e;V,2,SG,IND,PST,PRF,LGSPEC2;5.75183e-05
rg;>;DEL;ar;V,IND,PST,1,PL,IPFV,LGSPEC1;5.74984e-05
pirri;>;DEL;ar;V.PTCP,PST,MASC,SG;5.74785e-05
uem;ar>;INS;ab;V,IND,PST,3,SG,IPFV;5.74587e-05
orri;r>;INS;e;V,3,PL,IND,PST,PRF,LGSPEC2;5.74389e-05
comen;>;DEL;zar;V,IND,PRS,2,SG;5.7419e-05
er;>;INS;ueyas;V,2,SG,SBJV,PRS;5.73992e-05
er;>;INS;en;V,3,PL,SBJV,PST,IPFV,LGSPEC2;5.73794e-05
esbabay;>;DEL;ar;V,IND,PRS,2,PL;5.73596e-05
articip;>;DEL;ar;V,2,SG,SBJV,PRS,LGSPEC1;5.73398e-05
i;r>;INS;e;V,3,PL,IND,PST,PRF,LGSPEC1;5.732e-05
mbay;ar>;INS;ab;V,IND,PST,3,SG,IPFV;5.73002e-05
nti;>;DEL;r;V,2,PL,IMP;5.72804e-05
idir;>;INS;ía;V,IND,PST,1,SG,IPFV;5.72606e-05
ax;ar>;INS;áb;V,IND,PST,1,PL,IPFV,LGSPEC2;5.72408e-05
lg;>;DEL;ar;V,IND,PST,2,SG,PFV,LGSPEC2;5.72211e-05
ibi;r>;INS;e;V,1,SG,IND,PST,PRF,LGSPEC1;5.72013e-05
ximi;r>;INS;e;V,2,SG,IND,PST,PRF,LGSPEC2;5.71816e-05
paece;>;DEL;r;V,IND,PRS,1,PL;5.71618e-05
nt;>;DEL;ir;V,IND,PRS,3,PL;5.71421e-05
h;>;DEL;ar;V,IND,PST,1,PL,IPFV,LGSPEC1;5.71224e-05
humild;>;DEL;ar;V,IND,PST,1,PL,IPFV,LGSPEC1;5.71026e-05
u;sar>;INS;se;V,IND,PRS,2,SG;5.70829e-05
escomen;>;DEL;zar;V,IND,PST,1,SG,PFV;5.70632e-05
c;r>;DEL;a;V,1,PL,IND,PST,PRF,LGSPEC2;5.70435e-05
s;>;DEL;ar;V,IND,PRS,1,SG;5.70238e-05
puy;ar>;INS;ad;V.PTCP,PST,FEM,SG;5.70041e-05
bay;ar>;INS;ab;V,IND,PST,3,SG,IPFV;5.69844e-05
ic;ar>;INS;ad;V.PTCP,PST,FEM,SG;5.69648e-05
m;>;DEL;ir;V,IND,PRS,3,PL;5.69451e-05
irri;>;DEL;ar;V.PTCP,PST,MASC,SG;5.69254e-05
em;ar>;INS;ab;V,IND,PST,3,SG,IPFV;5.69058e-05
rri;r>;INS;e;V,3,PL,IND,PST,PRF,LGSPEC2;5.68861e-05
n;>;DEL;ar;V,IND,PST,3,SG,PFV;5.68665e-05
rticip;>;DEL;ar;V,2,SG,SBJV,PRS,LGSPEC1;5.68469e-05
sbabay;>;DEL;ar;V,IND,PRS,2,PL;5.68272e-05
omen;>;DEL;zar;V,IND,PRS,2,SG;5.68076e-05
repos;>;DEL;ar;V,IND,PST,2,PL,PFV,LGSPEC2;5.6788e-05
i;>;DEL;ar;V,IND,PST,2,SG,PFV,LGSPEC2;5.67684e-05
ané;s>;INS;ese;ADJ,PL,MASC;5.67488e-05
d;>;DEL;ar;V,1,PL,SBJV,PRS;5.67075e-05
r;>;INS;ueyas;V,2,SG,SBJV,PRS;5.66859e-05
r;>;INS;quemos;V,IND,PST,1,PL,PFV;5.66642e-05
estend;er>;INS;í;V.PTCP,PST,FEM,PL;5.66426e-05
dese;>;DEL;ar;V,2,PL,IMP;5.6621e-05
ñ;>;DEL;ar;V,IND,PST,1,PL,IPFV,LGSPEC1;5.65993e-05
t;>;DEL;ir;V,IND,PRS,3,PL;5.65777e-05
ra;>;DEL;yer;V,IND,PST,1,SG,PFV;5.65561e-05
uy;ar>;INS;ad;V.PTCP,PST,FEM,SG;5.65345e-05
llo;r>;DEL;ra;V,3,SG,SBJV,PRS;5.65129e-05
tene;>;DEL;r;V,IND,PST,2,SG,IPFV;5.64913e-05
x;ar>;INS;áb;V,IND,PST,1,PL,IPFV,LGSPEC2;5.64698e-05
dir;>;INS;ía;V,IND,PST,1,SG,IPFV;5.64482e-05
bi;r>;INS;e;V,1,SG,IND,PST,PRF,LGSPEC1;5.64266e-05
r;>;DEL;u;ADJ,SG,NEUT;5.64051e-05
umild;>;DEL;ar;V,IND,PST,1,PL,IPFV,LGSPEC1;5.63836e-05
esclucar;>;INS;questi;V,IND,PST,2,SG,PFV,LGSPEC2;5.6362e-05
scomen;>;DEL;zar;V,IND,PST,1,SG,PFV;5.63405e-05
di;r>;INS;fue;V,2,PL,IND,PST,PRF,LGSPEC3;5.6319e-05
imi;r>;INS;e;V,2,SG,IND,PST,PRF,LGSPEC2;5.62975e-05
preñ;>;DEL;ar;V,3,SG,SBJV,PRS;5.6276e-05
comp;ar>;DEL;ar;V,2,PL,IMP;5.62545e-05
c;ar>;INS;ad;V.PTCP,PST,FEM,SG;5.6233e-05
men;>;DEL;zar;V,IND,PRS,2,SG;5.62115e-05
i;>;DEL;r;V,2,PL,IMP;5.61901e-05
a;>;DEL;yer;V,IND,PST,1,SG,PFV;5.61686e-05
epos;>;DEL;ar;V,IND,PST,2,PL,PFV,LGSPEC2;5.61471e-05
stend;er>;INS;í;V.PTCP,PST,FEM,PL;5.61257e-05
fum;>;DEL;ar;V,1,SG,SBJV,PRS;5.61043e-05
babay;>;DEL;ar;V,IND,PRS,2,PL;5.60828e-05
gar;>;INS;uen;V,3,PL,SBJV,PRS,LGSPEC1;5.60614e-05
c;ar>;INS;ab;V,IND,PST,1,SG,IPFV;5.604e-05
rri;>;DEL;ar;V.PTCP,PST,MASC,SG;5.60186e-05
g;ar>;INS;ad;V.PTCP,PST,FEM,SG;5.59972e-05
caus;>;DEL;ar;V,3,PL,SBJV,PRS,LGSPEC1;5.59758e-05
ri;r>;INS;e;V,3,PL,IND,PST,PRF,LGSPEC2;5.59545e-05
y;ar>;INS;ad;V.PTCP,PST,FEM,SG;5.59331e-05
grafi;>;DEL;ar;V,IND,PST,1,PL,PFV;5.59117e-05
fa;cer>;INS;i;V,1,SG,SBJV,PST,IPFV,LGSPEC2;5.58904e-05
enseñ;>;DEL;ar;V,IND,PRS,2,SG;5.5869e-05
afum;r>;DEL;a;V,1,PL,IND,PST,PRF,LGSPEC1;5.58477e-05
lo;r>;DEL;ra;V,3,SG,SBJV,PRS;5.58264e-05
ene;>;DEL;r;V,IND,PST,2,SG,IPFV;5.5805e-05
omp;ar>;DEL;ar;V,2,PL,IMP;5.57837e-05
ay;ar>;INS;ab;V,IND,PST,3,SG,IPFV;5.57624e-05
mi;r>;INS;e;V,2,SG,IND,PST,PRF,LGSPEC2;5.57411e-05
aus;>;DEL;ar;V,3,PL,SBJV,PRS,LGSPEC1;5.57198e-05
comen;>;DEL;zar;V,IND,PST,1,SG,PFV;5.56986e-05
ir;>;INS;ía;V,IND,PST,1,SG,IPFV;5.56773e-05
c;r>;DEL;a;V,1,PL,IND,PST,PRF,LGSPEC1;5.5656e-05
pos;>;DEL;ar;V,IND,PST,2,PL,PFV,LGSPEC2;5.56348e-05
amp;ar>;DEL;ar;V,IND,PST,2,SG,PFV,LGSPEC2;5.56135e-05
llegaliz;r>;DEL;a;V,1,PL,IND,PST,PRF,LGSPEC1;5.55923e-05
comp;r>;DEL;ra;V,IND,PST,1,PL,IPFV,LGSPEC1;5.55711e-05
i;r>;INS;fue;V,2,PL,IND,PST,PRF,LGSPEC3;5.55498e-05
ese;>;DEL;ar;V,2,PL,IMP;5.55286e-05
tend;er>;INS;í;V.PTCP,PST,FEM,PL;5.55074e-05
clucar;>;INS;questi;V,IND,PST,2,SG,PFV,LGSPEC2;5.54862e-05
standarizar;>;INS;ce;V,3,SG,SBJV,PRS;5.5465e-05
arr;ar>;INS;áb;V,IND,PST,1,PL,IPFV,LGSPEC2;5.54439e-05
abay;>;DEL;ar;V,IND,PRS,2,PL;5.54227e-05
um;ar>;INS;áb;V,IND,PST,1,PL,IPFV,LGSPEC2;5.54015e-05
icip;>;DEL;ar;V,2,SG,SBJV,PRS,LGSPEC1;5.53804e-05
festex;ar>;INS;ab;V,IND,PST,3,SG,IPFV;5.53592e-05
colloráu;>;INS;ao;ADJ,SG,NEUT;5.53381e-05
i;r>;INS;e;V,3,PL,IND,PST,PRF,LGSPEC2;5.53169e-05
mild;>;DEL;ar;V,IND,PST,1,PL,IPFV,LGSPEC1;5.52958e-05
rafi;>;DEL;ar;V,IND,PST,1,PL,PFV;5.52747e-05
ece;>;DEL;r;V,IND,PRS,1,PL;5.52536e-05
y;ar>;INS;ab;V,IND,PST,3,SG,IPFV;5.52325e-05
um;>;DEL;ar;V,1,SG,SBJV,PRS;5.52114e-05
ri;>;DEL;ar;V.PTCP,PST,MASC,SG;5.51903e-05
r;r>;DEL;a;V,1,PL,IND,PST,PRF,LGSPEC1;5.51692e-05
ir;>;INS;s;V,IND,PST,2,PL,IPFV,LGSPEC2;5.51482e-05
en;>;DEL;zar;V,IND,PRS,2,SG;5.51271e-05
er;>;INS;i;V,2,SG,IMP;5.5106e-05
acollech;>;DEL;ar;V,IND,PST,1,SG,PFV;5.5085e-05
fum;r>;DEL;a;V,1,PL,IND,PST,PRF,LGSPEC1;5.5064e-05
nseñ;>;DEL;ar;V,IND,PRS,2,SG;5.50429e-05
a;cer>;INS;i;V,1,SG,SBJV,PST,IPFV,LGSPEC2;5.50219e-05
h;eredar>;INS;i;V,IND,PRS,3,SG;5.50009e-05
né;s>;INS;ese;ADJ,PL,MASC;5.49799e-05
ximir;>;INS;emos;V,1,PL,COND,LGSPEC1;5.49589e-05
omen;>;DEL;zar;V,IND,PST,1,SG,PFV;5.49379e-05
mp;ar>;DEL;ar;V,IND,PST,2,SG,PFV,LGSPEC2;5.49169e-05
mp;ar>;DEL;ar;V,2,PL,IMP;5.48959e-05
legaliz;r>;DEL;a;V,1,PL,IND,PST,PRF,LGSPEC1;5.4875e-05
omp;r>;DEL;ra;V,IND,PST,1,PL,IPFV,LGSPEC1;5.4854e-05
eñ;>;DEL;ar;V,3,SG,SBJV,PRS;5.48331e-05
ce;>;DEL;r;V,IND,PRS,1,PL;5.48121e-05
fa;er>;DEL;c;V,NFIN,LGSPEC2;5.47912e-05
i;r>;INS;e;V,2,SG,IND,PST,PRF,LGSPEC2;5.47703e-05
r;>;INS;ía;V,IND,PST,1,SG,IPFV;5.47494e-05
end;er>;INS;í;V.PTCP,PST,FEM,PL;5.47285e-05
lucar;>;INS;questi;V,IND,PST,2,SG,PFV,LGSPEC2;5.47076e-05
ild;>;DEL;ar;V,IND,PST,1,PL,IPFV,LGSPEC1;5.46867e-05
olloráu;>;INS;ao;ADJ,SG,NEUT;5.46658e-05
merc;>;DEL;ar;V,IND,PRS,1,SG;5.46449e-05
bay;>;DEL;ar;V,IND,PRS,2,PL;5.4624e-05
f;er>;DEL;a;V,3,SG,IND,PST,PRF,LGSPEC1;5.46032e-05
m;>;DEL;ar;V,1,SG,SBJV,PRS;5.45823e-05
ne;>;DEL;r;V,IND,PST,2,SG,IPFV;5.45615e-05
imir;>;INS;emos;V,1,PL,COND,LGSPEC1;5.45406e-05
señ;>;DEL;ar;V,IND,PRS,2,SG;5.45198e-05
um;r>;DEL;a;V,1,PL,IND,PST,PRF,LGSPEC1;5.4499e-05
e;>;DEL;r;V,IND,PRS,2,SG;5.44782e-05
rob;>;DEL;ar;V,IND,PST,1,PL,IPFV,LGSPEC1;5.44574e-05
llimpi;ar>;INS;ab;V,IND,PST,3,SG,IPFV;5.44366e-05
us;>;DEL;ar;V,3,PL,SBJV,PRS,LGSPEC1;5.44158e-05
ld;>;DEL;ar;V,IND,PST,1,PL,IPFV,LGSPEC1;5.4395e-05
n;>;DEL;zar;V,IND,PRS,2,SG;5.43742e-05
e;>;DEL;ar;V,2,PL,IMP;5.43535e-05
i;>;DEL;ar;V,IND,PST,1,PL,PFV;5.43327e-05
p;ar>;DEL;ar;V,2,PL,IMP;5.4312e-05
mp;r>;DEL;ra;V,IND,PST,1,PL,IPFV,LGSPEC1;5.42912e-05
ener;>;INS;e;V,3,SG,COND,LGSPEC2;5.42705e-05
p;ar>;DEL;ar;V,IND,PST,2,SG,PFV,LGSPEC2;5.42498e-05
activ;>;DEL;ar;V,IND,PRS,1,SG;5.4229e-05
stex;ar>;INS;ab;V,IND,PST,3,SG,IPFV;5.42083e-05
cazar;>;INS;céis;V,2,PL,SBJV,PRS;5.41876e-05
a;er>;DEL;c;V,NFIN,LGSPEC2;5.41669e-05
galiz;r>;DEL;a;V,1,PL,IND,PST,PRF,LGSPEC1;5.41462e-05
ñ;>;DEL;ar;V,3,SG,SBJV,PRS;5.41256e-05
s;>;DEL;ar;V,IND,PST,2,PL,PFV,LGSPEC2;5.41049e-05
coyer;>;INS;stis;V,IND,PST,2,PL,PFV,LGSPEC2;5.40842e-05
orden;ar>;INS;ab;V,IND,PST,1,SG,IPFV;5.40636e-05
oyer;>;INS;stis;V,IND,PST,2,PL,PFV,LGSPEC2;5.40429e-05
ri;r>;INS;e;V,2,SG,IND,PST,PRF,LGSPEC2;5.40223e-05
erc;>;DEL;ar;V,IND,PRS,1,SG;5.40017e-05
ndarizar;>;INS;ce;V,3,SG,SBJV,PRS;5.3981e-05
ech;>;DEL;ar;V,2,PL,SBJV,PRS;5.39604e-05
ip;>;DEL;ar;V,2,SG,SBJV,PRS,LGSPEC1;5.39398e-05
atalá;n>;INS;a;ADJ,SG,NEUT;5.39192e-05
evit;ar>;INS;ab;V,IND,PST,3,SG,IPFV;5.38986e-05
catalá;n>;INS;a;ADJ,SG,NEUT;5.3878e-05
amenaz;r>;DEL;a;V,1,PL,SBJV,PST,IPFV,LGSPEC2;5.38575e-05
limpi;ar>;INS;ab;V,IND,PST,3,SG,IPFV;5.38369e-05
rden;ar>;INS;ab;V,IND,PST,1,SG,IPFV;5.38163e-05
s;>;DEL;ar;V,3,PL,SBJV,PRS,LGSPEC1;5.37958e-05
m;r>;DEL;a;V,1,PL,IND,PST,PRF,LGSPEC1;5.37752e-05
tex;ar>;INS;ab;V,IND,PST,3,SG,IPFV;5.37547e-05
mir;>;INS;emos;V,1,PL,COND,LGSPEC1;5.37342e-05
ner;>;INS;e;V,3,SG,COND,LGSPEC2;5.37137e-05
eñ;>;DEL;ar;V,IND,PRS,2,SG;5.36931e-05
ob;>;DEL;ar;V,IND,PST,1,PL,IPFV,LGSPEC1;5.36726e-05
en;>;DEL;zar;V,IND,PST,1,SG,PFV;5.36521e-05
tresllad;>;DEL;ar;V,2,PL,IMP;5.36316e-05
xint;>;DEL;ar;V,IND,PRS,1,SG;5.36112e-05
r;>;INS;ais;V,2,PL,IND,PST,PRF,LGSPEC2;5.35907e-05
impi;ar>;INS;ab;V,IND,PST,3,SG,IPFV;5.35702e-05
azar;>;INS;céis;V,2,PL,SBJV,PRS;5.35498e-05
namo;r>;DEL;ra;V,IND,PST,3,SG,PFV;5.35293e-05
llech;>;DEL;ar;V,IND,PST,1,SG,PFV;5.35089e-05
d;>;DEL;ar;V,IND,PST,1,PL,IPFV,LGSPEC1;5.34884e-05
p;r>;DEL;ra;V,IND,PST,1,PL,IPFV,LGSPEC1;5.3468e-05
abluc;ar>;INS;ab;V,IND,PST,3,SG,IPFV;5.34476e-05
er;>;INS;stis;V,IND,PST,2,PL,PFV,LGSPEC2;5.34272e-05
d;er>;INS;í;V.PTCP,PST,FEM,PL;5.34068e-05
come;r>;INS;ié;V,1,PL,IND,PST,PRF;5.33864e-05
darizar;>;INS;ce;V,3,SG,SBJV,PRS;5.3366e-05
rc;>;DEL;ar;V,IND,PRS,1,SG;5.33456e-05
aliz;r>;DEL;a;V,1,PL,IND,PST,PRF,LGSPEC1;5.33252e-05
e;r>;INS;ié;V,1,PL,IND,PST,PRF;5.33049e-05
ten;>;DEL;er;V.PTCP,PST,MASC,PL;5.32845e-05
tra;>;DEL;yer;V,IND,PST,1,PL,PFV,LGSPEC1;5.32642e-05
den;ar>;INS;ab;V,IND,PST,1,SG,IPFV;5.32438e-05
ch;>;DEL;ar;V,2,PL,SBJV,PRS;5.32235e-05
en;>;DEL;er;V.PTCP,PST,MASC,PL;5.32032e-05
ir;>;INS;emos;V,1,PL,COND,LGSPEC1;5.31828e-05
ra;>;DEL;yer;V,IND,PST,1,PL,PFV,LGSPEC1;5.31625e-05
y;>;DEL;ar;V,IND,PRS,2,PL;5.31422e-05
chec;>;DEL;u;ADJ,SG,FEM;5.31219e-05
ayud;ar>;INS;áb;V,IND,PST,1,PL,IPFV,LGSPEC2;5.31017e-05
enaz;r>;DEL;a;V,1,PL,SBJV,PST,IPFV,LGSPEC2;5.30814e-05
yud;ar>;INS;áb;V,IND,PST,1,PL,IPFV,LGSPEC2;5.30611e-05
f;ir>;DEL;ir;V,IND,PRS,3,PL;5.30408e-05
ex;ar>;INS;ab;V,IND,PST,3,SG,IPFV;5.30206e-05
amo;r>;DEL;ra;V,IND,PST,3,SG,PFV;5.30003e-05
vender;>;INS;amos;V,2,PL,IND,FUT;5.29801e-05
ar;>;INS;questi;V,IND,PST,2,SG,PFV,LGSPEC2;5.29599e-05
tresport;r>;DEL;a;V,1,PL,IND,PST,PRF,LGSPEC2;5.29396e-05
mud;>;DEL;ar;V,3,SG,SBJV,PRS;5.29194e-05
oráu;>;INS;ao;ADJ,SG,NEUT;5.28992e-05
bluc;ar>;INS;ab;V,IND,PST,3,SG,IPFV;5.2879e-05
numbe;r>;DEL;ra;V,3,PL,SBJV,PRS,LGSPEC1;5.28588e-05
yer;>;INS;stis;V,IND,PST,2,PL,PFV,LGSPEC2;5.28386e-05
arizar;>;INS;ce;V,3,SG,SBJV,PRS;5.28184e-05
tiv;>;DEL;ar;V,IND,PRS,1,SG;5.27983e-05
ñ;>;DEL;ar;V,IND,PRS,2,SG;5.27781e-05
er;>;INS;e;V,3,SG,COND,LGSPEC2;5.27367e-05
f;er>;DEL;a;V,3,PL,SBJV,PST,IPFV,LGSPEC3;5.27154e-05
rebax;r>;DEL;a;V,1,PL,SBJV,PST,IPFV,LGSPEC2;5.26941e-05
vit;ar>;INS;ab;V,IND,PST,3,SG,IPFV;5.26729e-05
talá;n>;INS;a;ADJ,SG,NEUT;5.26516e-05
b;>;DEL;ar;V,IND,PST,1,PL,IPFV,LGSPEC1;5.26304e-05
empecipi;r>;DEL;a;V,1,PL,IND,PST,PRF,LGSPEC2;5.26092e-05
n;>;DEL;zar;V,IND,PST,1,SG,PFV;5.25879e-05
ud;ar>;INS;áb;V,IND,PST,1,PL,IPFV,LGSPEC2;5.25667e-05
rexist;r>;DEL;ra;V,2,SG,SBJV,PRS,LGSPEC1;5.25455e-05
en;ar>;INS;ab;V,IND,PST,1,SG,IPFV;5.25243e-05
<tra;er>;DEL;y;V,2,SG,SBJV,PST,IPFV,LGSPEC2;5.25032e-05
ome;r>;INS;ié;V,1,PL,IND,PST,PRF;5.2482e-05
f;rzar>;DEL;o;V,2,SG,SBJV,PRS,LGSPEC2;5.24608e-05
r;>;INS;íamos;V,1,PL,SBJV,PST,IPFV,LGSPEC2;5.24396e-05
d;>;DEL;ar;V,3,PL,SBJV,PRS,LGSPEC1;5.24185e-05
mpi;ar>;INS;ab;V,IND,PST,3,SG,IPFV;5.23973e-05
c;>;DEL;ar;V,IND,PRS,1,SG;5.23762e-05
it;ar>;INS;ab;V,IND,PST,3,SG,IPFV;5.23551e-05
eclips;ar>;INS;áb;V,IND,PST,1,PL,IPFV,LGSPEC2;5.2334e-05
x;ar>;INS;ab;V,IND,PST,3,SG,IPFV;5.23129e-05
hec;>;DEL;u;ADJ,SG,FEM;5.22918e-05
mo;r>;DEL;ra;V,IND,PST,3,SG,PFV;5.22707e-05
aid;>;DEL;ar;V,2,PL,IMP;5.22496e-05
umbe;r>;DEL;ra;V,3,PL,SBJV,PRS,LGSPEC1;5.22285e-05
car;>;INS;quen;V,3,PL,SBJV,PRS,LGSPEC1;5.22074e-05
luc;ar>;INS;ab;V,IND,PST,3,SG,IPFV;5.21864e-05
ender;>;INS;amos;V,2,PL,IND,FUT;5.21653e-05
h;>;DEL;ar;V,2,PL,SBJV,PRS;5.21443e-05
car;>;INS;quéis;V,2,PL,SBJV,PRS;5.21233e-05
di;r>;INS;fó;V,1,PL,IND,PST,PRF,LGSPEC2;5.21022e-05
rizar;>;INS;ce;V,3,SG,SBJV,PRS;5.20812e-05
ebax;r>;DEL;a;V,1,PL,SBJV,PST,IPFV,LGSPEC2;5.20602e-05
ráu;>;INS;ao;ADJ,SG,NEUT;5.20392e-05
qu;erer>;INS;ix;V,1,SG,IND,PST,PRF,LGSPEC2;5.20182e-05
r;>;INS;emos;V,1,PL,COND,LGSPEC1;5.19972e-05
alá;n>;INS;a;ADJ,SG,NEUT;5.19763e-05
fait;>;DEL;ar;V,1,SG,SBJV,PRS;5.19553e-05
nt;>;DEL;ar;V,IND,PRS,1,SG;5.19343e-05
ard;er>;INS;i;V,IND,PST,2,SG,PFV;5.19134e-05
r;>;INS;e;V,3,SG,COND,LGSPEC2;5.18924e-05
r;>;INS;questi;V,IND,PST,2,SG,PFV,LGSPEC2;5.18715e-05
a;>;DEL;yer;V,IND,PST,1,PL,PFV,LGSPEC1;5.18506e-05
querer;>;INS;éi;V,2,PL,IMP;5.18297e-05
iz;r>;DEL;a;V,1,PL,IND,PST,PRF,LGSPEC1;5.18088e-05
algam;>;DEL;ar;V,IND,PRS,2,SG;5.17879e-05
iv;>;DEL;ar;V,IND,PRS,1,SG;5.1767e-05
ud;>;DEL;ar;V,3,SG,SBJV,PRS;5.17461e-05
conocer;>;INS;éis;V,IND,PRS,2,PL;5.17252e-05
ar;>;INS;céis;V,2,PL,SBJV,PRS;5.17044e-05
tra;er>;DEL;y;V,2,SG,SBJV,PST,IPFV,LGSPEC2;5.16835e-05
sllad;>;DEL;ar;V,2,PL,IMP;5.16627e-05
facer;>;INS;en;V,3,PL,IND,PST,PRF,LGSPEC4;5.16418e-05
esamin;r>;DEL;a;V,1,PL,IND,PST,PRF,LGSPEC1;5.1621e-05
n;>;DEL;er;V.PTCP,PST,MASC,PL;5.16002e-05
abolir;>;INS;e;V,3,SG,COND,LGSPEC1;5.15794e-05
esport;r>;DEL;a;V,1,PL,IND,PST,PRF,LGSPEC2;5.15586e-05
naz;r>;DEL;a;V,1,PL,SBJV,PST,IPFV,LGSPEC2;5.15378e-05
clips;ar>;INS;áb;V,IND,PST,1,PL,IPFV,LGSPEC2;5.1517e-05
n;ar>;INS;ab;V,IND,PST,1,SG,IPFV;5.14962e-05
me;r>;INS;ié;V,1,PL,IND,PST,PRF;5.14754e-05
pecipi;r>;DEL;a;V,1,PL,IND,PST,PRF,LGSPEC2;5.14547e-05
uc;ar>;INS;ab;V,IND,PST,3,SG,IPFV;5.14339e-05
p;esllar>;INS;i;V,IND,PRS,3,SG;5.14132e-05
deriv;>;DEL;ar;V,IND,PST,2,SG,PFV,LGSPEC2;5.13924e-05
u;erer>;INS;ix;V,1,SG,IND,PST,PRF,LGSPEC2;5.13717e-05
ec;>;DEL;u;ADJ,SG,FEM;5.1351e-05
o;r>;DEL;ra;V,IND,PST,3,SG,PFV;5.13302e-05
respo;nder>;INS;ue;V,2,SG,IMP;5.13095e-05
bax;r>;DEL;a;V,1,PL,SBJV,PST,IPFV,LGSPEC2;5.12888e-05
pod;er>;INS;i;V,3,SG,IND,PST,PRF,LGSPEC1;5.12682e-05
ñ;r>;DEL;a;V,1,PL,SBJV,PST,IPFV,LGSPEC1;5.12475e-05
ir;>;INS;íes;V,2,SG,SBJV,PST,IPFV;5.12268e-05
ra;er>;DEL;y;V,2,SG,SBJV,PST,IPFV,LGSPEC2;5.12061e-05
i;r>;INS;fó;V,1,PL,IND,PST,PRF,LGSPEC2;5.11855e-05
lá;n>;INS;a;ADJ,SG,NEUT;5.11648e-05
ait;>;DEL;ar;V,1,SG,SBJV,PRS;5.11442e-05
az;r>;DEL;a;V,1,PL,SBJV,PST,IPFV,LGSPEC2;5.11236e-05
i;ar>;INS;ab;V,IND,PST,3,SG,IPFV;5.1103e-05
samin;r>;DEL;a;V,1,PL,IND,PST,PRF,LGSPEC1;5.10823e-05
áu;>;INS;ao;ADJ,SG,NEUT;5.10617e-05
id;>;DEL;ar;V,2,PL,IMP;5.10411e-05
lgam;>;DEL;ar;V,IND,PRS,2,SG;5.10206e-05
rd;er>;INS;i;V,IND,PST,2,SG,PFV;5.1e-05
bolir;>;INS;e;V,3,SG,COND,LGSPEC1;5.09794e-05
amasuñ;>;DEL;ar;V,2,PL,SBJV,PRS;5.09588e-05
r;>;INS;es;V,2,SG,IND,PST,PRF,LGSPEC1;5.09383e-05
alban;s>;DEL;é;ADJ,PL,MASC;5.09177e-05
sport;r>;DEL;a;V,1,PL,IND,PST,PRF,LGSPEC2;5.08972e-05
llad;>;DEL;ar;V,2,PL,IMP;5.08767e-05
to;>;DEL;car;V,2,SG,SBJV,PRS,LGSPEC2;5.08561e-05
lips;ar>;INS;áb;V,IND,PST,1,PL,IPFV,LGSPEC2;5.08356e-05
sonri;r>;INS;e;V,2,PL,IND,PST,PRF,LGSPEC1;5.08151e-05
empeo;r>;DEL;ra;V,2,SG,SBJV,PRS,LGSPEC1;5.07946e-05
v;>;DEL;ar;V,IND,PRS,1,SG;5.07741e-05
com;enzar>;INS;i;V,IND,PRS,3,SG;5.07537e-05
r;>;INS;céis;V,2,PL,SBJV,PRS;5.07332e-05
ecipi;r>;DEL;a;V,1,PL,IND,PST,PRF,LGSPEC2;5.07127e-05
espo;nder>;INS;ue;V,2,SG,IMP;5.06923e-05
form;>;DEL;ar;V,IND,PST,3,SG,PFV;5.06718e-05
be;r>;DEL;ra;V,3,PL,SBJV,PRS,LGSPEC1;5.06514e-05
it;>;DEL;ar;V,1,SG,SBJV,PRS;5.06309e-05
der;>;INS;amos;V,2,PL,IND,FUT;5.06105e-05
eriv;>;DEL;ar;V,IND,PST,2,SG,PFV,LGSPEC2;5.05901e-05
nocer;>;INS;éis;V,IND,PRS,2,PL;5.05697e-05
uerer;>;INS;éi;V,2,PL,IMP;5.05493e-05
xist;r>;DEL;ra;V,2,SG,SBJV,PRS,LGSPEC1;5.05289e-05
ax;r>;DEL;a;V,1,PL,SBJV,PST,IPFV,LGSPEC2;5.05085e-05
d;er>;INS;i;V,IND,PST,2,SG,PFV;5.04882e-05
amin;r>;DEL;a;V,1,PL,IND,PST,PRF,LGSPEC1;5.04678e-05
o;>;DEL;car;V,2,SG,SBJV,PRS,LGSPEC2;5.04474e-05
od;er>;INS;i;V,3,SG,IND,PST,PRF,LGSPEC1;5.04271e-05
á;n>;INS;a;ADJ,SG,NEUT;5.04068e-05
z;r>;DEL;a;V,1,PL,SBJV,PST,IPFV,LGSPEC2;5.03864e-05
c;>;DEL;u;ADJ,SG,FEM;5.03661e-05
a;er>;DEL;y;V,2,SG,SBJV,PST,IPFV,LGSPEC2;5.03458e-05
port;r>;DEL;a;V,1,PL,IND,PST,PRF,LGSPEC2;5.03255e-05
lban;s>;DEL;é;ADJ,PL,MASC;5.03052e-05
l;>;DEL;ar;V,IND,PST,2,PL,PFV,LGSPEC2;5.02849e-05
g;>;DEL;ar;V,IND,PRS,3,PL;5.02646e-05
gam;>;DEL;ar;V,IND,PRS,2,SG;5.02443e-05
n;>;DEL;ar;V,IND,PRS,3,PL;5.02241e-05
c;>;DEL;ar;V,IND,PRS,2,PL;5.02038e-05
n;>;DEL;ar;V,IND,PST,2,PL,PFV,LGSPEC2;5.01835e-05
u;>;INS;ao;ADJ,SG,NEUT;5.01633e-05
l;>;DEL;ar;V.PTCP,PST,MASC,SG;5.01431e-05
masuñ;>;DEL;ar;V,2,PL,SBJV,PRS;5.01228e-05
deriv;>;DEL;ar;V.PTCP,PST,MASC,SG;5.01026e-05
ips;ar>;INS;áb;V,IND,PST,1,PL,IPFV,LGSPEC2;5.00824e-05
onri;r>;INS;e;V,2,PL,IND,PST,PRF,LGSPEC1;5.00622e-05
om;enzar>;INS;i;V,IND,PRS,3,SG;5.0042e-05
ñ;ar>;INS;áb;V,IND,PST,1,PL,IPFV,LGSPEC2;5.00218e-05
lo;r>;DEL;ra;V.PTCP,PST,MASC,SG;5.00017e-05
cer;>;INS;en;V,3,PL,IND,PST,PRF,LGSPEC4;4.99815e-05
lad;>;DEL;ar;V,2,PL,IMP;4.99613e-05
mpeo;r>;DEL;ra;V,2,SG,SBJV,PRS,LGSPEC1;4.99412e-05
coyer;>;INS;n;V,IND,PST,3,PL,IPFV;4.9921e-05
miti;r>;INS;e;V,3,SG,COND,LGSPEC2;4.99009e-05
cipi;r>;DEL;a;V,1,PL,IND,PST,PRF,LGSPEC2;4.98808e-05
d;>;DEL;ar;V,2,PL,IMP;4.98606e-05
occitan;>;DEL;u;ADJ,PL,FEM;4.98405e-05
spo;nder>;INS;ue;V,2,SG,IMP;4.98204e-05
lir;>;INS;e;V,3,SG,COND,LGSPEC1;4.98003e-05
riv;>;DEL;ar;V,IND,PST,2,SG,PFV,LGSPEC2;4.97802e-05
gan;>;DEL;ar;V,IND,PST,2,PL,PFV,LGSPEC2;4.97602e-05
particip;ar>;INS;áb;V,IND,PST,1,PL,IPFV,LGSPEC2;4.97401e-05
ist;r>;DEL;ra;V,2,SG,SBJV,PRS,LGSPEC1;4.972e-05
erer;>;INS;éi;V,2,PL,IMP;4.97e-05
fa;er>;INS;ici;V,2,SG,SBJV,PST,IPFV,LGSPEC1;4.96799e-05
min;r>;DEL;a;V,1,PL,IND,PST,PRF,LGSPEC1;4.96599e-05
e;r>;DEL;ra;V,3,PL,SBJV,PRS,LGSPEC1;4.96399e-05
er;>;INS;amos;V,2,PL,IND,FUT;4.96198e-05
t;>;DEL;ar;V,1,SG,SBJV,PRS;4.95998e-05
d;er>;INS;i;V,3,SG,IND,PST,PRF,LGSPEC1;4.95798e-05
st;r>;DEL;ra;V,2,SG,SBJV,PRS,LGSPEC1;4.95598e-05
maxin;ar>;INS;áb;V,IND,PST,1,PL,IPFV,LGSPEC2;4.95398e-05
m;enzar>;INS;i;V,IND,PRS,3,SG;4.95198e-05
escomenz;ar>;INS;ab;V,IND,PST,3,SG,IPFV;4.94999e-05
ort;r>;DEL;a;V,1,PL,IND,PST,PRF,LGSPEC2;4.94799e-05
fa;er>;INS;cí;V,IND,PST,3,PL,IPFV,LGSPEC1;4.94599e-05
asuñ;>;DEL;ar;V,2,PL,SBJV,PRS;4.944e-05
ban;s>;DEL;é;ADJ,PL,MASC;4.94201e-05
eriv;>;DEL;ar;V.PTCP,PST,MASC,SG;4.94001e-05
nri;r>;INS;e;V,2,PL,IND,PST,PRF,LGSPEC1;4.93802e-05
ps;ar>;INS;áb;V,IND,PST,1,PL,IPFV,LGSPEC2;4.93603e-05
peo;r>;DEL;ra;V,2,SG,SBJV,PRS,LGSPEC1;4.93404e-05
am;>;DEL;ar;V,IND,PRS,2,SG;4.93205e-05
er;>;INS;en;V,3,PL,IND,PST,PRF,LGSPEC4;4.93006e-05
ccitan;>;DEL;u;ADJ,PL,FEM;4.92807e-05
oyer;>;INS;n;V,IND,PST,3,PL,IPFV;4.92608e-05
iti;r>;INS;e;V,3,SG,COND,LGSPEC2;4.92409e-05
orm;>;DEL;ar;V,IND,PST,3,SG,PFV;4.92211e-05
guarni;>;DEL;r;V,IND,PST,2,PL,PFV,LGSPEC1;4.92012e-05
ipi;r>;DEL;a;V,1,PL,IND,PST,PRF,LGSPEC2;4.91814e-05
ir;>;INS;ía;V,1,SG,SBJV,PST,IPFV;4.91615e-05
d;r>;DEL;a;V,1,PL,SBJV,PST,IPFV,LGSPEC2;4.91417e-05
ad;>;DEL;ar;V,2,PL,IMP;4.91219e-05
articip;ar>;INS;áb;V,IND,PST,1,PL,IPFV,LGSPEC2;4.91021e-05
namo;r>;DEL;ra;V,IND,PST,1,PL,PFV;4.90823e-05
to;>;DEL;car;V,IND,PRS,3,PL;4.90625e-05
f;er>;DEL;a;V,2,PL,IND,PST,PRF,LGSPEC2;4.90427e-05
rer;>;INS;éi;V,2,PL,IMP;4.90229e-05
a;er>;INS;ici;V,2,SG,SBJV,PST,IPFV,LGSPEC1;4.90031e-05
in;r>;DEL;a;V,1,PL,IND,PST,PRF,LGSPEC1;4.89834e-05
cer;>;INS;éis;V,IND,PRS,2,PL;4.89427e-05
dir;>;INS;ais;V,2,PL,IND,PST,PRF,LGSPEC3;4.89218e-05
col;>;DEL;ar;V,IND,PRS,3,PL;4.89009e-05
amo;r>;DEL;ra;V,IND,PST,1,PL,PFV;4.888e-05
scomenz;ar>;INS;ab;V,IND,PST,3,SG,IPFV;4.88591e-05
resform;>;DEL;ar;V,IND,PRS,2,PL;4.88382e-05
mercar;>;INS;quemos;V,1,PL,SBJV,PRS;4.88174e-05
an;>;DEL;ar;V,IND,PST,2,PL,PFV,LGSPEC2;4.87965e-05
rticip;ar>;INS;áb;V,IND,PST,1,PL,IPFV,LGSPEC2;4.87757e-05
encax;>;DEL;ar;V,2,SG,SBJV,PRS,LGSPEC1;4.87549e-05
ncax;>;DEL;ar;V,2,SG,SBJV,PRS,LGSPEC1;4.8734e-05
rt;r>;DEL;a;V,1,PL,IND,PST,PRF,LGSPEC2;4.87132e-05
o;nder>;INS;ue;V,2,SG,IMP;4.86924e-05
iv;>;DEL;ar;V,IND,PST,2,SG,PFV,LGSPEC2;4.86716e-05
ir;>;INS;e;V,3,SG,COND,LGSPEC1;4.86508e-05
ri;r>;INS;e;V,2,PL,IND,PST,PRF,LGSPEC1;4.863e-05
a;er>;INS;cí;V,IND,PST,3,PL,IPFV,LGSPEC1;4.86093e-05
ti;r>;INS;e;V,3,SG,COND,LGSPEC2;4.85885e-05
axin;ar>;INS;áb;V,IND,PST,1,PL,IPFV,LGSPEC2;4.85678e-05
conoce;>;DEL;r;V,IND,PRS,2,SG;4.8547e-05
citan;>;DEL;u;ADJ,PL,FEM;4.85263e-05
suñ;>;DEL;ar;V,2,PL,SBJV,PRS;4.85055e-05
riv;>;DEL;ar;V.PTCP,PST,MASC,SG;4.84848e-05
eo;r>;DEL;ra;V,2,SG,SBJV,PRS,LGSPEC1;4.84641e-05
r;>;INS;ce;V,3,SG,SBJV,PRS;4.84434e-05
comenz;ar>;INS;ab;V,IND,PST,3,SG,IPFV;4.84227e-05
yer;>;INS;n;V,IND,PST,3,PL,IPFV;4.8402e-05
pi;r>;DEL;a;V,1,PL,IND,PST,PRF,LGSPEC2;4.83814e-05
rm;>;DEL;ar;V,IND,PST,3,SG,PFV;4.83607e-05
esform;>;DEL;ar;V,IND,PRS,2,PL;4.834e-05
d;>;DEL;ir;V.PTCP,PST,MASC,PL;4.83194e-05
m;>;DEL;ar;V,IND,PRS,2,SG;4.82988e-05
omenzar;>;INS;ces;V,IND,PRS,2,SG;4.82781e-05
d;>;DEL;ar;V,IND,PST,3,SG,PFV;4.82575e-05
l;>;DEL;ar;V,3,PL,SBJV,PRS,LGSPEC1;4.82369e-05
u;>;DEL;car;V,IND,PST,2,PL,PFV,LGSPEC2;4.82163e-05
existir;>;INS;eis;V,2,PL,COND,LGSPEC1;4.81957e-05
connot;r>;DEL;a;V,1,PL,IND,PST,PRF,LGSPEC2;4.81751e-05
trayer;>;INS;emos;V,1,PL,IND,FUT,LGSPEC1;4.81545e-05
ercar;>;INS;quemos;V,1,PL,SBJV,PRS;4.8134e-05
o;>;DEL;car;V,IND,PRS,3,PL;4.81134e-05
er;>;INS;éi;V,2,PL,IMP;4.80929e-05
t;r>;DEL;ra;V,2,SG,SBJV,PRS,LGSPEC1;4.80723e-05
traer;>;INS;ás;V,2,SG,IND,FUT,LGSPEC2;4.80518e-05
afum;>;DEL;ar;V,IND,PRS,2,PL;4.80313e-05
ticip;ar>;INS;áb;V,IND,PST,1,PL,IPFV,LGSPEC2;4.80107e-05
guarni;r>;INS;e;V,1,SG,COND,LGSPEC1;4.79902e-05
clon;>;DEL;ar;V,2,PL,SBJV,PRS;4.79697e-05
xin;ar>;INS;áb;V,IND,PST,1,PL,IPFV,LGSPEC2;4.79492e-05
er;>;INS;éis;V,IND,PRS,2,PL;4.79288e-05
n;r>;DEL;a;V,1,PL,IND,PST,PRF,LGSPEC1;4.79083e-05
ol;>;DEL;ar;V,IND,PRS,3,PL;4.78878e-05
m;>;DEL;ar;V,IND,PST,3,SG,PFV;4.78674e-05
ir;>;INS;ais;V,2,PL,IND,PST,PRF,LGSPEC3;4.78469e-05
ave;r>;DEL;ra;V,IND,PRS,3,PL;4.78265e-05
itan;>;DEL;u;ADJ,PL,FEM;4.78061e-05
al;>;DEL;zar;V,3,PL,SBJV,PRS,LGSPEC2;4.77856e-05
xibl;>;DEL;ar;V,IND,PST,3,SG,PFV;4.77652e-05
comp;r>;DEL;ra;V,IND,PST,3,SG,PFV;4.77448e-05
sform;>;DEL;ar;V,IND,PRS,2,PL;4.77244e-05
llend;>;DEL;ar;V,IND,PST,3,SG,PFV;4.77041e-05
r;>;INS;e;V,3,SG,COND,LGSPEC1;4.76837e-05
arni;>;DEL;r;V,IND,PST,2,PL,PFV,LGSPEC1;4.76633e-05
<f;er>;DEL;a;V,2,SG,IND,PST,PRF,LGSPEC1;4.7643e-05
uñ;>;DEL;ar;V,2,PL,SBJV,PRS;4.76226e-05
rayer;>;INS;emos;V,1,PL,IND,FUT,LGSPEC1;4.76023e-05
n;s>;DEL;é;ADJ,PL,MASC;4.75819e-05
iv;>;DEL;ar;V.PTCP,PST,MASC,SG;4.75616e-05
omenz;ar>;INS;ab;V,IND,PST,3,SG,IPFV;4.75413e-05
i;r>;INS;e;V,3,SG,COND,LGSPEC2;4.7521e-05
acompangar;>;INS;uen;V,3,PL,SBJV,PRS,LGSPEC1;4.75007e-05
onnot;r>;DEL;a;V,1,PL,IND,PST,PRF,LGSPEC2;4.74804e-05
mo;r>;DEL;ra;V,IND,PST,1,PL,PFV;4.74601e-05
lon;>;DEL;ar;V,2,PL,SBJV,PRS;4.74398e-05
cax;>;DEL;ar;V,2,SG,SBJV,PRS,LGSPEC1;4.74196e-05
r;>;INS;e;V,1,SG,IND,PST,PRF,LGSPEC1;4.73993e-05
menzar;>;INS;ces;V,IND,PRS,2,SG;4.73791e-05
sonri;r>;INS;e;V,2,SG,IND,PST,PRF,LGSPEC2;4.73588e-05
rcar;>;INS;quemos;V,1,PL,SBJV,PRS;4.73386e-05
xistir;>;INS;eis;V,2,PL,COND,LGSPEC1;4.73184e-05
r;>;INS;éi;V,2,PL,IMP;4.72982e-05
menorgar;>;INS;ue;V,3,SG,SBJV,PRS;4.7278e-05
ir;>;INS;an;V,3,PL,COND,LGSPEC2;4.72578e-05
ir;>;INS;as;V,2,SG,COND,LGSPEC2;4.72376e-05
raer;>;INS;ás;V,2,SG,IND,FUT,LGSPEC2;4.72174e-05
i;r>;INS;e;V,3,SG,COND,LGSPEC1;4.71973e-05
icip;ar>;INS;áb;V,IND,PST,1,PL,IPFV,LGSPEC2;4.71771e-05
uarni;r>;INS;e;V,1,SG,COND,LGSPEC1;4.7157e-05
comp;ar>;DEL;ar;V,1,SG,SBJV,PRS;4.71368e-05
fum;>;DEL;ar;V,IND,PRS,2,PL;4.71167e-05
in;ar>;INS;áb;V,IND,PST,1,PL,IPFV,LGSPEC2;4.70966e-05
mbi;>;DEL;ar;V,IND,PST,1,PL,PFV;4.70764e-05
umi;r>;DEL;a;V,1,PL,SBJV,PST,IPFV,LGSPEC2;4.70563e-05
ard;>;DEL;er;V,1,PL,IND,FUT;4.70362e-05
dulda;>;DEL;r;V,IND,PST,1,PL,IPFV,LGSPEC2;4.70161e-05
on;>;DEL;ar;V,2,PL,SBJV,PRS;4.69961e-05
uti;>;DEL;zar;V,2,SG,SBJV,PRS,LGSPEC2;4.6976e-05
f;er>;DEL;a;V,2,SG,IND,PST,PRF,LGSPEC1;4.69559e-05
trayer;>;INS;e;V,1,SG,IND,PST,PRF,LGSPEC2;4.69359e-05
omp;r>;DEL;ra;V,IND,PST,3,SG,PFV;4.69158e-05
ayer;>;INS;emos;V,1,PL,IND,FUT,LGSPEC1;4.68958e-05
ve;r>;DEL;ra;V,IND,PRS,3,PL;4.68757e-05
tan;>;DEL;u;ADJ,PL,FEM;4.68557e-05
ibl;>;DEL;ar;V,IND,PST,3,SG,PFV;4.68357e-05
rni;>;DEL;r;V,IND,PST,2,PL,PFV,LGSPEC1;4.68157e-05
menz;ar>;INS;ab;V,IND,PST,3,SG,IPFV;4.67957e-05
col;>;DEL;ar;V,IND,PRS,2,SG;4.67757e-05
eclips;r>;DEL;a;V,1,PL,SBJV,PST,IPFV,LGSPEC1;4.67557e-05
form;>;DEL;ar;V,IND,PRS,2,PL;4.67358e-05
r;>;INS;ais;V,2,PL,IND,PST,PRF,LGSPEC3;4.67158e-05
s;er>;INS;y;V,IND,PST,2,PL,IPFV,LGSPEC1;4.66959e-05
afeit;>;DEL;ar;V,IND,PRS,2,PL;4.66759e-05
r;>;INS;éis;V,IND,PRS,2,PL;4.6656e-05
l;>;DEL;ar;V,IND,PRS,3,PL;4.6636e-05
istir;>;INS;eis;V,2,PL,COND,LGSPEC1;4.66161e-05
onri;r>;INS;e;V,2,SG,IND,PST,PRF,LGSPEC2;4.65962e-05
nnot;r>;DEL;a;V,1,PL,IND,PST,PRF,LGSPEC2;4.65763e-05
l;>;DEL;zar;V,3,PL,SBJV,PRS,LGSPEC2;4.65564e-05
lend;>;DEL;ar;V,IND,PST,3,SG,PFV;4.65365e-05
ablu;>;DEL;car;V,3,PL,SBJV,PRS,LGSPEC1;4.65167e-05
v;>;DEL;ar;V.PTCP,PST,MASC,SG;4.64968e-05
car;>;INS;ques;V,2,SG,SBJV,PRS,LGSPEC1;4.64769e-05
d;ar>;INS;ab;V,IND,PST,1,SG,IPFV;4.64571e-05
g;ar>;INS;u;V,2,SG,SBJV,PRS,LGSPEC2;4.64372e-05
llegalizar;>;INS;cen;V,3,PL,SBJV,PRS,LGSPEC1;4.64174e-05
ñ;>;DEL;ar;V,2,PL,SBJV,PRS;4.63976e-05
ompangar;>;INS;uen;V,3,PL,SBJV,PRS,LGSPEC1;4.63777e-05
dir;>;INS;ais;V,2,PL,COND,LGSPEC3;4.63579e-05
encad;enar>;INS;en;V,3,PL,SBJV,PRS,LGSPEC1;4.63381e-05
arni;r>;INS;e;V,1,SG,COND,LGSPEC1;4.63183e-05
omp;ar>;DEL;ar;V,1,SG,SBJV,PRS;4.62986e-05
aer;>;INS;ás;V,2,SG,IND,FUT,LGSPEC2;4.62788e-05
i;>;DEL;zar;V,IND,PST,1,SG,PFV;4.6238e-05
l;>;DEL;ar;V,3,SG,SBJV,PRS;4.6217e-05
t;>;DEL;ar;V,IND,PRS,3,PL;4.6196e-05
r;>;INS;eis;V,2,PL,COND,LGSPEC1;4.6175e-05
ñ;>;DEL;ar;V,IND,PST,2,PL,PFV,LGSPEC2;4.61541e-05
e;>;DEL;r;V,IND,PST,2,PL,IPFV,LGSPEC2;4.61331e-05
rayer;>;INS;e;V,1,SG,IND,PST,PRF,LGSPEC2;4.61122e-05
ax;>;DEL;ar;V,2,SG,SBJV,PRS,LGSPEC1;4.60912e-05
o;r>;DEL;ra;V,IND,PST,1,PL,PFV;4.60703e-05
rec;rdar>;DEL;o;V,IND,PRS,3,PL;4.60494e-05
oce;>;DEL;r;V,IND,PRS,2,SG;4.60284e-05
encax;ar>;INS;ad;V.PTCP,PST,FEM,SG;4.60075e-05
mp;r>;DEL;ra;V,IND,PST,3,SG,PFV;4.59866e-05
ameyo;r>;DEL;ra;V,IND,PST,1,PL,PFV;4.59658e-05
feit;>;DEL;ar;V,IND,PRS,2,PL;4.59449e-05
omitir;>;INS;an;V,3,PL,COND,LGSPEC2;4.5924e-05
ti;>;DEL;zar;V,2,SG,SBJV,PRS,LGSPEC2;4.59032e-05
nzar;>;INS;ces;V,IND,PRS,2,SG;4.58823e-05
raye;r>;INS;xé;V,1,PL,SBJV,PST,IPFV,LGSPEC1;4.58615e-05
legalizar;>;INS;cen;V,3,PL,SBJV,PRS,LGSPEC1;4.58406e-05
rd;>;DEL;er;V,1,PL,IND,FUT;4.58198e-05
bl;>;DEL;ar;V,IND,PST,3,SG,PFV;4.5799e-05
suañ;>;DEL;ar;V.PTCP,PST,MASC,SG;4.57782e-05
ni;>;DEL;r;V,IND,PST,2,PL,PFV,LGSPEC1;4.57574e-05
nri;r>;INS;e;V,2,SG,IND,PST,PRF,LGSPEC2;4.57366e-05
not;r>;DEL;a;V,1,PL,IND,PST,PRF,LGSPEC2;4.57159e-05
afil;>;DEL;ar;V,2,PL,SBJV,PRS;4.56951e-05
e;r>;DEL;ra;V,IND,PRS,3,PL;4.56744e-05
end;>;DEL;ar;V,IND,PST,3,SG,PFV;4.56536e-05
orm;>;DEL;ar;V,IND,PRS,2,PL;4.56329e-05
yer;>;INS;emos;V,1,PL,IND,FUT,LGSPEC1;4.56122e-05
blu;>;DEL;car;V,3,PL,SBJV,PRS,LGSPEC1;4.55914e-05
acoyer;>;INS;e;V,3,SG,IND,PST,PRF,LGSPEC2;4.55707e-05
ip;ar>;INS;áb;V,IND,PST,1,PL,IPFV,LGSPEC2;4.555e-05
rni;r>;INS;e;V,1,SG,COND,LGSPEC1;4.55293e-05
mp;ar>;DEL;ar;V,1,SG,SBJV,PRS;4.55087e-05
bail;>;DEL;ar;V,1,SG,SBJV,PRS;4.5488e-05
ñ;r>;DEL;a;V,1,PL,IND,PST,PRF,LGSPEC1;4.54673e-05
ec;rdar>;DEL;o;V,IND,PRS,3,PL;4.54467e-05
escaecer;>;INS;záis;V,3,PL,IND,FUT;4.54261e-05
n;>;DEL;ar;V,2,PL,SBJV,PRS;4.54054e-05
x;>;DEL;ar;V,2,SG,SBJV,PRS,LGSPEC1;4.53848e-05
peñ;r>;DEL;a;V,1,PL,IND,PST,PRF,LGSPEC1;4.53642e-05
desafi;>;DEL;ar;V,IND,PRS,3,PL;4.53436e-05
ncax;ar>;INS;ad;V.PTCP,PST,FEM,SG;4.5323e-05
ayer;>;INS;e;V,1,SG,IND,PST,PRF,LGSPEC2;4.53024e-05
er;>;INS;ás;V,2,SG,IND,FUT,LGSPEC2;4.52818e-05
mi;r>;DEL;a;V,1,PL,SBJV,PST,IPFV,LGSPEC2;4.52613e-05
fa;er>;INS;ici;V,3,SG,IND,PST,PRF,LGSPEC1;4.52407e-05
te;>;DEL;ner;V,IND,PST,2,SG,PFV,LGSPEC1;4.52202e-05
ir;>;INS;ais;V,2,PL,COND,LGSPEC3;4.51996e-05
egalizar;>;INS;cen;V,3,PL,SBJV,PRS,LGSPEC1;4.51791e-05
aye;r>;INS;xé;V,1,PL,SBJV,PST,IPFV,LGSPEC1;4.51586e-05
ips;r>;DEL;a;V,1,PL,SBJV,PST,IPFV,LGSPEC1;4.51381e-05
s;er>;INS;y;V,IND,PST,2,PL,IPFV,LGSPEC2;4.51176e-05
mitir;>;INS;an;V,3,PL,COND,LGSPEC2;4.50971e-05
cad;enar>;INS;en;V,3,PL,SBJV,PRS,LGSPEC1;4.50766e-05
coyer;>;INS;e;V,3,SG,IND,PST,PRF,LGSPEC2;4.50561e-05
desp;esllar>;INS;i;V,2,SG,SBJV,PRS,LGSPEC1;4.50357e-05
fac;er>;INS;i;V,1,SG,SBJV,PST,IPFV,LGSPEC1;4.50152e-05
ot;r>;DEL;a;V,1,PL,IND,PST,PRF,LGSPEC2;4.49948e-05
tir;>;INS;eis;V,2,PL,COND,LGSPEC1;4.49743e-05
nd;>;DEL;ar;V,IND,PST,3,SG,PFV;4.49539e-05
m;>;DEL;ar;V,IND,PRS,2,PL;4.49335e-05
lu;>;DEL;car;V,3,PL,SBJV,PRS,LGSPEC1;4.49131e-05
zar;>;INS;ces;V,IND,PRS,2,SG;4.48927e-05
fil;>;DEL;ar;V,2,PL,SBJV,PRS;4.48723e-05
faer;>;INS;i;V,2,SG,IMP;4.48519e-05
faer;>;INS;chu;V.PTCP,PST;4.48315e-05
oder;>;INS;e;V,3,SG,SBJV,PST,IPFV,LGSPEC2;4.48112e-05
pod;>;DEL;ar;V,3,PL,SBJV,PRS,LGSPEC1;4.47908e-05
fac;er>;INS;ix;V,1,SG,IND,PST,PRF,LGSPEC3;4.47705e-05
c;rdar>;DEL;o;V,IND,PRS,3,PL;4.47502e-05
descans;>;DEL;ar;V,IND,PRS,3,PL;4.47298e-05
i;>;DEL;zar;V,2,SG,SBJV,PRS,LGSPEC2;4.47095e-05
escae;>;DEL;cer;V,2,PL,IND,FUT;4.46892e-05
esafi;>;DEL;ar;V,IND,PRS,3,PL;4.46689e-05
scaecer;>;INS;záis;V,3,PL,IND,FUT;4.46486e-05
i;>;DEL;r;V,IND,PST,2,PL,PFV,LGSPEC1;4.46284e-05
uañ;>;DEL;ar;V.PTCP,PST,MASC,SG;4.46081e-05
eñ;r>;DEL;a;V,1,PL,IND,PST,PRF,LGSPEC1;4.45878e-05
d;>;DEL;er;V,1,PL,IND,FUT;4.45676e-05
p;ar>;INS;áb;V,IND,PST,1,PL,IPFV,LGSPEC2;4.45473e-05
rm;>;DEL;ar;V,IND,PRS,2,PL;4.45271e-05
p;r>;DEL;ra;V,IND,PST,3,SG,PFV;4.45069e-05
er;>;INS;emos;V,1,PL,IND,FUT,LGSPEC1;4.44867e-05
ni;r>;INS;e;V,1,SG,COND,LGSPEC1;4.44665e-05
comer;>;INS;e;V,3,SG,IND,PST,PRF;4.44463e-05
alt;>;DEL;u;ADJ,PL,MASC;4.44261e-05
p;ar>;DEL;ar;V,1,SG,SBJV,PRS;4.44059e-05
a;er>;INS;ici;V,3,SG,IND,PST,PRF,LGSPEC1;4.43857e-05
cax;ar>;INS;ad;V.PTCP,PST,FEM,SG;4.43656e-05
xiring;>;DEL;ar;V,3,PL,SBJV,PRS,LGSPEC1;4.43454e-05
galizar;>;INS;cen;V,3,PL,SBJV,PRS,LGSPEC1;4.43253e-05
respo;nder>;INS;ue;V,IND,PRS,2,SG;4.43052e-05
ail;>;DEL;ar;V,1,SG,SBJV,PRS;4.4285e-05
aer;>;INS;i;V,2,SG,IMP;4.42649e-05
e;>;DEL;ner;V,IND,PST,2,SG,PFV,LGSPEC1;4.42448e-05
l;>;DEL;ar;V,1,SG,SBJV,PRS;4.42247e-05
esp;esllar>;INS;i;V,2,SG,SBJV,PRS,LGSPEC1;4.42046e-05
r;>;INS;ás;V,2,SG,IND,FUT,LGSPEC2;4.41846e-05
eyo;r>;DEL;ra;V,IND,PST,1,PL,PFV;4.41645e-05
med;r>;DEL;ra;V,1,PL,SBJV,PRS;4.41444e-05
z;ar>;INS;ab;V,IND,PST,3,SG,IPFV;4.41244e-05
yer;>;INS;e;V,1,SG,IND,PST,PRF,LGSPEC2;4.41044e-05
der;>;INS;e;V,3,SG,SBJV,PST,IPFV,LGSPEC2;4.40843e-05
amena;>;DEL;zar;V,IND,PST,1,PL,PFV;4.40643e-05
r;>;INS;quemos;V,1,PL,SBJV,PRS;4.40443e-05
remedi;>;DEL;ar;V,IND,PST,3,SG,PFV;4.40243e-05
itir;>;INS;an;V,3,PL,COND,LGSPEC2;4.40043e-05
ad;enar>;INS;en;V,3,PL,SBJV,PRS,LGSPEC1;4.39843e-05
húngar;>;DEL;u;ADJ,PL,FEM;4.39643e-05
ye;r>;INS;xé;V,1,PL,SBJV,PST,IPFV,LGSPEC1;4.39444e-05
ps;r>;DEL;a;V,1,PL,SBJV,PST,IPFV,LGSPEC1;4.39244e-05
r;>;INS;ais;V,2,PL,COND,LGSPEC3;4.39045e-05
ac;er>;INS;i;V,1,SG,SBJV,PST,IPFV,LGSPEC1;4.38845e-05
escans;>;DEL;ar;V,IND,PRS,3,PL;4.38646e-05
ac;er>;INS;ix;V,1,SG,IND,PST,PRF,LGSPEC3;4.38447e-05
caecer;>;INS;záis;V,3,PL,IND,FUT;4.38248e-05
scae;>;DEL;cer;V,2,PL,IND,FUT;4.38048e-05
grup;>;DEL;ar;V.PTCP,PST,MASC,SG;4.3785e-05
lbori;r>;DEL;a;V,1,PL,SBJV,PST,IPFV,LGSPEC1;4.37651e-05
it;>;DEL;ar;V,IND,PRS,2,PL;4.37452e-05
alizar;>;INS;cen;V,3,PL,SBJV,PRS,LGSPEC1;4.37253e-05
r;>;INS;emos;V,1,PL,IND,FUT,LGSPEC1;4.37055e-05
u;>;DEL;car;V,3,PL,SBJV,PRS,LGSPEC1;4.36856e-05
il;>;DEL;ar;V,2,PL,SBJV,PRS;4.36658e-05
safi;>;DEL;ar;V,IND,PRS,3,PL;4.36459e-05
ax;ar>;INS;ad;V.PTCP,PST,FEM,SG;4.36261e-05
espo;nder>;INS;ue;V,IND,PRS,2,SG;4.36063e-05
iring;>;DEL;ar;V,3,PL,SBJV,PRS,LGSPEC1;4.35865e-05
er;>;INS;íen;V,3,PL,SBJV,PST,IPFV;4.35667e-05
od;>;DEL;ar;V,3,PL,SBJV,PRS,LGSPEC1;4.35469e-05
lt;>;DEL;u;ADJ,PL,MASC;4.35271e-05
omer;>;INS;e;V,3,SG,IND,PST,PRF;4.35074e-05
añ;>;DEL;ar;V.PTCP,PST,MASC,SG;4.34876e-05
aer;>;INS;chu;V.PTCP,PST;4.34679e-05
roducir;>;INS;emos;V,1,PL,IND,PST,PRF;4.34481e-05
estandari;>;DEL;zar;V,3,SG,SBJV,PRS;4.34284e-05
cavilg;>;DEL;ar;V,2,SG,SBJV,PRS,LGSPEC1;4.34087e-05
ecoyer;>;INS;es;V,2,SG,IND,PST,PRF,LGSPEC2;4.3389e-05
sp;esllar>;INS;i;V,2,SG,SBJV,PRS,LGSPEC1;4.33692e-05
coleicion;ar>;INS;áb;V,IND,PST,1,PL,IPFV,LGSPEC2;4.33496e-05
collech;ar>;INS;ab;V,IND,PST,3,SG,IPFV;4.33299e-05
ring;>;DEL;ar;V,3,PL,SBJV,PRS,LGSPEC1;4.33102e-05
d;enar>;INS;en;V,3,PL,SBJV,PRS,LGSPEC1;4.32905e-05
etrific;>;DEL;ar;V,3,PL,SBJV,PRS,LGSPEC1;4.32709e-05
ed;r>;DEL;ra;V,1,PL,SBJV,PRS;4.32512e-05
tener;>;INS;as;V,2,SG,IND,PST,PRF,LGSPEC1;4.32316e-05
il;>;DEL;ar;V,1,SG,SBJV,PRS;4.32119e-05
yo;r>;DEL;ra;V,IND,PST,1,PL,PFV;4.31923e-05
naveg;ar>;INS;u;V,2,SG,SBJV,PRS,LGSPEC2;4.31727e-05
odi;ar>;INS;ab;V,IND,PST,1,SG,IPFV;4.31531e-05
scans;>;DEL;ar;V,IND,PRS,3,PL;4.31335e-05
entam;>;DEL;ar;V,2,PL,IMP;4.31139e-05
er;>;INS;e;V,1,SG,IND,PST,PRF,LGSPEC2;4.30943e-05
e;r>;INS;xé;V,1,PL,SBJV,PST,IPFV,LGSPEC1;4.30747e-05
tir;>;INS;an;V,3,PL,COND,LGSPEC2;4.30552e-05
pa;r>;DEL;ri;V,1,PL,IND,FUT;4.30356e-05
aecer;>;INS;záis;V,3,PL,IND,FUT;4.30161e-05
er;>;INS;chu;V.PTCP,PST;4.29965e-05
bori;r>;DEL;a;V,1,PL,SBJV,PST,IPFV,LGSPEC1;4.2977e-05
c;er>;INS;i;V,1,SG,SBJV,PST,IPFV,LGSPEC1;4.29575e-05
i;ar>;INS;áb;V,IND,PST,1,PL,IPFV,LGSPEC2;4.2938e-05
yer;>;INS;e;V,3,SG,IND,PST,PRF,LGSPEC2;4.29185e-05
lizar;>;INS;cen;V,3,PL,SBJV,PRS,LGSPEC1;4.2899e-05
spo;nder>;INS;ue;V,IND,PRS,2,SG;4.28795e-05
afeuta;>;DEL;r;V,2,SG,SBJV,PRS,LGSPEC2;4.286e-05
amos;r>;DEL;a;V,1,PL,IND,PST,PRF,LGSPEC2;4.28406e-05
cae;>;DEL;cer;V,2,PL,IND,FUT;4.28211e-05
x;ar>;INS;ad;V.PTCP,PST,FEM,SG;4.28017e-05
alz;>;DEL;ar;V,IND,PST,1,PL,IPFV,LGSPEC1;4.27822e-05
s;r>;DEL;a;V,1,PL,SBJV,PST,IPFV,LGSPEC1;4.27628e-05
combay;r>;DEL;a;V,1,PL,IND,PST,PRF,LGSPEC1;4.27434e-05
standari;>;DEL;zar;V,3,SG,SBJV,PRS;4.2724e-05
f;>;DEL;acer;V,IND,PST,2,PL,PFV,LGSPEC1;4.27046e-05
afi;>;DEL;ar;V,IND,PRS,3,PL;4.26852e-05
rup;>;DEL;ar;V.PTCP,PST,MASC,SG;4.26658e-05
t;>;DEL;ar;V,3,SG,SBJV,PRS;4.26464e-05
tra;er>;INS;yí;V,IND,PST,2,SG,IPFV,LGSPEC1;4.2627e-05
avilg;>;DEL;ar;V,2,SG,SBJV,PRS,LGSPEC1;4.26077e-05
sement;ar>;INS;ad;V.PTCP,PST,FEM,SG;4.25883e-05
record;ar>;INS;ab;V,IND,PST,3,SG,IPFV;4.2569e-05
oleicion;ar>;INS;áb;V,IND,PST,1,PL,IPFV,LGSPEC2;4.25496e-05
c;er>;INS;ix;V,1,SG,IND,PST,PRF,LGSPEC3;4.25303e-05
ollech;ar>;INS;ab;V,IND,PST,3,SG,IPFV;4.2511e-05
mer;>;INS;e;V,3,SG,IND,PST,PRF;4.24917e-05
oducir;>;INS;emos;V,1,PL,IND,PST,PRF;4.24724e-05
p;esllar>;INS;i;V,2,SG,SBJV,PRS,LGSPEC1;4.24531e-05
paec;er>;INS;i;V,IND,PST,2,SG,PFV;4.24338e-05
cristianizar;>;INS;can;V,3,PL,SBJV,PRS,LGSPEC2;4.24146e-05
ena;>;DEL;zar;V,IND,PST,1,PL,PFV;4.23953e-05
trific;>;DEL;ar;V,3,PL,SBJV,PRS,LGSPEC1;4.2376e-05
er;>;INS;e;V,3,SG,SBJV,PST,IPFV,LGSPEC2;4.23568e-05
x;>;DEL;ar;V.PTCP,PST,MASC,SG;4.23376e-05
m;>;DEL;ar;V,2,PL,IMP;4.23183e-05
ñ;>;DEL;ar;V.PTCP,PST,MASC,SG;4.22991e-05
n;>;DEL;ar;V,IND,PRS,2,SG;4.22799e-05
c;>;DEL;ar;V.PTCP,PST,MASC,SG;4.22607e-05
aveg;ar>;INS;u;V,2,SG,SBJV,PRS,LGSPEC2;4.22415e-05
mand;>;DEL;ar;V,2,SG,SBJV,PRS,LGSPEC1;4.22223e-05
espey;>;DEL;ar;V,IND,PST,2,SG,PFV,LGSPEC2;4.22031e-05
mat;r>;DEL;a;V,1,PL,SBJV,PST,IPFV,LGSPEC1;4.2184e-05
ngar;>;DEL;u;ADJ,PL,FEM;4.21648e-05
ener;>;INS;as;V,2,SG,IND,PST,PRF,LGSPEC1;4.21457e-05
di;ar>;INS;ab;V,IND,PST,1,SG,IPFV;4.21265e-05
afalagar;>;INS;uen;V,IND,PRS,3,PL;4.21074e-05
medi;>;DEL;ar;V,IND,PST,3,SG,PFV;4.20883e-05
t;>;DEL;u;ADJ,PL,MASC;4.20692e-05
cans;>;DEL;ar;V,IND,PRS,3,PL;4.205e-05
ecer;>;INS;záis;V,3,PL,IND,FUT;4.2031e-05
ntam;>;DEL;ar;V,2,PL,IMP;4.20119e-05
aflac;r>;DEL;a;V,1,PL,SBJV,PST,IPFV,LGSPEC2;4.19928e-05
d;r>;DEL;ra;V,1,PL,SBJV,PRS;4.19737e-05
omit;>;DEL;ir;V,2,SG,IND,FUT;4.19546e-05
trayer;>;INS;xemos;V,IND,PST,1,PL,PFV,LGSPEC2;4.19356e-05
po;nder>;INS;ue;V,IND,PRS,2,SG;4.19165e-05
ar;>;INS;ue;V,3,SG,SBJV,PRS;4.18975e-05
orden;>;DEL;ar;V,IND,PRS,2,PL;4.18785e-05
coyer;>;INS;es;V,2,SG,IND,PST,PRF,LGSPEC2;4.18595e-05
tandari;>;DEL;zar;V,3,SG,SBJV,PRS;4.18405e-05
ori;r>;DEL;a;V,1,PL,SBJV,PST,IPFV,LGSPEC1;4.18214e-05
izar;>;INS;cen;V,3,PL,SBJV,PRS,LGSPEC1;4.18025e-05
ombay;r>;DEL;a;V,1,PL,IND,PST,PRF,LGSPEC1;4.17835e-05
respond;>;DEL;er;V,2,SG,IMP;4.17645e-05
standarizar;>;INS;cestis;V,IND,PST,2,PL,PFV,LGSPEC2;4.17455e-05
r;>;INS;e;V,1,SG,IND,PST,PRF,LGSPEC2;4.17266e-05
r;>;INS;chu;V.PTCP,PST;4.17076e-05
ement;ar>;INS;ad;V.PTCP,PST,FEM,SG;4.16887e-05
a;r>;DEL;ri;V,1,PL,IND,FUT;4.16697e-05
mos;r>;DEL;a;V,1,PL,IND,PST,PRF,LGSPEC2;4.16508e-05
llech;ar>;INS;ab;V,IND,PST,3,SG,IPFV;4.16319e-05
ecord;ar>;INS;ab;V,IND,PST,3,SG,IPFV;4.1613e-05
i;r>;DEL;a;V,1,PL,SBJV,PST,IPFV,LGSPEC1;4.15941e-05
ar;>;INS;can;V,3,PL,SBJV,PRS,LGSPEC2;4.15752e-05
er;>;INS;e;V,3,SG,IND,PST,PRF,LGSPEC2;4.15563e-05
é;s>;INS;ese;ADJ,PL,FEM;4.15374e-05
r;>;INS;e;V,3,SG,SBJV,PST,IPFV,LGSPEC2;4.15186e-05
vilg;>;DEL;ar;V,2,SG,SBJV,PRS,LGSPEC1;4.14997e-05
ing;>;DEL;ar;V,3,PL,SBJV,PRS,LGSPEC1;4.14809e-05
comenz;r>;DEL;a;V,1,PL,IND,PST,PRF,LGSPEC2;4.1462e-05
ap;>;DEL;ar;V,3,SG,SBJV,PRS;4.14432e-05
recoy;>;DEL;er;V,IND,PST,1,SG,PFV;4.14244e-05
par;ar>;INS;ab;V,IND,PST,3,SG,IPFV;4.14056e-05
istianizar;>;INS;can;V,3,PL,SBJV,PRS,LGSPEC2;4.13868e-05
ra;er>;INS;yí;V,IND,PST,2,SG,IPFV,LGSPEC1;4.1368e-05
ae;>;DEL;cer;V,2,PL,IND,FUT;4.13492e-05
fi;>;DEL;ar;V,IND,PRS,3,PL;4.13304e-05
lz;>;DEL;ar;V,IND,PST,1,PL,IPFV,LGSPEC1;4.13116e-05
afalu;>;DEL;car;V,3,PL,SBJV,PRS,LGSPEC2;4.12929e-05
brani;>;DEL;ar;V,1,SG,SBJV,PRS;4.12741e-05
aec;er>;INS;i;V,IND,PST,2,SG,PFV;4.12554e-05
llamb;>;DEL;er;V.PTCP,PST,MASC,PL;4.12366e-05
up;>;DEL;ar;V.PTCP,PST,MASC,SG;4.12179e-05
tra;er>;INS;x;V,2,PL,IND,PST,PRF,LGSPEC1;4.11992e-05
veg;ar>;INS;u;V,2,SG,SBJV,PRS,LGSPEC2;4.11805e-05
spey;>;DEL;ar;V,IND,PST,2,SG,PFV,LGSPEC2;4.11618e-05
er;>;INS;e;V,3,SG,IND,PST,PRF;4.11431e-05
na;>;DEL;zar;V,IND,PST,1,PL,PFV;4.11244e-05
ner;>;INS;as;V,2,SG,IND,PST,PRF,LGSPEC1;4.11057e-05
edi;>;DEL;ar;V,IND,PST,3,SG,PFV;4.1087e-05
rayer;>;INS;xemos;V,IND,PST,1,PL,PFV,LGSPEC2;4.10684e-05
flac;r>;DEL;a;V,1,PL,SBJV,PST,IPFV,LGSPEC2;4.10497e-05
and;>;DEL;ar;V,2,SG,SBJV,PRS,LGSPEC1;4.10311e-05
i;ar>;INS;ab;V,IND,PST,1,SG,IPFV;4.10125e-05
f;ir>;DEL;ir;V,IND,PRS,2,SG;4.09938e-05
escaec;>;DEL;er;V,IND,PST,3,SG,PFV;4.09752e-05
gar;>;DEL;u;ADJ,PL,FEM;4.09566e-05
r;>;INS;i;V,2,SG,IMP;4.0938e-05
mbay;r>;DEL;a;V,1,PL,IND,PST,PRF,LGSPEC1;4.09194e-05
ar;>;INS;uen;V,3,PL,SBJV,PRS,LGSPEC1;4.09008e-05
cau;sar>;INS;séi;V,2,PL,SBJV,PRS;4.08823e-05
eicion;ar>;INS;áb;V,IND,PST,1,PL,IPFV,LGSPEC2;4.08637e-05
ans;>;DEL;ar;V,IND,PRS,3,PL;4.08451e-05
querer;>;INS;ndo;V.CVB,PRS,LGSPEC2;4.08266e-05
o;nder>;INS;ue;V,IND,PRS,2,SG;4.0808e-05
cer;>;INS;záis;V,3,PL,IND,FUT;4.07895e-05
tam;>;DEL;ar;V,2,PL,IMP;4.0771e-05
rden;>;DEL;ar;V,IND,PRS,2,PL;4.07525e-05
ment;ar>;INS;ad;V.PTCP,PST,FEM,SG;4.0734e-05
lech;ar>;INS;ab;V,IND,PST,3,SG,IPFV;4.07155e-05
mit;>;DEL;ir;V,2,SG,IND,FUT;4.0697e-05
cord;ar>;INS;ab;V,IND,PST,3,SG,IPFV;4.06785e-05
a;er>;INS;yí;V,IND,PST,2,SG,IPFV,LGSPEC1;4.066e-05
esixir;>;INS;es;V,2,SG,IND,PST,PRF,LGSPEC1;4.06415e-05
omenz;r>;DEL;a;V,1,PL,IND,PST,PRF,LGSPEC2;4.06231e-05
esistir;>;INS;s;V,IND,PST,2,PL,IPFV,LGSPEC2;4.06046e-05
i;>;DEL;ar;V,2,PL,IMP;4.05862e-05
ri;r>;DEL;a;V,1,PL,SBJV,PST,IPFV,LGSPEC1;4.05678e-05
ten;>;DEL;er;V,1,PL,IND,FUT;4.05493e-05
ucir;>;INS;emos;V,1,PL,IND,PST,PRF;4.05309e-05
r;>;INS;ue;V,3,SG,SBJV,PRS;4.05125e-05
r;>;INS;an;V,3,PL,COND,LGSPEC2;4.04941e-05
os;r>;DEL;a;V,1,PL,IND,PST,PRF,LGSPEC2;4.04757e-05
rani;>;DEL;ar;V,1,SG,SBJV,PRS;4.04573e-05
falu;>;DEL;car;V,3,PL,SBJV,PRS,LGSPEC2;4.0439e-05
ecoy;>;DEL;er;V,IND,PST,1,SG,PFV;4.04206e-05
ar;ar>;INS;ab;V,IND,PST,3,SG,IPFV;4.04022e-05
alagar;>;INS;uen;V,IND,PRS,3,PL;4.03839e-05
<;>;DEL;dir;V,2,SG,IND,FUT,LGSPEC3;4.03655e-05
castigar;>;INS;ué;V,IND,PST,1,SG,PFV;4.03472e-05
ific;>;DEL;ar;V,3,PL,SBJV,PRS,LGSPEC1;4.03289e-05
ng;>;DEL;ar;V,3,PL,SBJV,PRS,LGSPEC1;4.03106e-05
lamb;>;DEL;er;V.PTCP,PST,MASC,PL;4.02923e-05
ra;er>;INS;x;V,2,PL,IND,PST,PRF,LGSPEC1;4.0274e-05
uc;ar>;INS;ab;V,IND,PST,1,SG,IPFV;4.02557e-05
r;>;DEL;u;ADJ,PL,FEM;4.02374e-05
n;>;INS;o;ADJ,SG,NEUT;4.02191e-05
eg;ar>;INS;u;V,2,SG,SBJV,PRS,LGSPEC2;4.02009e-05
g;>;DEL;ar;V,1,SG,SBJV,PRS;4.01826e-05
al;endar>;INS;i;V,IND,PRS,1,SG;4.01643e-05
r;>;INS;e;V,3,SG,IND,PST,PRF,LGSPEC2;4.01461e-05
e;>;DEL;cer;V,2,PL,IND,FUT;4.01279e-05
p;>;DEL;ar;V.PTCP,PST,MASC,SG;4.01096e-05
scaec;>;DEL;er;V,IND,PST,3,SG,PFV;4.00914e-05
lac;r>;DEL;a;V,1,PL,SBJV,PST,IPFV,LGSPEC2;4.00732e-05
raer;>;INS;s;V,IND,PST,2,SG,IPFV,LGSPEC1;4.0055e-05
pey;>;DEL;ar;V,IND,PST,2,SG,PFV,LGSPEC2;4.00368e-05
z;>;DEL;ar;V,IND,PST,1,PL,IPFV,LGSPEC1;4.00186e-05
p;oner>;INS;uest;V.PTCP,PST,MASC,PL;4.00005e-05
a;>;DEL;zar;V,IND,PST,1,PL,PFV;3.99823e-05
esco;yer>;INS;ue;V,IND,PRS,3,PL;3.99641e-05
ndari;>;DEL;zar;V,3,SG,SBJV,PRS;3.9946e-05
spond;>;DEL;er;V,2,SG,IMP;3.99279e-05
au;sar>;INS;séi;V,2,PL,SBJV,PRS;3.99097e-05
estropi;>;DEL;ar;V,2,PL,IMP;3.98916e-05
<;r>;DEL;di;V,2,SG,IND,PST,PRF,LGSPEC4;3.98735e-05
nd;>;DEL;ar;V,2,SG,SBJV,PRS,LGSPEC1;3.98554e-05
bay;r>;DEL;a;V,1,PL,IND,PST,PRF,LGSPEC1;3.98373e-05
er;>;INS;as;V,2,SG,IND,PST,PRF,LGSPEC1;3.98192e-05
ar;>;DEL;u;ADJ,PL,FEM;3.98011e-05
menz;r>;DEL;a;V,1,PL,IND,PST,PRF,LGSPEC2;3.9783e-05
di;>;DEL;ar;V,IND,PST,3,SG,PFV;3.97649e-05
sistir;>;INS;s;V,IND,PST,2,PL,IPFV,LGSPEC2;3.97469e-05
r;>;INS;e;V,3,SG,IND,PST,PRF;3.97288e-05
r;>;INS;uen;V,3,PL,SBJV,PRS,LGSPEC1;3.97108e-05
yer;>;INS;es;V,2,SG,IND,PST,PRF,LGSPEC2;3.96928e-05
ord;ar>;INS;ab;V,IND,PST,3,SG,IPFV;3.96747e-05
sixir;>;INS;es;V,2,SG,IND,PST,PRF,LGSPEC1;3.96567e-05
amest;>;DEL;ar;V,2,SG,SBJV,PRS,LGSPEC1;3.96387e-05
c;r>;DEL;a;V,1,PL,SBJV,PST,IPFV,LGSPEC2;3.96207e-05
desave;r>;DEL;ra;V,1,SG,SBJV,PRS;3.96027e-05
er;>;INS;íeis;V,2,PL,SBJV,PST,IPFV,LGSPEC1;3.95847e-05
caec;>;DEL;er;V,IND,PST,3,SG,PFV;3.95667e-05
brin;>;DEL;car;V,1,PL,SBJV,PRS;3.95488e-05
er;>;INS;záis;V,3,PL,IND,FUT;3.95308e-05
ug;>;DEL;ar;V,IND,PST,2,PL,PFV,LGSPEC2;3.95129e-05
g;>;DEL;ar;V,3,PL,SBJV,PRS,LGSPEC1;3.94949e-05
tianizar;>;INS;can;V,3,PL,SBJV,PRS,LGSPEC2;3.9477e-05
astigar;>;INS;ué;V,IND,PST,1,SG,PFV;3.9459e-05
it;>;DEL;ir;V,2,SG,IND,FUT;3.94411e-05
produ;>;DEL;cir;V,2,PL,IND,FUT;3.94232e-05
lagar;>;INS;uen;V,IND,PRS,3,PL;3.94053e-05
cir;>;INS;emos;V,1,PL,IND,PST,PRF;3.93874e-05
l;endar>;INS;i;V,IND,PRS,1,SG;3.93695e-05
r;ar>;INS;ab;V,IND,PST,3,SG,IPFV;3.93516e-05
alu;>;DEL;car;V,3,PL,SBJV,PRS,LGSPEC2;3.93338e-05
a;er>;INS;x;V,2,PL,IND,PST,PRF,LGSPEC1;3.93159e-05
en;>;DEL;er;V,1,PL,IND,FUT;3.9298e-05
er;>;INS;es;V,2,SG,IND,PST,PRF,LGSPEC2;3.92802e-05
ani;>;DEL;ar;V,1,SG,SBJV,PRS;3.92624e-05
coy;>;DEL;er;V,IND,PST,1,SG,PFV;3.92445e-05
t;ar>;INS;ab;V,IND,PST,1,SG,IPFV;3.92267e-05
encax;>;DEL;ar;V,IND,PRS,2,PL;3.92089e-05
trayer;>;INS;ás;V,2,SG,IND,FUT,LGSPEC1;3.91911e-05
cion;ar>;INS;áb;V,IND,PST,1,PL,IPFV,LGSPEC2;3.91733e-05
c;er>;INS;i;V,IND,PST,2,SG,PFV;3.91555e-05
gan;>;DEL;ar;V,3,PL,SBJV,PRS,LGSPEC1;3.91377e-05
acoyer;>;INS;íamos;V,1,PL,COND,LGSPEC1;3.91199e-05
stropi;>;DEL;ar;V,2,PL,IMP;3.91022e-05
soter;r>;DEL;ra;V,IND,PST,2,SG,PFV,LGSPEC2;3.90844e-05
p;>;DEL;ar;V,3,SG,SBJV,PRS;3.90667e-05
amb;>;DEL;er;V.PTCP,PST,MASC,PL;3.90489e-05
sco;yer>;INS;ue;V,IND,PRS,3,PL;3.90312e-05
pond;>;DEL;er;V,2,SG,IMP;3.90135e-05
u;sar>;INS;séi;V,2,PL,SBJV,PRS;3.89957e-05
ac;r>;DEL;a;V,1,PL,SBJV,PST,IPFV,LGSPEC2;3.8978e-05
aer;>;INS;s;V,IND,PST,2,SG,IPFV,LGSPEC1;3.89603e-05
yer;>;INS;xemos;V,IND,PST,1,PL,PFV,LGSPEC2;3.89426e-05
lg;>;DEL;ar;V,2,SG,SBJV,PRS,LGSPEC1;3.89249e-05
am;estar>;INS;i;V,IND,PRS,2,SG;3.89073e-05
esplo;r>;DEL;ra;V.PTCP,PST,MASC,SG;3.88896e-05
esave;r>;DEL;ra;V,1,SG,SBJV,PRS;3.88719e-05
nt;ar>;INS;ad;V.PTCP,PST,FEM,SG;3.88543e-05
dari;>;DEL;zar;V,3,SG,SBJV,PRS;3.88366e-05
<escom;enzar>;INS;enc;V,IND,PRS,3,PL;3.8819e-05
istir;>;INS;s;V,IND,PST,2,PL,IPFV,LGSPEC2;3.88014e-05
ay;r>;DEL;a;V,1,PL,IND,PST,PRF,LGSPEC1;3.87837e-05
ianizar;>;INS;can;V,3,PL,SBJV,PRS,LGSPEC2;3.87661e-05
erer;>;INS;ndo;V.CVB,PRS,LGSPEC2;3.87485e-05
ch;ar>;INS;ab;V,IND,PST,3,SG,IPFV;3.87309e-05
coleicion;>;DEL;ar;V,1,PL,SBJV,PRS;3.87133e-05
stigar;>;INS;ué;V,IND,PST,1,SG,PFV;3.86958e-05
ixir;>;INS;es;V,2,SG,IND,PST,PRF,LGSPEC1;3.86782e-05
tra;r>;DEL;e;V,1,PL,IND,PST,PRF,LGSPEC2;3.86606e-05
darizar;>;INS;cestis;V,IND,PST,2,PL,PFV,LGSPEC2;3.86431e-05
d;>;DEL;ar;V,2,SG,SBJV,PRS,LGSPEC1;3.86255e-05
agar;>;INS;uen;V,IND,PRS,3,PL;3.8608e-05
rodu;>;DEL;cir;V,2,PL,IND,FUT;3.85904e-05
r;>;INS;as;V,2,SG,IND,PST,PRF,LGSPEC1;3.85729e-05
s;>;DEL;ar;V,IND,PRS,3,PL;3.85554e-05
d;>;DEL;ar;V,IND,PRS,2,SG;3.85379e-05
e;>;DEL;r;V,IND,PRS,3,PL;3.85204e-05
r;>;INS;quen;V,IND,PRS,3,PL;3.85029e-05
ir;>;INS;íen;V,3,PL,SBJV,PST,IPFV;3.84854e-05
ard;er>;INS;í;V,IND,PST,1,PL,IPFV;3.84679e-05
rayer;>;INS;ás;V,2,SG,IND,FUT,LGSPEC1;3.84504e-05
pod;er>;INS;i;V,3,PL,SBJV,PST,IPFV,LGSPEC2;3.8433e-05
n;>;DEL;ar;V,IND,PRS,2,PL;3.84155e-05
coyer;>;INS;íamos;V,1,PL,COND,LGSPEC1;3.83981e-05
ir;>;INS;emos;V,1,PL,IND,PST,PRF;3.83806e-05
ni;>;DEL;ar;V,1,SG,SBJV,PRS;3.83632e-05
escom;enzar>;INS;enc;V,IND,PRS,3,PL;3.83458e-05
co;yer>;INS;ue;V,IND,PRS,3,PL;3.83284e-05
bauti;>;DEL;zar;V,IND,PST,1,PL,PFV;3.8311e-05
oter;r>;DEL;ra;V,IND,PST,2,SG,PFV,LGSPEC2;3.82936e-05
ic;>;DEL;ar;V,3,PL,SBJV,PRS,LGSPEC1;3.82762e-05
m;estar>;INS;i;V,IND,PRS,2,SG;3.82588e-05
tropi;>;DEL;ar;V,2,PL,IMP;3.82414e-05
rin;>;DEL;car;V,1,PL,SBJV,PRS;3.8224e-05
r;>;INS;cen;V,3,PL,SBJV,PRS,LGSPEC1;3.82067e-05
splo;r>;DEL;ra;V.PTCP,PST,MASC,SG;3.81893e-05
lu;>;DEL;car;V,3,PL,SBJV,PRS,LGSPEC2;3.8172e-05
an;>;DEL;ar;V,3,PL,SBJV,PRS,LGSPEC1;3.81546e-05
omitir;>;INS;ís;V,IND,PRS,2,PL;3.81373e-05
y;>;DEL;ar;V,IND,PST,2,SG,PFV,LGSPEC2;3.812e-05
tigar;>;INS;ué;V,IND,PST,1,SG,PFV;3.81027e-05
vender;>;INS;mos;V,IND,PST,1,PL,IPFV;3.80854e-05
stir;>;INS;s;V,IND,PST,2,PL,IPFV,LGSPEC2;3.80681e-05
save;r>;DEL;ra;V,1,SG,SBJV,PRS;3.80508e-05
ond;>;DEL;er;V,2,SG,IMP;3.80335e-05
ti;r>;DEL;ra;V,IND,PRS,3,PL;3.80162e-05
er;>;INS;s;V,IND,PST,2,SG,IPFV,LGSPEC1;3.7999e-05
ari;>;DEL;zar;V,3,SG,SBJV,PRS;3.79817e-05
er;>;INS;xemos;V,IND,PST,1,PL,PFV,LGSPEC2;3.79645e-05
h;ar>;INS;ab;V,IND,PST,3,SG,IPFV;3.79472e-05
rer;>;INS;ndo;V.CVB,PRS,LGSPEC2;3.793e-05
<ta;>;DEL;r;V.PTCP,PST;3.79128e-05
arizar;>;INS;cestis;V,IND,PST,2,PL,PFV,LGSPEC2;3.78955e-05
d;ar>;INS;ab;V,IND,PST,3,SG,IPFV;3.78783e-05
g;>;DEL;ar;V,2,SG,SBJV,PRS,LGSPEC1;3.78611e-05
est;>;DEL;ar;V,2,SG,SBJV,PRS,LGSPEC1;3.78439e-05
ra;r>;DEL;e;V,1,PL,IND,PST,PRF,LGSPEC2;3.78267e-05
xir;>;INS;es;V,2,SG,IND,PST,PRF,LGSPEC1;3.78096e-05
gar;>;INS;ues;V,IND,PRS,2,SG;3.77924e-05
tir;>;INS;e;V,IND,PRS,3,SG;3.77752e-05
c;ar>;INS;áb;V,IND,PST,1,PL,IPFV,LGSPEC2;3.77581e-05
nz;r>;DEL;a;V,1,PL,IND,PST,PRF,LGSPEC2;3.77409e-05
ec;>;DEL;er;V,IND,PST,3,SG,PFV;3.77238e-05
scom;enzar>;INS;enc;V,IND,PRS,3,PL;3.77067e-05
odu;>;DEL;cir;V,2,PL,IND,FUT;3.76895e-05
coy;>;DEL;er;V.PTCP,PST,MASC,SG;3.76724e-05
faer;>;INS;e;V,3,SG,IND,PST,PRF,LGSPEC4;3.76553e-05
ayer;>;INS;ás;V,2,SG,IND,FUT,LGSPEC1;3.76382e-05
nizar;>;INS;can;V,3,PL,SBJV,PRS,LGSPEC2;3.76211e-05
rd;er>;INS;í;V,IND,PST,1,PL,IPFV;3.7604e-05
r;>;INS;es;V,2,SG,IND,PST,PRF,LGSPEC2;3.75869e-05
n;>;DEL;er;V,1,PL,IND,FUT;3.75699e-05
gar;>;INS;uen;V,IND,PRS,3,PL;3.75528e-05
on;ar>;INS;áb;V,IND,PST,1,PL,IPFV,LGSPEC2;3.75358e-05
od;er>;INS;i;V,3,PL,SBJV,PST,IPFV,LGSPEC2;3.75187e-05
o;yer>;INS;ue;V,IND,PRS,3,PL;3.75017e-05
ser;>;INS;ais;V,IND,PST,2,PL,IPFV,LGSPEC2;3.74846e-05
oyer;>;INS;íamos;V,1,PL,COND,LGSPEC1;3.74676e-05
auti;>;DEL;zar;V,IND,PST,1,PL,PFV;3.74506e-05
ter;r>;DEL;ra;V,IND,PST,2,SG,PFV,LGSPEC2;3.74336e-05
eg;ar>;INS;ad;V.PTCP,PST,FEM,SG;3.74166e-05
ropi;>;DEL;ar;V,2,PL,IMP;3.73996e-05
ximir;>;INS;íamos;V,IND,PST,1,PL,IPFV,LGSPEC2;3.73826e-05
meyo;r>;DEL;ra;V,1,PL,SBJV,PRS;3.73656e-05
oc;er>;INS;í;V,IND,PST,2,SG,IPFV;3.73487e-05
dex;>;DEL;ar;V,IND,PST,1,SG,PFV;3.73317e-05
ave;r>;DEL;ra;V,1,SG,SBJV,PRS;3.73147e-05
exist;>;DEL;ir;V,IND,PRS,1,SG;3.72978e-05
in;>;DEL;car;V,1,PL,SBJV,PRS;3.72809e-05
esisti;r>;INS;é;V,1,PL,IND,PST,PRF,LGSPEC1;3.72639e-05
ender;>;INS;mos;V,IND,PST,1,PL,IPFV;3.7247e-05
r;>;INS;emos;V,1,PL,IND,PST,PRF;3.72301e-05
plo;r>;DEL;ra;V.PTCP,PST,MASC,SG;3.72132e-05
ino;r>;DEL;ra;V,IND,PST,1,SG,PFV;3.71963e-05
cax;>;DEL;ar;V,IND,PRS,2,PL;3.71794e-05
igar;>;INS;ué;V,IND,PST,1,SG,PFV;3.71625e-05
u;>;DEL;car;V,3,PL,SBJV,PRS,LGSPEC2;3.71456e-05
y;>;DEL;er;V,IND,PST,1,SG,PFV;3.71287e-05
c;>;DEL;ar;V,3,PL,SBJV,PRS,LGSPEC1;3.71119e-05
n;>;DEL;ar;V,3,PL,SBJV,PRS,LGSPEC1;3.7095e-05
com;enzar>;INS;enc;V,IND,PRS,3,PL;3.70782e-05
l;>;DEL;ar;V,2,PL,IMP;3.70613e-05
r;>;INS;á;V,3,SG,SBJV,PRS;3.70445e-05
ta;>;DEL;r;V.PTCP,PST;3.70277e-05
i;r>;DEL;ra;V,IND,PRS,3,PL;3.70109e-05
b;>;DEL;er;V.PTCP,PST,MASC,PL;3.69941e-05
