Left;Right;Operation;Object;MorphFeatures;Weight
<hel-dir;n>;DEL;andi;1,IND,NEG,PRS,SG,V,IPFV;0.120817
el-dir;n>;DEL;andi;1,IND,NEG,PRS,SG,V,IPFV;0.117879
<;tê-xistin>;INS;bi;2,3,COND,POS,PRF,PST,SG,V;0.0742879
tez;>;INS;ine;INDF,LGSPEC1,N,PL;0.0731635
hel-dir;n>;DEL;andi;1,IND,NEG,PRS,SG,V,IPFV;0.064237
l-dir;n>;DEL;andi;1,IND,NEG,PRS,SG,V,IPFV;0.0472764
ez;>;INS;ine;INDF,LGSPEC1,N,PL;0.0294434
<;çilmisandin>;INS;ne;1,NEG,PRS,SBJV,SG,V;0.0259189
qewimîn;>;INS;a;3,COND,POS,PST,SG,V;0.0256013
his;n>;INS;nina;INDF,N,PL,ACC;0.0238881
<his;n>;INS;nina;INDF,N,PL,ACC;0.0221656
<sandin;>;INS;bûm;1,IND,NEG,PRF,PST,SG,V;0.0212935
dir;n>;DEL;andi;1,IND,NEG,PRS,SG,V,IPFV;0.0196462
wimîn;>;INS;a;3,COND,POS,PST,SG,V;0.0180583
<;pê-xistin>;INS;na;1,IND,NEG,PRS,SG,V,IPFV;0.0166667
ir;n>;DEL;andi;1,IND,NEG,PRS,SG,V,IPFV;0.0165639
er-gerandi;>;DEL;n;2,IND,NEG,PST,SG,V,PROG;0.0155971
z;>;INS;ine;INDF,LGSPEC1,N,PL;0.0143981
r-gerandi;>;DEL;n;2,IND,NEG,PST,SG,V,PROG;0.0133693
andin;>;INS;bûm;1,IND,NEG,PRF,PST,SG,V;0.01289
<piþafti;n>;INS;û;1,COND,NEG,PL,PRF,PST,V;0.0112047
-gerandi;>;DEL;n;2,IND,NEG,PST,SG,V,PROG;0.0101252
adirca;>;INS;ê;DEF,LGSPEC1,N,SG,VOC,ACC,LGSPEC2;0.0096554
gerandi;>;DEL;n;2,IND,NEG,PST,SG,V,PROG;0.00874593
is;n>;INS;nina;INDF,N,PL,ACC;0.00862372
piþafti;n>;INS;û;1,COND,NEG,PL,PRF,PST,V;0.00805544
<;sijîn>;INS;na;1,IND,NEG,PRS,SG,V,IPFV;0.0070852
imîn;>;INS;a;3,COND,POS,PST,SG,V;0.00691577
iþafti;n>;INS;û;1,COND,NEG,PL,PRF,PST,V;0.00664235
vê-x;n>;DEL;isti;1,2,3,IND,PL,POS,PRS,V,IPFV;0.00627744
<revî;n>;INS;bû;1,2,3,COND,NEG,PL,PRF,PST,V;0.00613722
<pejirandin;>;INS;bayî;2,COND,POS,PRF,PST,SG,V;0.00608647
ê-x;n>;DEL;isti;1,2,3,IND,PL,POS,PRS,V,IPFV;0.00584343
ndin;>;INS;bûm;1,IND,NEG,PRF,PST,SG,V;0.00510223
r;n>;DEL;andi;1,IND,NEG,PRS,SG,V,IPFV;0.00507278
<tirpankêþ;>;INS;o;DEF,N,SG,VOC;0.00487773
pejirandin;>;INS;bayî;2,COND,POS,PRF,PST,SG,V;0.0044777
dirca;>;INS;ê;DEF,LGSPEC1,N,SG,VOC,ACC,LGSPEC2;0.00421928
<simsimîn;>;INS;iba;3,COND,NEG,PRF,PST,SG,V;0.0041678
tirpankêþ;>;INS;o;DEF,N,SG,VOC;0.00411986
simsimîn;>;INS;iba;3,COND,NEG,PRF,PST,SG,V;0.00407956
s;n>;INS;nina;INDF,N,PL,ACC;0.00404507
<;ve-xistin>;INS;bi;1,2,3,COND,PL,POS,PST,V;0.00324439
irpankêþ;>;INS;o;DEF,N,SG,VOC;0.00288594
mîn;>;INS;a;3,COND,POS,PST,SG,V;0.00286135
revî;n>;INS;bû;1,2,3,COND,NEG,PL,PRF,PST,V;0.00284576
randi;>;DEL;n;2,IND,NEG,PST,SG,V,PROG;0.00283744
irca;>;INS;ê;DEF,LGSPEC1,N,SG,VOC,ACC,LGSPEC2;0.00268858
jirandin;>;INS;bayî;2,COND,POS,PRF,PST,SG,V;0.00257375
evî;n>;INS;bû;1,2,3,COND,NEG,PL,PRF,PST,V;0.00243286
<kêþan;>;INS;m;1,IND,NEG,PRS,SG,V,IPFV;0.00231018
kêþan;>;INS;m;1,IND,NEG,PRS,SG,V,IPFV;0.0022652
afti;n>;INS;û;1,COND,NEG,PL,PRF,PST,V;0.00225714
<hejiya;>;DEL;n;2,COND,NEG,PRF,PST,SG,V;0.00216523
hejiya;>;DEL;n;2,COND,NEG,PRF,PST,SG,V;0.0020565
în;>;INS;a;3,COND,POS,PST,SG,V;0.00192328
x;n>;DEL;isti;1,2,3,IND,PL,POS,PRS,V,IPFV;0.00189377
imsimîn;>;INS;iba;3,COND,NEG,PRF,PST,SG,V;0.00188283
-x;n>;DEL;isti;1,2,3,IND,PL,POS,PRS,V,IPFV;0.00187933
fti;n>;INS;û;1,COND,NEG,PL,PRF,PST,V;0.00179929
rpankêþ;>;INS;o;DEF,N,SG,VOC;0.00173674
msimîn;>;INS;iba;3,COND,NEG,PRF,PST,SG,V;0.00160679
in;>;INS;bûm;1,IND,NEG,PRF,PST,SG,V;0.00159354
irandin;>;INS;bayî;2,COND,POS,PRF,PST,SG,V;0.00148074
<tufing;>;INS;ine;INDF,LGSPEC1,N,PL;0.00148033
pankêþ;>;INS;o;DEF,N,SG,VOC;0.00147626
mêj;>;DEL;în;3,IND,POS,PRS,SG,V,IPFV;0.0014375
n;>;INS;no;DEF,N,PL,VOC;0.00126324
ejiya;>;DEL;n;2,COND,NEG,PRF,PST,SG,V;0.00120373
randin;>;INS;bayî;2,COND,POS,PRF,PST,SG,V;0.00115541
tufing;>;INS;ine;INDF,LGSPEC1,N,PL;0.00109283
êj;>;DEL;în;3,IND,POS,PRS,SG,V,IPFV;0.000968405
vî;n>;INS;bû;1,2,3,COND,NEG,PL,PRF,PST,V;0.000840194
ufing;>;INS;ine;INDF,LGSPEC1,N,PL;0.000797726
ti;n>;INS;û;1,COND,NEG,PL,PRF,PST,V;0.000756616
di;>;DEL;n;2,IND,NEG,PST,SG,V,PROG;0.000713793
<;qetan>;INS;na;1,IND,NEG,PRS,SG,V,IPFV;0.000707289
n;>;INS;a;3,COND,POS,PST,SG,V;0.000668991
simîn;>;INS;iba;3,COND,NEG,PRF,PST,SG,V;0.000619214
ankêþ;>;INS;o;DEF,N,SG,VOC;0.000578602
n;>;INS;bûm;1,IND,NEG,PRF,PST,SG,V;0.000546089
ndin;>;INS;bayî;2,COND,POS,PRF,PST,SG,V;0.000508457
iya;>;DEL;n;2,COND,NEG,PRF,PST,SG,V;0.000445547
<dûx;>;INS;ên;DEF,LGSPEC1,N,PL,VOC;0.000445278
mîn;>;INS;iba;3,COND,NEG,PRF,PST,SG,V;0.000402625
nkêþ;>;INS;o;DEF,N,SG,VOC;0.000398029
j;>;DEL;în;3,IND,POS,PRS,SG,V,IPFV;0.000377121
dûx;>;INS;ên;DEF,LGSPEC1,N,PL,VOC;0.000323684
a;>;INS;ê;DEF,LGSPEC1,N,SG,VOC,ACC,LGSPEC2;0.000319286
fing;>;INS;ine;INDF,LGSPEC1,N,PL;0.000315601
ing;>;INS;ine;INDF,LGSPEC1,N,PL;0.000280606
i;n>;INS;û;1,COND,NEG,PL,PRF,PST,V;0.00027332
ya;>;DEL;n;2,COND,NEG,PRF,PST,SG,V;0.000212631
n;>;INS;m;1,IND,NEG,PRS,SG,V,IPFV;0.000191389
an;>;INS;m;1,IND,NEG,PRS,SG,V,IPFV;0.000189959
kêþ;>;INS;o;DEF,N,SG,VOC;0.000173497
ûx;>;INS;ên;DEF,LGSPEC1,N,PL,VOC;0.000169713
a;>;DEL;n;2,COND,NEG,PRF,PST,SG,V;0.000162774
î;>;INS;eke;INDF,LGSPEC1,N,SG,ACC;0.000139955
î;>;INS;ên;DEF,LGSPEC1,N,PL,VOC;0.00013729
êþ;>;INS;o;DEF,N,SG,VOC;0.000137273
in;>;INS;bayî;2,COND,POS,PRF,PST,SG,V;0.000126654
x;>;INS;ên;DEF,LGSPEC1,N,PL,VOC;0.000122071
g;>;INS;ine;INDF,LGSPEC1,N,PL;0.000111154
î;>;DEL;n;3,IND,POS,PRF,PST,SG,V;0.000105733
irsan;>;INS;bam;1,COND,POS,PRF,PST,SG,V;8.35357e-05
<þûlikî;>;DEL;n;3,IND,POS,PRF,PST,SG,V;7.31334e-05
i;n>;INS;nê;DEF,LGSPEC1,N,PL,VOC;7.26858e-05
o;n>;INS;nina;INDF,N,PL,ACC;6.85173e-05
s;>;INS;in;INDF,N,NOM,PL;6.71374e-05
k;>;INS;in;INDF,N,NOM,PL;6.63726e-05
î;>;INS;ek;INDF,N,NOM,SG;6.50632e-05
î;>;INS;a;DEF,LGSPEC1,N,SG;6.44258e-05
k;>;INS;a;DEF,LGSPEC1,N,SG;6.35854e-05
î;>;INS;an;DEF,N,PL,ACC,LGSPEC2;6.28837e-05
î;>;INS;inan;INDF,N,PL,ACC;6.26864e-05
þûlikî;>;DEL;n;3,IND,POS,PRF,PST,SG,V;6.1068e-05
<pirsan;>;INS;bam;1,COND,POS,PRF,PST,SG,V;5.87052e-05
do;>;INS;eke;INDF,LGSPEC1,N,SG,ACC;5.59507e-05
pirsan;>;INS;bam;1,COND,POS,PRF,PST,SG,V;5.58829e-05
kendo;>;INS;eke;INDF,LGSPEC1,N,SG,ACC;5.56331e-05
endo;>;INS;eke;INDF,LGSPEC1,N,SG,ACC;5.42296e-05
ndo;>;INS;eke;INDF,LGSPEC1,N,SG,ACC;5.29774e-05
rsan;>;INS;bam;1,COND,POS,PRF,PST,SG,V;5.24694e-05
kî;>;DEL;n;3,IND,POS,PRF,PST,SG,V;5.23822e-05
an;>;INS;bam;1,COND,POS,PRF,PST,SG,V;5.11592e-05
san;>;INS;bam;1,COND,POS,PRF,PST,SG,V;5.09284e-05
ikî;>;DEL;n;3,IND,POS,PRF,PST,SG,V;5.00743e-05
o;>;INS;eke;INDF,LGSPEC1,N,SG,ACC;4.79605e-05
<;berdan>;INS;bi;2,COND,POS,PRF,PST,SG,V;4.77287e-05
<;ve-xwarin>;INS;bi;2,POS,PRS,SBJV,SG,V;3.84354e-05
r;>;INS;ê;DEF,LGSPEC1,N,SG,VOC,ACC,LGSPEC2;3.29067e-05
z;>;INS;o;DEF,N,SG,VOC;3.28142e-05
g;>;INS;no;DEF,N,PL,VOC;3.2808e-05
a;n>;INS;nê;DEF,LGSPEC1,N,PL,VOC;3.25922e-05
a;>;INS;an;DEF,N,PL,ACC,LGSPEC2;3.25103e-05
z;>;INS;no;DEF,N,PL,VOC;3.18494e-05
m;>;INS;inan;INDF,N,PL,ACC;3.16748e-05
t;>;INS;in;INDF,N,NOM,PL;3.14497e-05
m;>;INS;no;DEF,N,PL,VOC;3.14489e-05
e;>;INS;in;INDF,N,NOM,PL;3.12114e-05
î;>;INS;ê;DEF,LGSPEC1,N,SG,VOC,ACC,LGSPEC2;3.11327e-05
î;>;INS;ine;INDF,LGSPEC1,N,PL;3.09508e-05
n;>;INS;a;LGSPEC1,V,V.MSDR;3.0937e-05
n;>;INS;ine;INDF,LGSPEC1,N,PL;3.07271e-05
s;>;INS;î;DEF,N,SG,LGSPEC2;3.06394e-05
k;>;INS;o;DEF,N,SG,VOC;3.06067e-05
k;>;INS;ine;INDF,LGSPEC1,N,PL;3.03882e-05
n;>;INS;ê;V,V.MSDR,ACC;3.03795e-05
s;>;INS;inan;INDF,N,PL,ACC;3.02457e-05
n;>;INS;a;1,2,3,COND,PL,POS,PRF,PST,V;3.01235e-05
e;>;INS;ê;DEF,N,SG,VOC,ACC,LGSPEC2;2.98062e-05
î;>;INS;ê;DEF,N,SG,VOC,ACC,LGSPEC2;2.97817e-05
e;>;INS;ek;INDF,N,NOM,SG;2.97418e-05
t;>;INS;ê;DEF,LGSPEC1,N,SG,VOC,ACC,LGSPEC2;2.9733e-05
e;>;INS;a;DEF,LGSPEC1,N,SG;2.92563e-05
k;>;INS;no;DEF,N,PL,VOC;2.92455e-05
t;>;INS;ine;INDF,LGSPEC1,N,PL;2.89816e-05
ê;>;INS;no;DEF,N,PL,VOC;2.88452e-05
ê;>;INS;ên;DEF,LGSPEC1,N,PL,VOC;2.60366e-05
ndin;>;INS;ayî;2,COND,POS,PST,SG,V;1.93972e-05
hil-keti;>;DEL;n;1,IND,NEG,PRF,PST,SG,V;1.7458e-05
-keti;>;DEL;n;1,IND,NEG,PRF,PST,SG,V;1.60043e-05
<;hel-dirandin>;INS;nedi;2,IND,NEG,PST,SG,V,PROG;1.56383e-05
eç;>;INS;î;DEF,N,SG,LGSPEC2;1.55127e-05
òffa;>;INS;ekî;INDF,LGSPEC1,N,SG,ACC;1.54981e-05
îf;>;INS;a;DEF,LGSPEC1,N,SG;1.54635e-05
nstîtu;>;INS;ine;INDF,LGSPEC1,N,PL;1.54542e-05
f;>;INS;a;DEF,LGSPEC1,N,SG;1.52496e-05
<;ra-hiþtin>;INS;nedi;2,IND,NEG,PST,SG,V,PROG;1.29211e-05
<;da-avêtin>;INS;bi;1,COND,POS,PRF,PST,SG,V;1.289e-05
warkoz;>;INS;ine;INDF,LGSPEC1,N,PL;1.28806e-05
arkoz;>;INS;ine;INDF,LGSPEC1,N,PL;1.28672e-05
il-keti;>;DEL;n;1,IND,NEG,PRF,PST,SG,V;1.28336e-05
sandin;>;INS;ayî;2,COND,POS,PST,SG,V;1.27713e-05
koz;>;INS;ine;INDF,LGSPEC1,N,PL;1.25928e-05
tarîf;>;INS;a;DEF,LGSPEC1,N,SG;1.25326e-05
ereç;>;INS;î;DEF,N,SG,LGSPEC2;1.2525e-05
oz;>;INS;ine;INDF,LGSPEC1,N,PL;1.2492e-05
erçimika guh;>;INS;ek;INDF,N,NOM,SG;1.24302e-05
reç;>;INS;î;DEF,N,SG,LGSPEC2;1.24057e-05
pûngê;>;INS;eke;INDF,LGSPEC1,N,SG,ACC;1.23701e-05
ç;>;INS;î;DEF,N,SG,LGSPEC2;1.21005e-05
çimika guh;>;INS;ek;INDF,N,NOM,SG;9.92341e-06
<warkoz;>;INS;ine;INDF,LGSPEC1,N,PL;9.62676e-06
<hil-keti;>;DEL;n;1,IND,NEG,PRF,PST,SG,V;9.55697e-06
enêrê pûngê;>;INS;eke;INDF,LGSPEC1,N,SG,ACC;9.43101e-06
l-keti;>;DEL;n;1,IND,NEG,PRF,PST,SG,V;9.4194e-06
andin;>;INS;ayî;2,COND,POS,PST,SG,V;9.37865e-06
rkoz;>;INS;ine;INDF,LGSPEC1,N,PL;9.36707e-06
il-weþandi;n>;INS;î;2,IND,POS,PRS,SG,V,IPFV;9.32698e-06
qereç;>;INS;î;DEF,N,SG,LGSPEC2;9.26677e-06
din;>;INS;ayî;2,COND,POS,PST,SG,V;9.24535e-06
in;>;INS;ayî;2,COND,POS,PST,SG,V;9.1283e-06
n;>;INS;ayî;2,COND,POS,PST,SG,V;9.1044e-06
arîf;>;INS;a;DEF,LGSPEC1,N,SG;9.09375e-06
rîf;>;INS;a;DEF,LGSPEC1,N,SG;9.05215e-06
lòffa;>;INS;ekî;INDF,LGSPEC1,N,SG,ACC;9.04528e-06
<simsim;>;DEL;în;1,IND,NEG,PRS,SG,V,IPFV;8.99457e-06
di;n>;INS;î;2,IND,POS,PRS,SG,V,IPFV;8.85692e-06
giz;în>;INS;îy;2,IND,PFV,POS,PST,SG,V;8.85429e-06
rand;>;DEL;in;2,IND,NEG,PST,SG,V,PROG;8.85295e-06
fa;>;INS;ekî;INDF,LGSPEC1,N,SG,ACC;8.85212e-06
<qediyan;>;INS;îyî;2,IND,POS,PRS,SG,V,IPFV;8.85131e-06
ya;>;DEL;n;3,IND,POS,PST,SG,V,PROG;8.66205e-06
<;der-xistin>;INS;nedi;2,IND,NEG,PST,SG,V,PROG;8.43371e-06
<;gir-girtin>;INS;bi;3,COND,POS,PST,SG,V;8.41922e-06
ika guh;>;INS;ek;INDF,N,NOM,SG;7.99446e-06
<;xistin>;INS;bi;3,COND,POS,PRF,PST,SG,V;7.71328e-06
<;berdan>;INS;di;3,IND,POS,PST,SG,V,PROG;7.71312e-06
ediyan;>;INS;îyî;2,IND,POS,PRS,SG,V,IPFV;7.67094e-06
<borîn;>;INS;a;1,COND,NEG,PL,PRF,PST,V;7.15621e-06
<rizan;>;INS;yî;2,IND,POS,PST,SG,V,PROG;7.14546e-06
diyan;>;INS;îyî;2,IND,POS,PRS,SG,V,IPFV;6.91985e-06
rizan;>;INS;yî;2,IND,POS,PST,SG,V,PROG;6.54696e-06
hesibandin;>;INS;ama;1,COND,POS,PST,SG,V;6.45708e-06
borîn;>;INS;a;1,COND,NEG,PL,PRF,PST,V;6.41264e-06
penêrê pûngê;>;INS;eke;INDF,LGSPEC1,N,SG,ACC;6.19427e-06
<hil-weþandi;n>;INS;î;2,IND,POS,PRS,SG,V,IPFV;6.11002e-06
nêrê pûngê;>;INS;eke;INDF,LGSPEC1,N,SG,ACC;6.10158e-06
l-weþandi;n>;INS;î;2,IND,POS,PRS,SG,V,IPFV;6.0479e-06
rê pûngê;>;INS;eke;INDF,LGSPEC1,N,SG,ACC;6.04368e-06
-weþandi;n>;INS;î;2,IND,POS,PRS,SG,V,IPFV;6.02455e-06
 pûngê;>;INS;eke;INDF,LGSPEC1,N,SG,ACC;5.98608e-06
<lòffa;>;INS;ekî;INDF,LGSPEC1,N,SG,ACC;5.96699e-06
weþandi;n>;INS;î;2,IND,POS,PRS,SG,V,IPFV;5.96416e-06
þandi;n>;INS;î;2,IND,POS,PRS,SG,V,IPFV;5.92794e-06
<pengiz;în>;INS;îy;2,IND,PFV,POS,PST,SG,V;5.91644e-06
ffa;>;INS;ekî;INDF,LGSPEC1,N,SG,ACC;5.8824e-06
gê;>;INS;eke;INDF,LGSPEC1,N,SG,ACC;5.87407e-06
ngiz;în>;INS;îy;2,IND,PFV,POS,PST,SG,V;5.83226e-06
i;n>;INS;î;2,IND,POS,PRS,SG,V,IPFV;5.82798e-06
esibandin;>;INS;ama;1,COND,POS,PST,SG,V;5.82164e-06
tîtu;>;INS;ine;INDF,LGSPEC1,N,PL;5.809e-06
simsim;>;DEL;în;1,IND,NEG,PRS,SG,V,IPFV;5.80517e-06
nd;>;DEL;in;2,IND,NEG,PST,SG,V,PROG;5.77312e-06
iya;>;DEL;n;3,IND,POS,PST,SG,V,PROG;5.76556e-06
imsim;>;DEL;în;1,IND,NEG,PRS,SG,V,IPFV;5.76445e-06
iz;în>;INS;îy;2,IND,PFV,POS,PST,SG,V;5.76429e-06
tu;>;INS;ine;INDF,LGSPEC1,N,PL;5.7571e-06
d;>;DEL;in;2,IND,NEG,PST,SG,V,PROG;5.7502e-06
orîn;>;INS;a;1,COND,NEG,PL,PRF,PST,V;5.73887e-06
<;simsimîn>;INS;na;1,IND,NEG,PRS,SG,V,IPFV;5.6398e-06
têz;>;INS;o;DEF,N,SG,VOC;5.55447e-06
sibandin;>;INS;ama;1,COND,POS,PST,SG,V;5.36224e-06
girav;>;INS;a;DEF,LGSPEC1,N,SG;5.25582e-06
rîn;>;INS;a;1,COND,NEG,PL,PRF,PST,V;5.18466e-06
zan;>;INS;yî;2,IND,POS,PST,SG,V,PROG;5.08959e-06
ibandin;>;INS;ama;1,COND,POS,PST,SG,V;4.93344e-06
irav;>;INS;a;DEF,LGSPEC1,N,SG;4.81466e-06
<qefilandi;n>;INS;î;3,IMP,NEG,PRS,SBJV,SG,V;4.78934e-06
an;>;INS;îyî;2,IND,POS,PRS,SG,V,IPFV;4.7807e-06
qefilandi;n>;INS;î;3,IMP,NEG,PRS,SBJV,SG,V;4.6379e-06
uh;>;INS;ek;INDF,N,NOM,SG;4.6084e-06
an;>;INS;yî;2,IND,POS,PST,SG,V,PROG;4.53362e-06
în;>;INS;a;1,COND,NEG,PL,PRF,PST,V;4.52907e-06
<sîtav;>;INS;in;INDF,N,NOM,PL;4.50444e-06
êz;>;INS;o;DEF,N,SG,VOC;4.45417e-06
<;nalîn>;INS;bi;3,COND,POS,PST,SG,V;4.37813e-06
rav;>;INS;a;DEF,LGSPEC1,N,SG;4.28553e-06
sîtav;>;INS;in;INDF,N,NOM,PL;4.20404e-06
andin;>;INS;ama;1,COND,POS,PST,SG,V;4.08956e-06
n;>;INS;yî;2,IND,POS,PST,SG,V,PROG;4.03409e-06
n;>;INS;a;1,COND,NEG,PL,PRF,PST,V;3.97901e-06
h;>;INS;ek;INDF,N,NOM,SG;3.91082e-06
filandi;n>;INS;î;3,IMP,NEG,PRS,SBJV,SG,V;3.85336e-06
av;>;INS;a;DEF,LGSPEC1,N,SG;3.75848e-06
<;ve-maltin>;INS;na;1,2,3,IND,NEG,PL,PRS,V,IPFV;3.59491e-06
tirsandi;n>;INS;î;2,POS,PRS,SBJV,SG,V;3.50885e-06
rsandi;n>;INS;î;2,POS,PRS,SBJV,SG,V;3.41552e-06
landi;n>;INS;î;3,IMP,NEG,PRS,SBJV,SG,V;3.38829e-06
v;>;INS;a;DEF,LGSPEC1,N,SG;3.30102e-06
din;>;INS;ama;1,COND,POS,PST,SG,V;3.28789e-06
iya nîþandanê;>;INS;ên;DEF,LGSPEC1,N,PL,VOC;2.97269e-06
av;>;INS;in;INDF,N,NOM,PL;2.96565e-06
andi;n>;INS;î;3,IMP,NEG,PRS,SBJV,SG,V;2.96403e-06
<da-liqiya;>;DEL;n;3,IND,POS,PST,SG,V,PROG;2.93819e-06
<afirand;>;DEL;in;2,IND,NEG,PST,SG,V,PROG;2.93249e-06
da-liqiya;>;DEL;n;3,IND,POS,PST,SG,V,PROG;2.92854e-06
afirand;>;DEL;in;2,IND,NEG,PST,SG,V,PROG;2.92507e-06
a-liqiya;>;DEL;n;3,IND,POS,PST,SG,V,PROG;2.91515e-06
irand;>;DEL;in;2,IND,NEG,PST,SG,V,PROG;2.91447e-06
-liqiya;>;DEL;n;3,IND,POS,PST,SG,V,PROG;2.91048e-06
îtu;>;INS;ine;INDF,LGSPEC1,N,PL;2.90479e-06
iqiya;>;DEL;n;3,IND,POS,PST,SG,V,PROG;2.89918e-06
z;în>;INS;îy;2,IND,PFV,POS,PST,SG,V;2.87863e-06
sim;>;DEL;în;1,IND,NEG,PRS,SG,V,IPFV;2.87693e-06
im;>;DEL;în;1,IND,NEG,PRS,SG,V,IPFV;2.86431e-06
m;>;DEL;în;1,IND,NEG,PRS,SG,V,IPFV;2.86424e-06
ndi;n>;INS;î;3,IMP,NEG,PRS,SBJV,SG,V;2.77746e-06
sandi;n>;INS;î;2,POS,PRS,SBJV,SG,V;2.76002e-06
v;>;INS;in;INDF,N,NOM,PL;2.756e-06
n;>;INS;ama;1,COND,POS,PST,SG,V;2.62076e-06
lîþteka qûnê;>;INS;î;DEF,N,SG,LGSPEC2;2.51738e-06
andi;n>;INS;î;2,POS,PRS,SBJV,SG,V;2.51628e-06
di;n>;INS;î;3,IMP,NEG,PRS,SBJV,SG,V;2.38561e-06
mîz;>;INS;inan;INDF,N,PL,ACC;2.29667e-06
ndi;n>;INS;î;2,POS,PRS,SBJV,SG,V;2.27511e-06
<mîz;>;INS;inan;INDF,N,PL,ACC;2.27396e-06
îþteka qûnê;>;INS;î;DEF,N,SG,LGSPEC2;2.19787e-06
r;>;INS;in;INDF,N,NOM,PL;2.10679e-06
a-gerandi;>;DEL;n;2,3,IND,POS,PRF,PRS,SG,V;2.09422e-06
da-gerandi;>;DEL;n;2,3,IND,POS,PRF,PRS,SG,V;2.07132e-06
ndi;>;DEL;n;2,3,IND,POS,PRF,PRS,SG,V;2.04671e-06
<diriy;an>;INS;aam;1,COND,NEG,PST,SG,V;1.95327e-06
i;n>;INS;î;2,POS,PRS,SBJV,SG,V;1.88075e-06
diriy;an>;INS;aam;1,COND,NEG,PST,SG,V;1.81255e-06
îz;>;INS;inan;INDF,N,PL,ACC;1.80227e-06
iriy;an>;INS;aam;1,COND,NEG,PST,SG,V;1.79001e-06
z;>;INS;inan;INDF,N,PL,ACC;1.76299e-06
gerandi;>;DEL;n;2,3,IND,POS,PRF,PRS,SG,V;1.67865e-06
ka qûnê;>;INS;î;DEF,N,SG,LGSPEC2;1.67802e-06
erandi;>;DEL;n;2,3,IND,POS,PRF,PRS,SG,V;1.66869e-06
<;fêr bûn>;INS;bi;1,2,3,IMP,PL,POS,PRS,SBJV,V;1.66571e-06
a qûnê;>;INS;î;DEF,N,SG,LGSPEC2;1.54665e-06
riy;an>;INS;aam;1,COND,NEG,PST,SG,V;1.52778e-06
e;>;INS;o;DEF,N,SG,VOC;1.47272e-06
î;>;INS;in;INDF,N,NOM,PL;1.46908e-06
r;>;INS;ek;INDF,N,NOM,SG;1.46843e-06
î;>;INS;o;DEF,N,SG,VOC;1.46077e-06
n;>;INS;eke;INDF,LGSPEC1,N,SG,ACC;1.4583e-06
r;>;INS;ine;INDF,LGSPEC1,N,PL;1.44136e-06
randi;>;DEL;n;2,3,IND,POS,PRF,PRS,SG,V;1.43785e-06
qûnê;>;INS;î;DEF,N,SG,LGSPEC2;1.40704e-06
iy;an>;INS;aam;1,COND,NEG,PST,SG,V;1.30592e-06
andi;>;DEL;n;2,3,IND,POS,PRF,PRS,SG,V;1.30589e-06
ûnê;>;INS;î;DEF,N,SG,LGSPEC2;1.1742e-06
nê;>;INS;î;DEF,N,SG,LGSPEC2;1.11992e-06
ra-west;n>;DEL;andi;1,POS,PRS,SBJV,SG,V;9.59566e-07
i;>;DEL;n;2,3,IND,POS,PRF,PRS,SG,V;9.08308e-07
î;n>;INS;nê;DEF,LGSPEC1,N,PL,VOC;9.05663e-07
î;n>;INS;i;1,2,3,IND,PFV,PL,POS,PST,V;8.9859e-07
îþ;>;INS;no;DEF,N,PL,VOC;8.95108e-07
a;n>;INS;bû;1,2,3,IND,PL,POS,PRF,PST,V;8.91494e-07
k;>;INS;î;DEF,N,SG,LGSPEC2;8.7704e-07
r;>;INS;inan;INDF,N,PL,ACC;8.21833e-07
ik;>;INS;î;DEF,N,SG,LGSPEC2;8.15702e-07
t;>;INS;a;DEF,LGSPEC1,N,SG;8.15126e-07
d;>;INS;ên;DEF,LGSPEC1,N,PL,VOC;8.15034e-07
r;>;INS;eke;INDF,LGSPEC1,N,SG,ACC;8.13113e-07
o;>;INS;ek;INDF,N,NOM,SG;8.1233e-07
n;>;INS;ekî;INDF,LGSPEC1,N,SG,ACC;8.11582e-07
n;>;INS;a;DEF,LGSPEC1,N,SG;8.10769e-07
r;>;INS;an;DEF,N,PL,ACC,LGSPEC2;8.0901e-07
k;>;INS;ên;DEF,LGSPEC1,N,PL,VOC;8.08206e-07
e;>;INS;î;DEF,N,SG,LGSPEC2;8.07763e-07
n;>;INS;ek;INDF,N,NOM,SG;8.06821e-07
i;>;DEL;n;1,IND,POS,PRF,PRS,SG,V;8.06388e-07
k;>;INS;ekî;INDF,LGSPEC1,N,SG,ACC;8.05935e-07
l;>;INS;ine;INDF,LGSPEC1,N,PL;8.05917e-07
r;>;INS;ê;DEF,N,SG,VOC,ACC,LGSPEC2;8.05392e-07
î;>;INS;no;DEF,N,PL,VOC;8.05281e-07
l;>;INS;in;INDF,N,NOM,PL;8.05081e-07
n;>;INS;ayî;2,COND,NEG,PST,SG,V;8.05062e-07
h;>;INS;ine;INDF,LGSPEC1,N,PL;8.05044e-07
n;>;INS;ma;1,COND,POS,PST,SG,V;8.04702e-07
e;>;INS;ên;DEF,LGSPEC1,N,PL,VOC;8.04686e-07
l;>;INS;î;DEF,N,SG,LGSPEC2;8.0466e-07
e;>;INS;inan;INDF,N,PL,ACC;8.04625e-07
p;>;INS;ine;INDF,LGSPEC1,N,PL;8.04608e-07
t;>;INS;an;DEF,N,PL,ACC,LGSPEC2;8.03372e-07
g;>;INS;an;DEF,N,PL,ACC,LGSPEC2;8.02811e-07
p;>;INS;eke;INDF,LGSPEC1,N,SG,ACC;8.02765e-07
t;>;INS;ê;DEF,N,SG,VOC,ACC,LGSPEC2;8.02666e-07
þ;>;INS;ek;INDF,N,NOM,SG;8.02232e-07
h;>;INS;o;DEF,N,SG,VOC;8.01976e-07
t;>;INS;ekî;INDF,LGSPEC1,N,SG,ACC;8.01912e-07
n;>;INS;o;DEF,N,SG,VOC;8.01401e-07
l;>;INS;inan;INDF,N,PL,ACC;8.00628e-07
n;>;INS;ê;DEF,N,SG,VOC,ACC,LGSPEC2;7.99607e-07
n;>;INS;e;3,IND,POS,PRS,SG,V,IPFV;7.99573e-07
n;>;INS;m;1,IND,NEG,PFV,PST,SG,V;7.98828e-07
"biþkoj; biþkov";>;INS;eke;INDF,LGSPEC1,N,SG,ACC;6.65644e-07
"koj; biþkov";>;INS;eke;INDF,LGSPEC1,N,SG,ACC;4.94196e-07
<;firiyan>;INS;ne;1,2,3,IND,NEG,PFV,PL,PST,V;4.69714e-07
"oj; biþkov";>;INS;eke;INDF,LGSPEC1,N,SG,ACC;4.61218e-07
ser-þuþtin;>;INS;bû;3,IND,POS,PRF,PST,SG,V;4.48762e-07
<;ra-hiþtin>;INS;bi;1,POS,PRS,SBJV,SG,V;4.36413e-07
er-xistin;>;INS;a;1,2,3,COND,PL,POS,PRF,PST,V;4.27603e-07
qahf;>;INS;ine;INDF,LGSPEC1,N,PL;4.15948e-07
er-þuþtin;>;INS;bû;3,IND,POS,PRF,PST,SG,V;4.15845e-07
r-xistin;>;INS;a;1,2,3,COND,PL,POS,PRF,PST,V;3.83831e-07
f;>;INS;ine;INDF,LGSPEC1,N,PL;3.83667e-07
<;qewimîn>;INS;ne;2,3,COND,NEG,PL,PRF,PST,V;3.5584e-07
<;civandin>;INS;di;1,2,3,IND,PL,POS,PST,V,PROG;3.50306e-07
<;piþaftin>;INS;na;3,IND,NEG,PRS,SG,V,IPFV;3.50298e-07
-þuþtin;>;INS;bû;3,IND,POS,PRF,PST,SG,V;3.28302e-07
 biþkov;>;INS;eke;INDF,LGSPEC1,N,SG,ACC;3.28294e-07
xistin;>;INS;a;1,2,3,COND,PL,POS,PRF,PST,V;3.14376e-07
<;sekinan/-în>;INS;ne;1,2,3,IND,NEG,PL,PRF,PRS,V;3.06805e-07
ahf;>;INS;ine;INDF,LGSPEC1,N,PL;2.91386e-07
st;n>;DEL;andi;1,POS,PRS,SBJV,SG,V;2.91367e-07
istin;>;INS;a;1,2,3,COND,PL,POS,PRF,PST,V;2.79723e-07
<misadere;>;INS;a;DEF,LGSPEC1,N,SG;2.76864e-07
uþtin;>;INS;bû;3,IND,POS,PRF,PST,SG,V;2.63064e-07
isadere;>;INS;a;DEF,LGSPEC1,N,SG;2.57265e-07
mamostatî/etîatî/etîk;>;DEL;irin;3,IMP,POS,PRS,SBJV,SG,V;2.48612e-07
stin;>;INS;a;1,2,3,COND,PL,POS,PRF,PST,V;2.43662e-07
xwarin;>;INS;ama;1,COND,NEG,PST,SG,V;2.41097e-07
<sergo;>;INS;ek;INDF,N,NOM,SG;2.41092e-07
<kab;>;INS;a;DEF,LGSPEC1,N,SG;2.39166e-07
<ebû;>;INS;ê;DEF,LGSPEC1,N,SG;2.34687e-07
þtin;>;INS;bû;3,IND,POS,PRF,PST,SG,V;2.34681e-07
amostatî/etîatî/etîk;>;DEL;irin;3,IMP,POS,PRS,SBJV,SG,V;2.34187e-07
-west;n>;DEL;andi;1,POS,PRS,SBJV,SG,V;2.34054e-07
<nijad;>;INS;ên;DEF,LGSPEC1,N,PL,VOC;2.27997e-07
<;hewil-dan>;INS;ne;3,IND,NEG,PRF,PST,SG,V;2.27954e-07
<;qufulîn>;INS;bi;2,3,COND,POS,PRF,PST,SG,V;2.27569e-07
<bûngeh;>;INS;in;INDF,N,NOM,PL;2.26223e-07
<hetîw;>;INS;a;DEF,LGSPEC1,N,SG;2.21418e-07
sadere;>;INS;a;DEF,LGSPEC1,N,SG;2.21384e-07
ebû;>;INS;ê;DEF,LGSPEC1,N,SG;2.19885e-07
kab;>;INS;a;DEF,LGSPEC1,N,SG;2.16329e-07
nijad;>;INS;ên;DEF,LGSPEC1,N,PL,VOC;2.13686e-07
warin;>;INS;ama;1,COND,NEG,PST,SG,V;2.13633e-07
ra-bû;>;DEL;n;3,COND,NEG,PRF,PST,SG,V;2.13628e-07
kov;>;INS;eke;INDF,LGSPEC1,N,SG,ACC;2.12791e-07
ostatî/etîatî/etîk;>;DEL;irin;3,IMP,POS,PRS,SBJV,SG,V;2.08409e-07
bûngeh;>;INS;in;INDF,N,NOM,PL;2.08357e-07
sergo;>;INS;ek;INDF,N,NOM,SG;2.08198e-07
hetîw;>;INS;a;DEF,LGSPEC1,N,SG;2.08188e-07
plat;o>;INS;on;DEF,N,PL,VOC;2.0814e-07
<tazîb;>;INS;inan;INDF,N,PL,ACC;2.01883e-07
<baro;n>;INS;nina;INDF,N,PL,ACC;2.01878e-07
ewzû;>;INS;ekî;INDF,LGSPEC1,N,SG,ACC;1.99099e-07
in;>;INS;a;1,2,3,COND,PL,POS,PRF,PST,V;1.94921e-07
ab;>;INS;a;DEF,LGSPEC1,N,SG;1.92183e-07
ûngeh;>;INS;in;INDF,N,NOM,PL;1.91967e-07
baro;n>;INS;nina;INDF,N,PL,ACC;1.91963e-07
tazîb;>;INS;inan;INDF,N,PL,ACC;1.91958e-07
ijad;>;INS;ên;DEF,LGSPEC1,N,PL,VOC;1.90284e-07
arin;>;INS;ama;1,COND,NEG,PST,SG,V;1.9026e-07
etîw;>;INS;a;DEF,LGSPEC1,N,SG;1.90255e-07
t;n>;DEL;andi;1,POS,PRS,SBJV,SG,V;1.90205e-07
hf;>;INS;ine;INDF,LGSPEC1,N,PL;1.90197e-07
tatî/etîatî/etîk;>;DEL;irin;3,IMP,POS,PRS,SBJV,SG,V;1.88682e-07
in;>;INS;bû;3,IND,POS,PRF,PST,SG,V;1.86771e-07
a-bû;>;DEL;n;3,COND,NEG,PRF,PST,SG,V;1.85868e-07
ergo;>;INS;ek;INDF,N,NOM,SG;1.85864e-07
wzû;>;INS;ekî;INDF,LGSPEC1,N,SG,ACC;1.84666e-07
dere;>;INS;a;DEF,LGSPEC1,N,SG;1.81487e-07
lat;o>;INS;on;DEF,N,PL,VOC;1.81483e-07
<;axîn>;INS;di;1,IND,POS,PRS,SG,V,IPFV;1.81281e-07
ngeh;>;INS;in;INDF,N,NOM,PL;1.7814e-07
atî/etîatî/etîk;>;DEL;irin;3,IMP,POS,PRS,SBJV,SG,V;1.77839e-07
û;>;INS;ê;DEF,LGSPEC1,N,SG;1.76226e-07
jad;>;INS;ên;DEF,LGSPEC1,N,PL,VOC;1.75185e-07
tîw;>;INS;a;DEF,LGSPEC1,N,SG;1.75165e-07
-bû;>;DEL;n;3,COND,NEG,PRF,PST,SG,V;1.75161e-07
at;o>;INS;on;DEF,N,PL,VOC;1.75126e-07
ro;n>;INS;nina;INDF,N,PL,ACC;1.75076e-07
azîb;>;INS;inan;INDF,N,PL,ACC;1.73771e-07
n;>;INS;bû;3,IND,POS,PRF,PST,SG,V;1.73228e-07
b;>;INS;a;DEF,LGSPEC1,N,SG;1.71219e-07
v;>;INS;eke;INDF,LGSPEC1,N,SG,ACC;1.71212e-07
<axa bi xîz;>;INS;ine;INDF,LGSPEC1,N,PL;1.70568e-07
i;n>;INS;nina;INDF,N,PL,ACC;1.68939e-07
î;n>;INS;nina;INDF,N,PL,ACC;1.67533e-07
<;nuxumandin>;INS;di;3,IND,POS,PST,SG,V,PROG;1.67488e-07
<gir-girtin;>;INS;ya;2,3,COND,NEG,PST,SG,V;1.66934e-07
zîb;>;INS;inan;INDF,N,PL,ACC;1.65701e-07
<;meþiyan/-în>;INS;di;1,IND,POS,PRS,SG,V,IPFV;1.65563e-07
ir-girtin;>;INS;ya;2,3,COND,NEG,PST,SG,V;1.65194e-07
zû;>;INS;ekî;INDF,LGSPEC1,N,SG,ACC;1.6451e-07
ad;>;INS;ên;DEF,LGSPEC1,N,PL,VOC;1.61803e-07
go;>;INS;ek;INDF,N,NOM,SG;1.61787e-07
t;o>;INS;on;DEF,N,PL,VOC;1.61759e-07
bû;>;DEL;n;3,COND,NEG,PRF,PST,SG,V;1.59102e-07
re;>;INS;a;DEF,LGSPEC1,N,SG;1.5642e-07
andi;>;DEL;n;2,3,COND,NEG,PRF,PST,SG,V;1.55938e-07
îb;>;INS;inan;INDF,N,PL,ACC;1.53747e-07
d;>;INS;inan;INDF,N,PL,ACC;1.5305e-07
xa bi xîz;>;INS;ine;INDF,LGSPEC1,N,PL;1.52464e-07
giriyan;>;INS;îe;3,IND,NEG,PRS,SG,V,IPFV;1.51917e-07
w;>;INS;a;DEF,LGSPEC1,N,SG;1.51244e-07
û;>;DEL;n;3,COND,NEG,PRF,PST,SG,V;1.51241e-07
eh;>;INS;in;INDF,N,NOM,PL;1.5108e-07
r-girtin;>;INS;ya;2,3,COND,NEG,PST,SG,V;1.49486e-07
û;>;INS;ekî;INDF,LGSPEC1,N,SG,ACC;1.49285e-07
serçimika guh;>;INS;a;DEF,LGSPEC1,N,SG;1.47833e-07
n;>;INS;ama;1,COND,NEG,PST,SG,V;1.47271e-07
îflas;>;INS;a;DEF,LGSPEC1,N,SG;1.46e-07
a bi xîz;>;INS;ine;INDF,LGSPEC1,N,PL;1.45508e-07
<xezîr;an>;INS;anin;INDF,N,PL,ACC;1.44945e-07
<vekirin;>;INS;î;2,NEG,PRS,SBJV,SG,V;1.44941e-07
b;>;INS;inan;INDF,N,PL,ACC;1.43742e-07
tîatî/etîk;>;DEL;irin;3,IMP,POS,PRS,SBJV,SG,V;1.42882e-07
h;>;INS;in;INDF,N,NOM,PL;1.41784e-07
t;e>;INS;ein;INDF,LGSPEC1,N,PL;1.41698e-07
o;k>;INS;ke;INDF,N,NOM,SG;1.41695e-07
ti;>;DEL;n;3,IND,NEG,PRF,PST,SG,V;1.41336e-07
irtin;>;INS;ya;2,3,COND,NEG,PST,SG,V;1.41098e-07
<marþ;>;INS;in;INDF,N,NOM,PL;1.41094e-07
<giriyan;>;INS;îe;3,IND,NEG,PRS,SG,V,IPFV;1.41058e-07
ketin;>;INS;ama;1,COND,NEG,PST,SG,V;1.40975e-07
êþ;>;INS;î;DEF,N,SG,LGSPEC2;1.40632e-07
flas;>;INS;a;DEF,LGSPEC1,N,SG;1.40484e-07
girtin;>;INS;ya;2,3,COND,NEG,PST,SG,V;1.40121e-07
rakiri;>;DEL;n;1,COND,NEG,PRF,PST,SG,V;1.40034e-07
<ketin;>;INS;ama;1,COND,NEG,PST,SG,V;1.40031e-07
rçimika guh;>;INS;a;DEF,LGSPEC1,N,SG;1.39628e-07
 bi xîz;>;INS;ine;INDF,LGSPEC1,N,PL;1.39094e-07
<qedan;n>;DEL;di;1,2,3,IMP,NEG,PL,PRS,SBJV,V;1.38652e-07
<;dexisîn>;INS;ne;2,3,COND,NEG,PST,SG,V;1.38276e-07
vekirin;>;INS;î;2,NEG,PRS,SBJV,SG,V;1.38212e-07
xezîr;an>;INS;anin;INDF,N,PL,ACC;1.38209e-07
<;pijiqandin>;INS;bi;2,POS,PRS,SBJV,SG,V;1.37617e-07
fir;iyan>;INS;î;1,2,3,IMP,NEG,PL,PRS,SBJV,V;1.37156e-07
bi xîz;>;INS;ine;INDF,LGSPEC1,N,PL;1.36721e-07
t;>;INS;inan;INDF,N,PL,ACC;1.36685e-07
n;>;INS;a;1,2,3,COND,LGSPEC1,NEG,PL,PST,V,V.MSDR;1.36681e-07
þ;>;INS;ê;DEF,LGSPEC1,N,SG,VOC,ACC,LGSPEC2;1.36661e-07
l;>;INS;no;DEF,N,PL,VOC;1.36588e-07
k;>;INS;an;DEF,N,PL,ACC,LGSPEC2;1.36565e-07
i;>;DEL;n;1,IND,NEG,PFV,PST,SG,V;1.36561e-07
t;>;INS;ek;INDF,N,NOM,SG;1.36553e-07
a;>;INS;no;DEF,N,PL,VOC;1.3655e-07
terpil;>;DEL;în;1,NEG,PRS,SBJV,SG,V;1.36487e-07
f;>;INS;no;DEF,N,PL,VOC;1.36459e-07
qirnap;>;INS;ekî;INDF,LGSPEC1,N,SG,ACC;1.36398e-07
r;>;INS;ekî;INDF,LGSPEC1,N,SG,ACC;1.36368e-07
m;>;INS;eke;INDF,LGSPEC1,N,SG,ACC;1.36365e-07
alayîþ;>;INS;a;DEF,LGSPEC1,N,SG;1.36357e-07
qedan;n>;DEL;di;1,2,3,IMP,NEG,PL,PRS,SBJV,V;1.36353e-07
marþ;>;INS;in;INDF,N,NOM,PL;1.3615e-07
atî/etîk;>;DEL;irin;3,IMP,POS,PRS,SBJV,SG,V;1.36057e-07
<;revîn>;INS;ne;1,2,3,COND,NEG,PL,PRF,PST,V;1.36012e-07
<teqî;n>;INS;ibû;1,2,3,IND,PL,POS,PRF,PST,V;1.35999e-07
ezîr;an>;INS;anin;INDF,N,PL,ACC;1.35995e-07
n;>;INS;ba;3,COND,NEG,PRF,PST,SG,V;1.35931e-07
erpil;>;DEL;în;1,NEG,PRS,SBJV,SG,V;1.35778e-07
riyan;>;INS;îe;3,IND,NEG,PRS,SG,V,IPFV;1.35775e-07
îp;>;INS;an;DEF,N,PL,ACC,LGSPEC2;1.35688e-07
k;>;INS;eke;INDF,LGSPEC1,N,SG,ACC;1.35652e-07
ekirin;>;INS;î;2,NEG,PRS,SBJV,SG,V;1.35645e-07
b;>;INS;in;INDF,N,NOM,PL;1.35617e-07
çimika guh;>;INS;a;DEF,LGSPEC1,N,SG;1.35388e-07
r;>;INS;ên;DEF,LGSPEC1,N,PL,VOC;1.35384e-07
þ;>;INS;an;DEF,N,PL,ACC,LGSPEC2;1.35353e-07
þ;>;INS;ên;DEF,LGSPEC1,N,PL,VOC;1.35332e-07
t;>;INS;ên;DEF,LGSPEC1,N,PL,VOC;1.3533e-07
r;>;INS;a;DEF,LGSPEC1,N,SG;1.3531e-07
<fir;iyan>;INS;î;1,2,3,IMP,NEG,PL,PRS,SBJV,V;1.34948e-07
etin;>;INS;ama;1,COND,NEG,PST,SG,V;1.34486e-07
irti;>;DEL;n;1,IND,PFV,POS,PST,SG,V;1.34483e-07
las;>;INS;a;DEF,LGSPEC1,N,SG;1.34407e-07
tin;>;INS;ya;2,3,COND,NEG,PST,SG,V;1.34404e-07
yan;>;INS;îe;3,IND,NEG,PRS,SG,V,IPFV;1.3437e-07
pil;>;DEL;în;1,NEG,PRS,SBJV,SG,V;1.34366e-07
<cej;in>;INS;in;INDF,N,NOM,PL;1.33207e-07
<klîp;>;INS;an;DEF,N,PL,ACC,LGSPEC2;1.33166e-07
girti;>;DEL;n;1,IND,PFV,POS,PST,SG,V;1.33139e-07
r;iyan>;INS;î;1,2,3,IMP,NEG,PL,PRS,SBJV,V;1.33089e-07
rþ;>;INS;in;INDF,N,NOM,PL;1.32982e-07
izandin;>;INS;a;1,2,3,COND,NEG,PL,PRF,PST,V;1.32981e-07
dagirti;>;DEL;n;1,IND,PFV,POS,PST,SG,V;1.32381e-07
<;çilwilîn>;INS;ne;2,IND,NEG,PFV,PST,SG,V,V.PTCP;1.32233e-07
<hil-bijarti;>;DEL;n;2,IND,NEG,PFV,PST,SG,V,V.PTCP;1.32146e-07
tî/etîk;>;DEL;irin;3,IMP,POS,PRS,SBJV,SG,V;1.32084e-07
i xîz;>;INS;ine;INDF,LGSPEC1,N,PL;1.31656e-07
zîr;an>;INS;anin;INDF,N,PL,ACC;1.31651e-07
kirin;>;INS;î;2,NEG,PRS,SBJV,SG,V;1.31389e-07
edan;n>;DEL;di;1,2,3,IMP,NEG,PL,PRS,SBJV,V;1.31123e-07
layîþ;>;INS;a;DEF,LGSPEC1,N,SG;1.3112e-07
<kiri;>;DEL;n;1,IND,NEG,PST,SG,V,PROG;1.31116e-07
mika guh;>;INS;a;DEF,LGSPEC1,N,SG;1.30991e-07
arþ;>;INS;in;INDF,N,NOM,PL;1.30844e-07
lîp;>;INS;an;DEF,N,PL,ACC,LGSPEC2;1.30825e-07
a;>;INS;eke;INDF,LGSPEC1,N,SG,ACC;1.30618e-07
hil-bijarti;>;DEL;n;2,IND,NEG,PFV,PST,SG,V,V.PTCP;1.30479e-07
klîp;>;INS;an;DEF,N,PL,ACC,LGSPEC2;1.30083e-07
rpil;>;DEL;în;1,NEG,PRS,SBJV,SG,V;1.3008e-07
kiri;>;DEL;n;1,COND,NEG,PRF,PST,SG,V;1.30058e-07
ir;iyan>;INS;î;1,2,3,IMP,NEG,PL,PRS,SBJV,V;1.29968e-07
<;likumîn>;INS;ne;2,3,COND,NEG,PST,SG,V;1.29875e-07
ahuramezda;>;INS;î;DEF,N,SG,LGSPEC2;1.29691e-07
zandin;>;INS;a;1,2,3,COND,NEG,PL,PRF,PST,V;1.29052e-07
mîdy;e>;INS;ein;INDF,LGSPEC1,N,PL;1.28956e-07
da-çikandi;>;DEL;n;2,3,COND,NEG,PRF,PST,SG,V;1.2885e-07
<jê-k;>;DEL;irin;2,POS,PRS,SBJV,SG,V;1.28679e-07
cej;in>;INS;in;INDF,N,NOM,PL;1.28676e-07
<;çîrîn>;INS;ne;1,2,3,COND,NEG,PL,PST,V;1.28348e-07
ika guh;>;INS;a;DEF,LGSPEC1,N,SG;1.28082e-07
 xîz;>;INS;ine;INDF,LGSPEC1,N,PL;1.27701e-07
<qet;>;DEL;an;1,POS,PRS,SBJV,SG,V;1.27697e-07
eqî;n>;INS;ibû;1,2,3,IND,PL,POS,PRF,PST,V;1.27694e-07
miwazif;>;INS;o;DEF,N,SG,VOC;1.27636e-07
in;>;INS;ya;2,3,COND,NEG,PST,SG,V;1.27633e-07
as;>;INS;a;DEF,LGSPEC1,N,SG;1.2763e-07
ri;>;DEL;n;1,COND,NEG,PRF,PST,SG,V;1.27592e-07
ap;>;INS;ekî;INDF,LGSPEC1,N,SG,ACC;1.27554e-07
rti;>;DEL;n;1,IND,PFV,POS,PST,SG,V;1.27354e-07
irin;>;INS;î;2,NEG,PRS,SBJV,SG,V;1.27309e-07
îr;an>;INS;anin;INDF,N,PL,ACC;1.27306e-07
dan;n>;DEL;di;1,2,3,IMP,NEG,PL,PRS,SBJV,V;1.27302e-07
þ;>;INS;in;INDF,N,NOM,PL;1.26794e-07
a-çikandi;>;DEL;n;2,3,COND,NEG,PRF,PST,SG,V;1.26717e-07
huramezda;>;INS;î;DEF,N,SG,LGSPEC2;1.26711e-07
-bijarti;>;DEL;n;2,IND,NEG,PFV,PST,SG,V,V.PTCP;1.25955e-07
îdy;e>;INS;ein;INDF,LGSPEC1,N,PL;1.25952e-07
iwazif;>;INS;o;DEF,N,SG,VOC;1.25907e-07
andin;>;INS;a;1,2,3,COND,NEG,PL,PRF,PST,V;1.25809e-07
/etîk;>;DEL;irin;3,IMP,POS,PRS,SBJV,SG,V;1.25805e-07
<som;e>;INS;eek;INDF,LGSPEC1,N,SG,ACC;1.25802e-07
ej;in>;INS;in;INDF,N,NOM,PL;1.25761e-07
rnap;>;INS;ekî;INDF,LGSPEC1,N,SG,ACC;1.25687e-07
jê-k;>;DEL;irin;2,POS,PRS,SBJV,SG,V;1.25567e-07
<rojev;>;INS;ê;DEF,N,SG,VOC,ACC,LGSPEC2;1.25558e-07
an;>;INS;îe;3,IND,NEG,PRS,SG,V,IPFV;1.24947e-07
il;>;DEL;în;1,NEG,PRS,SBJV,SG,V;1.24944e-07
ti;>;DEL;n;1,IND,PFV,POS,PST,SG,V;1.24929e-07
iri;>;DEL;n;1,IND,NEG,PST,SG,V,PROG;1.24825e-07
s;>;INS;a;DEF,LGSPEC1,N,SG;1.24809e-07
l;>;DEL;în;1,NEG,PRS,SBJV,SG,V;1.24798e-07
<;da-kutan>;INS;bi;1,2,3,COND,PL,POS,PRF,PST,V;1.24584e-07
qet;>;DEL;an;1,POS,PRS,SBJV,SG,V;1.24546e-07
xîz;>;INS;ine;INDF,LGSPEC1,N,PL;1.24543e-07
<;heyîn>;INS;ne;2,NEG,PRS,SBJV,SG,V;1.24504e-07
an;n>;DEL;di;1,2,3,IMP,NEG,PL,PRS,SBJV,V;1.24403e-07
r;an>;INS;anin;INDF,N,PL,ACC;1.24266e-07
yîþ;>;INS;a;DEF,LGSPEC1,N,SG;1.24263e-07
uramezda;>;INS;î;DEF,N,SG,LGSPEC2;1.24221e-07
qêrî;>;DEL;n;2,IND,PFV,POS,PST,SG,V;1.24038e-07
iri;>;DEL;n;1,COND,NEG,PRF,PST,SG,V;1.23879e-07
som;e>;INS;eek;INDF,LGSPEC1,N,SG,ACC;1.23838e-07
rojev;>;INS;ê;DEF,N,SG,VOC,ACC,LGSPEC2;1.23722e-07
ijarti;>;DEL;n;2,IND,NEG,PFV,PST,SG,V,V.PTCP;1.23456e-07
wazif;>;INS;o;DEF,N,SG,VOC;1.23202e-07
bênihti;>;DEL;n;1,IND,POS,PRF,PRS,SG,V;1.23152e-07
dy;e>;INS;ein;INDF,LGSPEC1,N,PL;1.23031e-07
gurdan : ji 3-4 tofan pêk tê;>;INS;o;DEF,N,SG,VOC;1.22915e-07
"ûd; xakendaz";>;INS;ê;DEF,LGSPEC1,N,SG,VOC,ACC,LGSPEC2;1.22903e-07
<;vegeriyan>;INS;ne;3,IND,NEG,PRF,PST,SG,V;1.22899e-07
ê-k;>;DEL;irin;2,POS,PRS,SBJV,SG,V;1.22889e-07
j;in>;INS;in;INDF,N,NOM,PL;1.22886e-07
ricif;n>;DEL;î;1,2,3,IMP,NEG,PL,PRS,SBJV,V;1.22859e-07
wendi;n>;INS;xwî;3,IND,POS,PRS,SG,V,IPFV;1.22856e-07
<;liqandin>;INS;ne;1,IND,NEG,PFV,PST,SG,V;1.22856e-07
kêlekê;>;INS;an;DEF,N,PL,ACC,LGSPEC2;1.22853e-07
epîn;>;INS;bûya;2,3,COND,POS,PRF,PST,SG,V;1.22849e-07
<kurd;n>;DEL;andi;1,POS,PRS,SBJV,SG,V;1.22843e-07
qewimî;>;DEL;n;3,COND,POS,PST,SG,V;1.2284e-07
<;qedandin>;INS;nedi;1,IND,NEG,PST,SG,V,PROG;1.22834e-07
<ser-þuþ;in>;DEL;t;1,2,3,IND,PL,POS,PRS,V,IPFV;1.22834e-07
iyametê;>;INS;ine;INDF,LGSPEC1,N,PL;1.22831e-07
tin;>;INS;yî;2,IND,NEG,PFV,PST,SG,V,V.PTCP;1.22831e-07
hejiy;an>;INS;aibûm;1,COND,NEG,PRF,PST,SG,V;1.22828e-07
xw;î>;INS;îek;INDF,LGSPEC1,N,SG,ACC;1.22827e-07
fîq;>;INS;î;DEF,N,SG,LGSPEC2;1.22824e-07
lgirti;>;DEL;n;3,IND,NEG,PRF,PST,SG,V;1.22821e-07
vîj;>;INS;ê;DEF,LGSPEC1,N,SG,VOC,ACC,LGSPEC2;1.22821e-07
rê kêlekê;>;INS;an;DEF,N,PL,ACC,LGSPEC2;1.22818e-07
<vemirandin;>;INS;bûya;2,3,COND,POS,PRF,PST,SG,V;1.22818e-07
and;in>;INS;in;INDF,N,NOM,PL;1.22815e-07
<bizûz;>;INS;ek;INDF,N,NOM,SG;1.22812e-07
p;>;INS;an;DEF,N,PL,ACC,LGSPEC2;1.22809e-07
<;ve-gevizîn>;INS;di;1,2,3,IND,PL,POS,PRS,V,IPFV;1.22809e-07
ashuzi;>;INS;no;DEF,N,PL,VOC;1.22806e-07
<tefîn;>;INS;bûma;1,COND,NEG,PRF,PST,SG,V;1.22805e-07
bid;>;INS;î;DEF,N,SG,LGSPEC2;1.22802e-07
<;çêrîn>;INS;ne;2,3,IND,NEG,PFV,PRS,PST,SBJV,SG,V,V.PTCP;1.228e-07
bas;>;INS;eke;INDF,LGSPEC1,N,SG,ACC;1.22799e-07
<qevz;>;INS;ên;DEF,LGSPEC1,N,PL,VOC;1.22796e-07
<rêzk;n>;DEL;iri;1,2,3,IMP,PL,POS,PRS,SBJV,V;1.22796e-07
dîb;an>;INS;an;DEF,N,PL,ACC,LGSPEC2;1.22793e-07
ro;>;INS;ê;DEF,N,SG,VOC,ACC,LGSPEC2;1.22793e-07
qisî;n>;INS;bû;1,2,3,IND,NEG,PL,PRF,PST,V;1.2279e-07
od;>;INS;ekî;INDF,LGSPEC1,N,SG,ACC;1.2279e-07
ndi;>;DEL;n;1,COND,NEG,PRF,PST,SG,V;1.22787e-07
îv;>;INS;inan;INDF,N,PL,ACC;1.22787e-07
din;>;INS;bûya;2,3,COND,POS,PRF,PST,SG,V;1.22784e-07
þ;>;INS;yan;ADJ,N;1.22784e-07
î;n>;INS;bû;1,2,3,IND,NEG,PL,PRF,PST,V;1.2278e-07
i;>;DEL;n;2,IND,NEG,PFV,PST,SG,V,V.PTCP;1.2278e-07
rti;>;DEL;n;3,IND,NEG,PRF,PST,SG,V;1.22777e-07
qandin;>;INS;e;3,IMP,NEG,PRS,SBJV,SG,V;1.22774e-07
kebab;>;INS;an;DEF,N,PL,ACC,LGSPEC2;1.22771e-07
sî;n>;INS;bû;1,2,3,IND,NEG,PL,PRF,PST,V;1.22771e-07
kîn;>;INS;im;1,IND,NEG,PST,SG,V,PROG;1.22768e-07
aprax;>;INS;ê;DEF,N,SG,VOC,ACC,LGSPEC2;1.22765e-07
uzi;>;INS;no;DEF,N,PL,VOC;1.22765e-07
texir;>;DEL;în;1,IND,POS,PRS,SG,V,IPFV;1.22762e-07
rax;>;INS;inan;INDF,N,PL,ACC;1.22762e-07
eolog;>;INS;ên;DEF,LGSPEC1,N,PL,VOC;1.22759e-07
î;>;DEL;n;2,3,COND,POS,PRF,PST,SG,V;1.22758e-07
skiri;>;DEL;n;2,3,COND,NEG,PST,SG,V;1.22756e-07
<qemîs;>;INS;î;DEF,N,SG,LGSPEC2;1.22755e-07
xulîn;>;INS;bûma;1,COND,POS,PRF,PST,SG,V;1.22753e-07
<;wer-girtin>;INS;nedi;1,2,3,IND,NEG,PL,PST,V,PROG;1.22752e-07
vz;>;INS;ên;DEF,LGSPEC1,N,PL,VOC;1.22749e-07
<;meþiyan/-în>;INS;ne;2,IND,NEG,PFV,PST,SG,V;1.22746e-07
<;þûlikîn>;INS;di;1,2,3,IND,PL,POS,PST,V,PROG;1.22743e-07
ser-þuþ;in>;DEL;t;1,2,3,IND,PL,POS,PRS,V,IPFV;1.2274e-07
icif;n>;DEL;î;1,2,3,IMP,NEG,PL,PRS,SBJV,V;1.22736e-07
andin;>;INS;m;1,POS,PRS,SBJV,SG,V;1.22733e-07
endi;n>;INS;xwî;3,IND,POS,PRS,SG,V,IPFV;1.2273e-07
"carûd; xakendaz";>;INS;ê;DEF,LGSPEC1,N,SG,VOC,ACC,LGSPEC2;1.22728e-07
l;>;INS;ê;DEF,N,SG,VOC,ACC,LGSPEC2;1.22727e-07
b;>;INS;no;DEF,N,PL,VOC;1.22724e-07
beþ;>;INS;yan;ADJ,N;1.22722e-07
d;>;INS;no;DEF,N,PL,VOC;1.22721e-07
paþîv;>;INS;inan;INDF,N,PL,ACC;1.22718e-07
c;>;INS;in;INDF,N,NOM,PL;1.22718e-07
<;þewitîn>;INS;bi;1,2,3,COND,PL,POS,PST,V;1.22715e-07
f;>;INS;ên;DEF,LGSPEC1,N,PL,VOC;1.22715e-07
elxw;î>;INS;îek;INDF,LGSPEC1,N,SG,ACC;1.22712e-07
q;>;INS;ek;INDF,N,NOM,SG;1.22711e-07
<;lebitîn>;INS;na;1,IND,NEG,PRS,SG,V,IPFV;1.22709e-07
ê;>;INS;an;DEF,N,PL,ACC,LGSPEC2;1.22708e-07
eliqandin;>;INS;e;3,IMP,NEG,PRS,SBJV,SG,V;1.22706e-07
êlekê;>;INS;an;DEF,N,PL,ACC,LGSPEC2;1.22705e-07
guvîj;>;INS;ê;DEF,LGSPEC1,N,SG,VOC,ACC,LGSPEC2;1.22703e-07
<nitilandin;>;INS;bûm;1,IND,POS,PRF,PST,SG,V;1.22702e-07
itefiq;>;INS;eke;INDF,LGSPEC1,N,SG,ACC;1.227e-07
kurd;n>;DEL;andi;1,POS,PRS,SBJV,SG,V;1.22699e-07
þefîq;>;INS;î;DEF,N,SG,LGSPEC2;1.22697e-07
pîn;>;INS;bûya;2,3,COND,POS,PRF,PST,SG,V;1.22696e-07
þ;k>;INS;ke;INDF,N,NOM,SG;1.22693e-07
wd;>;INS;ê;DEF,LGSPEC1,N,SG;1.22693e-07
epî;>;DEL;n;2,3,COND,POS,PRF,PST,SG,V;1.2269e-07
fiq;>;INS;eke;INDF,LGSPEC1,N,SG,ACC;1.22689e-07
<;qefilîn>;INS;bi;2,3,COND,POS,PST,SG,V;1.22687e-07
ewimî;>;DEL;n;3,COND,POS,PST,SG,V;1.22686e-07
urdandin;>;INS;m;1,POS,PRS,SBJV,SG,V;1.22684e-07
din;>;INS;im;1,POS,PRS,SBJV,SG,V;1.22683e-07
<;tê-kirin>;INS;ne;3,IMP,NEG,PRS,SBJV,SG,V;1.22681e-07
y;an>;INS;aibûm;1,COND,NEG,PRF,PST,SG,V;1.2268e-07
ejiy;an>;INS;aibûm;1,COND,NEG,PRF,PST,SG,V;1.22678e-07
ej;>;INS;î;DEF,N,SG,LGSPEC2;1.22677e-07
rvulario;>;INS;ine;INDF,LGSPEC1,N,PL;1.22675e-07
<ve-kiþîn;>;INS;î;2,IND,POS,PST,SG,V,PROG;1.22674e-07
êtro;>;INS;ê;DEF,N,SG,VOC,ACC,LGSPEC2;1.22672e-07
ab;>;INS;an;DEF,N,PL,ACC,LGSPEC2;1.22671e-07
ê kêlekê;>;INS;an;DEF,N,PL,ACC,LGSPEC2;1.22668e-07
ir;>;DEL;în;1,IND,POS,PRS,SG,V,IPFV;1.22668e-07
<;gijgijîn>;INS;di;2,3,IND,POS,PRS,PST,SG,V,IPFV,PROG;1.22665e-07
og;>;INS;ên;DEF,LGSPEC1,N,PL,VOC;1.22664e-07
girti;>;DEL;n;3,IND,NEG,PRF,PST,SG,V;1.22662e-07
în;>;INS;bûma;1,COND,POS,PRF,PST,SG,V;1.22661e-07
eb;>;INS;î;DEF,N,SG,LGSPEC2;1.22659e-07
tefîn;>;INS;bûma;1,COND,NEG,PRF,PST,SG,V;1.22658e-07
em;>;INS;î;DEF,N,SG,LGSPEC2;1.22656e-07
nd;in>;INS;in;INDF,N,NOM,PL;1.22655e-07
shuzi;>;INS;no;DEF,N,PL,VOC;1.22653e-07
efîn;>;INS;bûma;1,COND,NEG,PRF,PST,SG,V;1.22652e-07
a;>;DEL;n;2,COND,POS,PRF,PST,SG,V;1.2265e-07
bizûz;>;INS;ek;INDF,N,NOM,SG;1.22649e-07
<kod;>;INS;ekî;INDF,LGSPEC1,N,SG,ACC;1.22647e-07
<qufulîn;>;INS;a;LGSPEC1,V,V.MSDR;1.22646e-07
panî;>;INS;eke;INDF,LGSPEC1,N,SG,ACC;1.22643e-07
peyitandi;>;DEL;n;2,COND,NEG,PST,SG,V;1.22642e-07
qevz;>;INS;ên;DEF,LGSPEC1,N,PL,VOC;1.2264e-07
rêzk;n>;DEL;iri;1,2,3,IMP,PL,POS,PRS,SBJV,V;1.22639e-07
rî;n>;INS;nê;DEF,LGSPEC1,N,PL,VOC;1.22637e-07
an : ji 3-4 tofan pêk tê;>;INS;o;DEF,N,SG,VOC;1.22636e-07
q;>;INS;inan;INDF,N,PL,ACC;1.22634e-07
<hel-bijar;>;DEL;tin;2,NEG,PRS,SBJV,SG,V;1.22633e-07
<evand;in>;INS;in;INDF,N,NOM,PL;1.22631e-07
in;>;INS;yî;2,IND,NEG,PFV,PST,SG,V,V.PTCP;1.2263e-07
"arûd; xakendaz";>;INS;ê;DEF,LGSPEC1,N,SG,VOC,ACC,LGSPEC2;1.22628e-07
andin;>;INS;e;3,IMP,NEG,PRS,SBJV,SG,V;1.22627e-07
prax;>;INS;ê;DEF,N,SG,VOC,ACC,LGSPEC2;1.22625e-07
w;î>;INS;îek;INDF,LGSPEC1,N,SG,ACC;1.22624e-07
olog;>;INS;ên;DEF,LGSPEC1,N,PL,VOC;1.22622e-07
îj;>;INS;ê;DEF,LGSPEC1,N,SG,VOC,ACC,LGSPEC2;1.22621e-07
ebab;>;INS;an;DEF,N,PL,ACC,LGSPEC2;1.22618e-07
îq;>;INS;î;DEF,N,SG,LGSPEC2;1.22617e-07
<gep;>;INS;eke;INDF,LGSPEC1,N,SG,ACC;1.22615e-07
qemîs;>;INS;î;DEF,N,SG,LGSPEC2;1.22614e-07
kiri;>;DEL;n;2,3,COND,NEG,PST,SG,V;1.22612e-07
d;>;INS;ekî;INDF,LGSPEC1,N,SG,ACC;1.22611e-07
<tej;>;INS;î;DEF,N,SG,LGSPEC2;1.22609e-07
êlan;>;INS;a;1,2,3,COND,LGSPEC1,NEG,PL,PST,V,V.MSDR;1.22608e-07
exir;>;DEL;în;1,IND,POS,PRS,SG,V,IPFV;1.22606e-07
<;rikrikîn>;INS;ne;1,2,3,COND,NEG,PL,PST,V;1.22605e-07
<ewd;>;INS;ê;DEF,LGSPEC1,N,SG;1.22603e-07
id;>;INS;î;DEF,N,SG,LGSPEC2;1.22602e-07
evand;in>;INS;in;INDF,N,NOM,PL;1.226e-07
er-þuþ;in>;DEL;t;1,2,3,IND,PL,POS,PRS,V,IPFV;1.22599e-07
kod;>;INS;ekî;INDF,LGSPEC1,N,SG,ACC;1.22597e-07
<;din>;DEL;xwen;3,IND,POS,PRS,SG,V,IPFV;1.22595e-07
tefiq;>;INS;eke;INDF,LGSPEC1,N,SG,ACC;1.22593e-07
emirandin;>;INS;bûya;2,3,COND,POS,PRF,PST,SG,V;1.22592e-07
þepîn;>;INS;bûya;2,3,COND,POS,PRF,PST,SG,V;1.2259e-07
terpilîn;>;INS;m;1,NEG,PRS,SBJV,SG,V;1.22589e-07
lxw;î>;INS;îek;INDF,LGSPEC1,N,SG,ACC;1.22587e-07
<;ve-dan>;INS;di;1,2,3,IND,PL,POS,PST,V,PROG;1.22586e-07
efîq;>;INS;î;DEF,N,SG,LGSPEC2;1.22584e-07
ndin;>;INS;m;1,POS,PRS,SBJV,SG,V;1.22583e-07
uvîj;>;INS;ê;DEF,LGSPEC1,N,SG,VOC,ACC,LGSPEC2;1.22581e-07
cif;n>;DEL;î;1,2,3,IMP,NEG,PL,PRS,SBJV,V;1.2258e-07
andin;>;INS;im;1,POS,PRS,SBJV,SG,V;1.22578e-07
ario;>;INS;ine;INDF,LGSPEC1,N,PL;1.22577e-07
vulario;>;INS;ine;INDF,LGSPEC1,N,PL;1.22575e-07
n;>;INS;im;1,IND,NEG,PST,SG,V,PROG;1.22574e-07
xwendi;n>;INS;xwî;3,IND,POS,PRS,SG,V,IPFV;1.22572e-07
lekê;>;INS;an;DEF,N,PL,ACC,LGSPEC2;1.2257e-07
eþ;>;INS;yan;ADJ,N;1.22569e-07
ndi;n>;INS;xwî;3,IND,POS,PRS,SG,V,IPFV;1.22567e-07
jiy;an>;INS;aibûm;1,COND,NEG,PRF,PST,SG,V;1.22565e-07
rganên cinsî yên îj;nan>;INS;na;DEF,N,PL,ACC,LGSPEC2;1.22564e-07
di;>;DEL;n;2,IND,NEG,PRF,PST,SG,V;1.22562e-07
<ji bîr kirin;>;INS;a;LGSPEC1,NEG,V,V.MSDR;1.22561e-07
pî;>;DEL;n;2,3,COND,POS,PRF,PST,SG,V;1.22559e-07
urd;n>;DEL;andi;1,POS,PRS,SBJV,SG,V;1.22558e-07
tro;>;INS;ê;DEF,N,SG,VOC,ACC,LGSPEC2;1.22556e-07
wimî;>;DEL;n;3,COND,POS,PST,SG,V;1.22555e-07
þîv;>;INS;inan;INDF,N,PL,ACC;1.22553e-07
aþû;n>;INS;nina;INDF,N,PL,ACC;1.22552e-07
<;tirsandin>;INS;ne;1,2,3,COND,NEG,PL,PRF,PST,V;1.2255e-07
<;bersîvandin>;INS;di;2,IND,POS,PRS,SG,V,IPFV;1.22549e-07
<bas;>;INS;eke;INDF,LGSPEC1,N,SG,ACC;1.22547e-07
izûz;>;INS;ek;INDF,N,NOM,SG;1.22545e-07
abid;>;INS;î;DEF,N,SG,LGSPEC2;1.22544e-07
iq;>;INS;eke;INDF,LGSPEC1,N,SG,ACC;1.22542e-07
erax;>;INS;inan;INDF,N,PL,ACC;1.2254e-07
lan;>;INS;a;1,2,3,COND,LGSPEC1,NEG,PL,PST,V,V.MSDR;1.22539e-07
huzi;>;INS;no;DEF,N,PL,VOC;1.22537e-07
v;>;INS;inan;INDF,N,PL,ACC;1.22536e-07
 : ji 3-4 tofan pêk tê;>;INS;o;DEF,N,SG,VOC;1.22533e-07
isî;n>;INS;bû;1,2,3,IND,NEG,PL,PRF,PST,V;1.22531e-07
kuta;n>;INS;ibû;1,2,3,COND,PL,POS,PRF,PST,V;1.2253e-07
hez;>;INS;eke;INDF,LGSPEC1,N,SG,ACC;1.22528e-07
êzk;n>;DEL;iri;1,2,3,IMP,PL,POS,PRS,SBJV,V;1.22527e-07
ewd;>;INS;ê;DEF,LGSPEC1,N,SG;1.22525e-07
yê;>;INS;inan;INDF,N,PL,ACC;1.22523e-07
ga;>;INS;o;DEF,N,SG,VOC;1.2252e-07
în;>;INS;e;1,2,3,IND,NEG,PL,PRF,PRS,V;1.22517e-07
m;>;INS;î;DEF,N,SG,LGSPEC2;1.22515e-07
et;>;DEL;an;1,POS,PRS,SBJV,SG,V;1.22515e-07
î;n>;INS;i;1,2,3,IND,PL,POS,PRF,PRS,V;1.22514e-07
efiq;>;INS;eke;INDF,LGSPEC1,N,SG,ACC;1.22512e-07
itilandin;>;INS;bûm;1,IND,POS,PRF,PST,SG,V;1.22511e-07
gep;>;INS;eke;INDF,LGSPEC1,N,SG,ACC;1.22509e-07
emîs;>;INS;î;DEF,N,SG,LGSPEC2;1.22508e-07
evz;>;INS;ên;DEF,LGSPEC1,N,PL,VOC;1.22506e-07
<çeprew;>;INS;inan;INDF,N,PL,ACC;1.22505e-07
rax;>;INS;ê;DEF,N,SG,VOC,ACC,LGSPEC2;1.22503e-07
r-þuþ;in>;DEL;t;1,2,3,IND,PL,POS,PRS,V,IPFV;1.22502e-07
tej;>;INS;î;DEF,N,SG,LGSPEC2;1.225e-07
g;>;INS;ên;DEF,LGSPEC1,N,PL,VOC;1.22498e-07
b;an>;INS;an;DEF,N,PL,ACC,LGSPEC2;1.22497e-07
x;>;INS;ê;DEF,N,SG,VOC,ACC,LGSPEC2;1.22495e-07
iy;an>;INS;aibûm;1,COND,NEG,PRF,PST,SG,V;1.22494e-07
n;>;INS;bûma;1,COND,POS,PRF,PST,SG,V;1.22492e-07
xir;>;DEL;în;1,IND,POS,PRS,SG,V,IPFV;1.2249e-07
r;>;DEL;în;1,IND,POS,PRS,SG,V,IPFV;1.22489e-07
bab;>;INS;an;DEF,N,PL,ACC,LGSPEC2;1.22487e-07
j;>;INS;î;DEF,N,SG,LGSPEC2;1.22486e-07
lîn;>;INS;bûma;1,COND,POS,PRF,PST,SG,V;1.22484e-07
mirandin;>;INS;bûya;2,3,COND,POS,PRF,PST,SG,V;1.22483e-07
iri;>;DEL;n;2,3,COND,NEG,PST,SG,V;1.22481e-07
<elo-el;o>;INS;on;DEF,N,PL,VOC;1.2248e-07
erpilîn;>;INS;m;1,NEG,PRS,SBJV,SG,V;1.22477e-07
hel-bijar;>;DEL;tin;2,NEG,PRS,SBJV,SG,V;1.22473e-07
<;fikirîn>;INS;bi;1,2,3,COND,PL,POS,PRF,PST,V;1.2247e-07
<;hirþiyan>;INS;bi;1,2,3,COND,PL,POS,PST,V;1.22467e-07
i;>;INS;ên;DEF,LGSPEC1,N,PL,VOC;1.22466e-07
<ra-westa;n>;INS;i;1,2,3,IND,PFV,PL,POS,PST,V;1.22464e-07
<hil-weþ;în>;INS;îy;2,IND,PFV,POS,PST,SG,V;1.22461e-07
e-kiþîn;>;INS;î;2,IND,POS,PST,SG,V,PROG;1.22458e-07
ez;>;INS;eke;INDF,LGSPEC1,N,SG,ACC;1.22456e-07
rasterê;>;INS;eke;INDF,LGSPEC1,N,SG,ACC;1.22455e-07
<armanc;>;INS;no;DEF,N,PL,VOC;1.22452e-07
rakiri;>;DEL;n;1,COND,POS,PST,SG,V;1.22448e-07
nd biî;>;INS;ek;INDF,N,NOM,SG;1.22445e-07
vizîn;>;INS;ime;1,IND,POS,PRF,PRS,SG,V;1.22442e-07
n;>;INS;yî;2,IND,NEG,PFV,PST,SG,V,V.PTCP;1.22439e-07
j;>;INS;ê;DEF,LGSPEC1,N,SG,VOC,ACC,LGSPEC2;1.22436e-07
q;>;INS;î;DEF,N,SG,LGSPEC2;1.22433e-07
<welîehd;>;INS;inan;INDF,N,PL,ACC;1.2243e-07
ufulîn;>;INS;a;LGSPEC1,V,V.MSDR;1.22427e-07
<;xwestin>;INS;ne;3,IMP,NEG,PRS,SBJV,SG,V;1.22423e-07
x;>;INS;inan;INDF,N,PL,ACC;1.2242e-07
din;>;INS;m;1,POS,PRS,SBJV,SG,V;1.22417e-07
rio;>;INS;ine;INDF,LGSPEC1,N,PL;1.22414e-07
yitandi;>;DEL;n;2,COND,NEG,PST,SG,V;1.22411e-07
s;>;INS;eke;INDF,LGSPEC1,N,SG,ACC;1.22408e-07
d;>;INS;î;DEF,N,SG,LGSPEC2;1.22405e-07
di;n>;INS;xwî;3,IND,POS,PRS,SG,V,IPFV;1.22402e-07
þûlikî;>;DEL;n;1,IND,NEG,PFV,PST,SG,V;1.22398e-07
ra;>;DEL;n;2,COND,POS,PRF,PST,SG,V;1.22398e-07
êþgirk;>;INS;ê;DEF,N,SG,VOC,ACC,LGSPEC2;1.22395e-07
i;n>;INS;bû;1,2,3,COND,PL,POS,PRF,PST,V;1.22395e-07
d;in>;INS;in;INDF,N,NOM,PL;1.22392e-07
fîn;>;INS;bûma;1,COND,NEG,PRF,PST,SG,V;1.22389e-07
rd;n>;DEL;andi;1,POS,PRS,SBJV,SG,V;1.22386e-07
imî;>;DEL;n;3,COND,POS,PST,SG,V;1.22383e-07
o;>;INS;ine;INDF,LGSPEC1,N,PL;1.2238e-07
çeprew;>;INS;inan;INDF,N,PL,ACC;1.22377e-07
boyinbax;>;INS;eke;INDF,LGSPEC1,N,SG,ACC;1.22373e-07
i;>;DEL;n;3,IND,NEG,PST,SG,V,PROG;1.2237e-07
tilandin;>;INS;bûm;1,IND,POS,PRF,PST,SG,V;1.22367e-07
g;>;INS;a;DEF,LGSPEC1,N,SG;1.22367e-07
<felah;>;INS;ine;INDF,LGSPEC1,N,PL;1.22364e-07
m;>;INS;in;INDF,N,NOM,PL;1.22364e-07
-þuþ;in>;DEL;t;1,2,3,IND,PL,POS,PRS,V,IPFV;1.22361e-07
d;>;INS;eke;INDF,LGSPEC1,N,SG,ACC;1.22361e-07
ra-westa;n>;INS;i;1,2,3,IND,PFV,PL,POS,PST,V;1.22358e-07
m;>;INS;ên;DEF,LGSPEC1,N,PL,VOC;1.22358e-07
îrozname;>;INS;î;DEF,N,SG,LGSPEC2;1.22355e-07
a;>;INS;ek;INDF,N,NOM,SG;1.22355e-07
izîn;>;INS;ime;1,IND,POS,PRF,PRS,SG,V;1.22351e-07
i;>;INS;no;DEF,N,PL,VOC;1.22351e-07
kiri;>;DEL;n;1,COND,POS,PST,SG,V;1.22348e-07
i;>;DEL;n;2,IND,POS,PRF,PST,SG,V;1.22348e-07
þû;n>;INS;nina;INDF,N,PL,ACC;1.22345e-07
n;>;INS;im;1,NEG,PRS,SBJV,SG,V;1.22342e-07
el-bijar;>;DEL;tin;2,NEG,PRS,SBJV,SG,V;1.22342e-07
în;>;INS;bûma;1,COND,NEG,PRF,PST,SG,V;1.22339e-07
berba;>;INS;eke;INDF,LGSPEC1,N,SG,ACC;1.22337e-07
hil-weþ;în>;INS;îy;2,IND,PFV,POS,PST,SG,V;1.22336e-07
irnap;>;INS;ekî;INDF,LGSPEC1,N,SG,ACC;1.22334e-07
irandin;>;INS;bûya;2,3,COND,POS,PRF,PST,SG,V;1.22333e-07
jarti;>;DEL;n;2,IND,NEG,PFV,PST,SG,V,V.PTCP;1.22331e-07
hil-weþ;>;DEL;în;3,IND,POS,PRS,SG,V,IPFV;1.2233e-07
asterê;>;INS;eke;INDF,LGSPEC1,N,SG,ACC;1.22327e-07
din;>;INS;e;3,IMP,NEG,PRS,SBJV,SG,V;1.22323e-07
uta;n>;INS;ibû;1,2,3,COND,PL,POS,PRF,PST,V;1.2232e-07
<hesibandin;>;INS;yî;2,IND,POS,PST,SG,V,PROG;1.22317e-07
ndi;>;DEL;n;2,3,COND,NEG,PRF,PST,SG,V;1.22317e-07
q;>;INS;eke;INDF,LGSPEC1,N,SG,ACC;1.22314e-07
mîs;>;INS;î;DEF,N,SG,LGSPEC2;1.22311e-07
<ev;>;INS;ek;INDF,N,NOM,SG;1.22308e-07
qeliþî;n>;INS;i;1,2,3,IMP,PL,POS,PRS,SBJV,V;1.22305e-07
mideris;>;INS;an;DEF,N,PL,ACC,LGSPEC2;1.22302e-07
n;>;INS;bûya;2,3,COND,POS,PRF,PST,SG,V;1.22298e-07
welîehd;>;INS;inan;INDF,N,PL,ACC;1.22295e-07
an;>;INS;a;1,2,3,COND,LGSPEC1,NEG,PL,PST,V,V.MSDR;1.22292e-07
armanc;>;INS;no;DEF,N,PL,VOC;1.22289e-07
i;>;DEL;n;1,COND,POS,PST,SG,V;1.22286e-07
f;>;INS;an;DEF,N,PL,ACC,LGSPEC2;1.22283e-07
hevþiyê berê spêdê;>;INS;ine;INDF,LGSPEC1,N,PL;1.2228e-07
pirsa;>;DEL;n;2,IND,PFV,POS,PST,SG,V,V.PTCP;1.22277e-07
xwestin;>;INS;azî;2,IND,NEG,PRS,SG,V,IPFV;1.22276e-07
ir;n>;DEL;î;1,2,3,IND,NEG,PL,PRS,V,IPFV;1.22273e-07
<fûrîn;>;INS;m;1,IND,POS,PRS,SG,V,IPFV;1.2227e-07
keþtiya rêberiyê;>;INS;in;INDF,N,NOM,PL;1.22267e-07
ûlikî;>;DEL;n;1,IND,NEG,PFV,PST,SG,V;1.22264e-07
il-weþ;în>;INS;îy;2,IND,PFV,POS,PST,SG,V;1.22261e-07
 bîr kirin;>;INS;a;LGSPEC1,NEG,V,V.MSDR;1.22258e-07
ilandin;>;INS;bûm;1,IND,POS,PRF,PST,SG,V;1.22255e-07
<kelxw;î>;INS;îek;INDF,LGSPEC1,N,SG,ACC;1.22252e-07
<komrig;>;INS;an;DEF,N,PL,ACC,LGSPEC2;1.22252e-07
ti;>;DEL;n;2,IND,NEG,PFV,PST,SG,V,V.PTCP;1.22249e-07
ijartin;>;INS;yî;2,IND,NEG,PFV,PST,SG,V,V.PTCP;1.22249e-07
felah;>;INS;ine;INDF,LGSPEC1,N,PL;1.22248e-07
<reqisî;n>;INS;bû;1,2,3,IND,NEG,PL,PRF,PST,V;1.22246e-07
oyinbax;>;INS;eke;INDF,LGSPEC1,N,SG,ACC;1.22245e-07
rozname;>;INS;î;DEF,N,SG,LGSPEC2;1.22242e-07
erdîb;an>;INS;an;DEF,N,PL,ACC,LGSPEC2;1.22239e-07
<;teqîn>;INS;di;1,2,3,IND,PL,POS,PRS,V,IPFV;1.22239e-07
hûrandin;>;INS;im;1,POS,PRS,SBJV,SG,V;1.22236e-07
<;reyan>;INS;di;2,IND,POS,PRS,SG,V,IPFV;1.22236e-07
f;n>;DEL;î;1,2,3,IMP,NEG,PL,PRS,SBJV,V;1.22233e-07
<;beriqîn>;INS;ne;1,COND,NEG,PL,PRF,PST,V;1.22231e-07
î;n>;INS;ibû;1,2,3,IND,PL,POS,PRF,PST,V;1.2223e-07
<;simsimîn>;INS;nedi;1,2,3,IND,NEG,PL,PST,V,PROG;1.2223e-07
<;buhirîn>;INS;na;3,IND,NEG,PRS,SG,V,IPFV;1.22228e-07
eprew;>;INS;inan;INDF,N,PL,ACC;1.22227e-07
<mitefiq;>;INS;eke;INDF,LGSPEC1,N,SG,ACC;1.22224e-07
kê;>;INS;an;DEF,N,PL,ACC,LGSPEC2;1.22223e-07
oja qiyametê;>;INS;ine;INDF,LGSPEC1,N,PL;1.22221e-07
lo-el;o>;INS;on;DEF,N,PL,VOC;1.2222e-07
<mêtro;>;INS;ê;DEF,N,SG,VOC,ACC,LGSPEC2;1.22218e-07
<dîtin;>;INS;abînim;1,IND,NEG,PRS,SG,V,IPFV;1.22217e-07
ohilat;>;INS;î;DEF,N,SG,LGSPEC2;1.22215e-07
il-weþ;>;DEL;în;3,IND,POS,PRS,SG,V,IPFV;1.22214e-07
d;n>;DEL;andi;1,POS,PRS,SBJV,SG,V;1.22211e-07
sterê;>;INS;eke;INDF,LGSPEC1,N,SG,ACC;1.22208e-07
<;da-gerandin>;INS;bi;1,COND,POS,PRF,PST,SG,V;1.22206e-07
<;lê-xistin>;INS;ne;2,NEG,PRS,SBJV,SG,V;1.22206e-07
<hey;n>;DEL;î;1,2,3,IMP,PL,POS,PRS,SBJV,V;1.22205e-07
-mezra;>;DEL;n;2,COND,POS,PRF,PST,SG,V;1.22203e-07
<hejiy;an>;INS;aibûm;1,COND,NEG,PRF,PST,SG,V;1.22202e-07
behr;e>;INS;ein;INDF,LGSPEC1,N,PL;1.22202e-07
xisti;n>;INS;bû;1,2,3,COND,PL,POS,PRF,PST,V;1.222e-07
qiyametê;>;INS;ine;INDF,LGSPEC1,N,PL;1.22199e-07
i 3-4 tofan pêk tê;>;INS;o;DEF,N,SG,VOC;1.22198e-07
<;ber-ketin>;INS;ne;2,IND,NEG,PRF,PST,SG,V;1.22197e-07
ilgirti;>;DEL;n;3,IND,NEG,PRF,PST,SG,V;1.22196e-07
<;ve-ciniqîn>;INS;bi;3,COND,POS,PST,SG,V;1.22195e-07
<zarî;>;DEL;n;2,IND,PFV,POS,PST,SG,V,V.PTCP;1.22192e-07
ti;n>;INS;bû;1,2,3,COND,PL,POS,PRF,PST,V;1.2219e-07
pilîn;>;INS;m;1,NEG,PRS,SBJV,SG,V;1.22189e-07
zra;>;DEL;n;2,COND,POS,PRF,PST,SG,V;1.22187e-07
<;sebr kirin>;INS;di;3,IND,POS,PRS,SG,V,IPFV;1.22186e-07
þaq;>;INS;inan;INDF,N,PL,ACC;1.22184e-07
eþtiya rêberiyê;>;INS;in;INDF,N,NOM,PL;1.22183e-07
oþ;k>;INS;ke;INDF,N,NOM,SG;1.22181e-07
n cinsî yên îj;nan>;INS;na;DEF,N,PL,ACC,LGSPEC2;1.2218e-07
parvulario;>;INS;ine;INDF,LGSPEC1,N,PL;1.22178e-07
ûz;>;INS;ek;INDF,N,NOM,SG;1.22177e-07
mashuzi;>;INS;no;DEF,N,PL,VOC;1.22175e-07
il û caw;>;INS;ên;DEF,LGSPEC1,N,PL,VOC;1.22174e-07
<;sûstin>;INS;ne;1,IND,NEG,PRF,PRS,SG,V;1.22172e-07
elîehd;>;INS;inan;INDF,N,PL,ACC;1.2217e-07
eferan pêk tê.;>;INS;inan;INDF,N,PL,ACC;1.22169e-07
rovhez;>;INS;eke;INDF,LGSPEC1,N,SG,ACC;1.22168e-07
in;>;INS;e;3,IMP,NEG,PRS,SBJV,SG,V;1.22167e-07
<paþîv;>;INS;inan;INDF,N,PL,ACC;1.22165e-07
ev;>;INS;ek;INDF,N,NOM,SG;1.22164e-07
timandi;>;DEL;n;2,IND,NEG,PRF,PST,SG,V;1.22163e-07
fûrîn;>;INS;m;1,IND,POS,PRS,SG,V,IPFV;1.22161e-07
imþaq;>;INS;inan;INDF,N,PL,ACC;1.2216e-07
orê kêlekê;>;INS;an;DEF,N,PL,ACC,LGSPEC2;1.22159e-07
reqis;>;DEL;în;3,IMP,POS,PRS,SBJV,SG,V;1.22158e-07
t;e>;INS;eek;INDF,LGSPEC1,N,SG,ACC;1.22156e-07
k;n>;DEL;iri;1,2,3,IMP,PL,POS,PRS,SBJV,V;1.22155e-07
hskiri;>;DEL;n;2,3,COND,NEG,PST,SG,V;1.22153e-07
îs;>;INS;î;DEF,N,SG,LGSPEC2;1.22152e-07
ehenem;>;INS;î;DEF,N,SG,LGSPEC2;1.22151e-07
<aprax;>;INS;ê;DEF,N,SG,VOC,ACC,LGSPEC2;1.2215e-07
zîn;>;INS;ime;1,IND,POS,PRF,PRS,SG,V;1.22149e-07
-m;n>;DEL;a;1,2,3,IMP,NEG,PL,PRS,SBJV,V;1.22148e-07
<kebab;>;INS;an;DEF,N,PL,ACC,LGSPEC2;1.22147e-07
ta;n>;INS;ibû;1,2,3,COND,PL,POS,PRF,PST,V;1.22145e-07
sîn;>;INS;ê;V,V.MSDR,ACC;1.22144e-07
uxulîn;>;INS;bûma;1,COND,POS,PRF,PST,SG,V;1.22144e-07
iri;>;DEL;n;1,COND,POS,PST,SG,V;1.22142e-07
<ve-texir;>;DEL;în;1,IND,POS,PRS,SG,V,IPFV;1.22141e-07
<;razan>;INS;ne;1,2,3,IND,NEG,PL,PRF,PST,V;1.22141e-07
irsa;>;DEL;n;2,IND,PFV,POS,PST,SG,V,V.PTCP;1.22139e-07
mêw;>;INS;ine;INDF,LGSPEC1,N,PL;1.22138e-07
w;>;INS;ine;INDF,LGSPEC1,N,PL;1.22138e-07
tandi;>;DEL;n;2,COND,NEG,PST,SG,V;1.22136e-07
ind;>;INS;ine;INDF,LGSPEC1,N,PL;1.22135e-07
mêtro;>;INS;ê;DEF,N,SG,VOC,ACC,LGSPEC2;1.22134e-07
<pij;n>;DEL;andi;2,POS,PRS,SBJV,SG,V;1.22133e-07
erûze;>;INS;ekî;INDF,LGSPEC1,N,SG,ACC;1.22132e-07
ikrikîn;>;INS;im;1,IND,NEG,PST,SG,V,PROG;1.22131e-07
bîr kirin;>;INS;a;LGSPEC1,NEG,V,V.MSDR;1.2213e-07
êlît;e>;INS;eek;INDF,LGSPEC1,N,SG,ACC;1.22129e-07
-;>;INS;a;DEF,LGSPEC1,N,SG;1.22128e-07
iroþgeh;>;INS;inan;INDF,N,PL,ACC;1.22127e-07
erd;an>;INS;an;DEF,N,PL,ACC,LGSPEC2;1.22126e-07
andi;>;DEL;n;2,IND,NEG,PRF,PST,SG,V;1.22125e-07
-westa;n>;INS;i;1,2,3,IND,PFV,PL,POS,PST,V;1.22124e-07
ri;yan>;INS;yaibû;2,3,COND,NEG,PRF,PST,SG,V;1.22123e-07
þepî;>;DEL;n;2,3,COND,POS,PRF,PST,SG,V;1.22122e-07
-pîvan;>;INS;im;1,POS,PRS,SBJV,SG,V;1.2212e-07
tin;>;INS;a;1,2,3,COND,NEG,PL,PST,V;1.2212e-07
jartin;>;INS;yî;2,IND,NEG,PFV,PST,SG,V,V.PTCP;1.22119e-07
esibandin;>;INS;yî;2,IND,POS,PST,SG,V,PROG;1.22117e-07
<mirovhez;>;INS;eke;INDF,LGSPEC1,N,SG,ACC;1.22117e-07
<þefîq;>;INS;î;DEF,N,SG,LGSPEC2;1.22116e-07
ulîn;>;INS;a;LGSPEC1,V,V.MSDR;1.22114e-07
ze-;>;INS;a;DEF,LGSPEC1,N,SG;1.22114e-07
rdîb;an>;INS;an;DEF,N,PL,ACC,LGSPEC2;1.22113e-07
piþa;>;DEL;ftin;2,POS,PRS,SBJV,SG,V;1.22111e-07
v;>;INS;ek;INDF,N,NOM,SG;1.22111e-07
krikîn;>;INS;im;1,IND,NEG,PST,SG,V,PROG;1.2211e-07
vþiyê berê spêdê;>;INS;ine;INDF,LGSPEC1,N,PL;1.22108e-07
p;>;INS;ên;DEF,LGSPEC1,N,PL,VOC;1.22107e-07
ovhez;>;INS;eke;INDF,LGSPEC1,N,SG,ACC;1.22107e-07
çarþem;>;INS;ê;DEF,N,SG,VOC,ACC,LGSPEC2;1.22105e-07
z;>;INS;an;DEF,N,PL,ACC,LGSPEC2;1.22104e-07
ûrandin;>;INS;im;1,POS,PRS,SBJV,SG,V;1.22104e-07
<;pejirandin>;INS;ne;2,COND,NEG,PST,SG,V;1.22102e-07
n;>;INS;m;1,NEG,PRS,SBJV,SG,V;1.22101e-07
ikandi;>;DEL;n;2,3,COND,NEG,PRF,PST,SG,V;1.22099e-07
ideris;>;INS;an;DEF,N,PL,ACC,LGSPEC2;1.22099e-07
n;>;INS;ê;NEG,V,V.MSDR,ACC;1.22098e-07
mitefiq;>;INS;eke;INDF,LGSPEC1,N,SG,ACC;1.22097e-07
-bijar;>;DEL;tin;2,NEG,PRS,SBJV,SG,V;1.22096e-07
î;>;DEL;n;2,3,IND,NEG,PRF,PRS,SG,V;1.22095e-07
leb;>;INS;î;DEF,N,SG,LGSPEC2;1.22094e-07
þepî;>;DEL;n;2,IND,NEG,PRS,SG,V,IPFV;1.22093e-07
landin;>;INS;bûm;1,IND,POS,PRF,PST,SG,V;1.22092e-07
b;>;INS;an;DEF,N,PL,ACC,LGSPEC2;1.22092e-07
nem;>;INS;î;DEF,N,SG,LGSPEC2;1.22091e-07
komrig;>;INS;an;DEF,N,PL,ACC,LGSPEC2;1.22089e-07
n;>;INS;e;1,2,3,IND,PL,POS,PRF,PRS,V;1.22089e-07
kî;>;DEL;n;2,3,IND,NEG,PRF,PRS,SG,V;1.22088e-07
yinbax;>;INS;eke;INDF,LGSPEC1,N,SG,ACC;1.22086e-07
ex;>;INS;ine;INDF,LGSPEC1,N,PL;1.22086e-07
ze;>;INS;ekî;INDF,LGSPEC1,N,SG,ACC;1.22085e-07
ozname;>;INS;î;DEF,N,SG,LGSPEC2;1.22083e-07
l;>;INS;o;DEF,N,SG,VOC;1.22083e-07
hilat;>;INS;î;DEF,N,SG,LGSPEC2;1.22082e-07
<ma;n>;INS;bû;1,2,3,IND,PL,POS,PRF,PST,V;1.2208e-07
<;ve-ciniqîn>;INS;di;1,2,3,IND,PL,POS,PST,V,PROG;1.2208e-07
 3-4 tofan pêk tê;>;INS;o;DEF,N,SG,VOC;1.22077e-07
a;>;INS;o;DEF,N,SG,VOC;1.22077e-07
l-weþ;în>;INS;îy;2,IND,PFV,POS,PST,SG,V;1.22074e-07
v;>;INS;ine;INDF,LGSPEC1,N,PL;1.22074e-07
guhar;în>;INS;îy;2,IND,POS,PST,SG,V,PROG;1.22071e-07
andi;>;DEL;n;1,COND,NEG,PRF,PST,SG,V;1.22071e-07
c;>;INS;ê;DEF,N,SG,VOC,ACC,LGSPEC2;1.22069e-07
<;wer-gerandin>;INS;ne;1,NEG,PRS,SBJV,SG,V;1.22067e-07
l û caw;>;INS;ên;DEF,LGSPEC1,N,PL,VOC;1.22067e-07
<wêr;în>;INS;îbay;2,COND,NEG,PRF,PST,SG,V;1.22064e-07
et;>;INS;inan;INDF,N,PL,ACC;1.22064e-07
ndin;>;INS;bûya;2,3,COND,POS,PRF,PST,SG,V;1.22061e-07
ac;>;INS;ek;INDF,N,NOM,SG;1.22061e-07
r;în>;INS;îbay;2,COND,NEG,PRF,PST,SG,V;1.2206e-07
rî;n>;INS;iû;1,COND,NEG,PL,PRF,PST,V;1.22058e-07
deris;>;INS;an;DEF,N,PL,ACC,LGSPEC2;1.22058e-07
î;>;DEL;n;2,IND,NEG,PRF,PRS,SG,V;1.22057e-07
cih;>;INS;ên;DEF,LGSPEC1,N,PL,VOC;1.22055e-07
ji bîr ki;>;DEL;rin;1,IND,NEG,PRS,SG,V,IPFV;1.22055e-07
v;>;INS;ê;DEF,LGSPEC1,N,SG,VOC,ACC,LGSPEC2;1.22054e-07
<beiti;>;INS;ên;DEF,LGSPEC1,N,PL,VOC;1.22052e-07
ndin;>;INS;yî;2,IND,POS,PST,SG,V,PROG;1.22052e-07
-bijartin;>;INS;yî;2,IND,NEG,PFV,PST,SG,V,V.PTCP;1.22049e-07
zarî;>;DEL;n;2,IND,PFV,POS,PST,SG,V,V.PTCP;1.22049e-07
iti;>;INS;ên;DEF,LGSPEC1,N,PL,VOC;1.22048e-07
feran pêk tê.;>;INS;inan;INDF,N,PL,ACC;1.22046e-07
o-el;o>;INS;on;DEF,N,PL,VOC;1.22046e-07
<;tê-kirin>;INS;ne;2,3,IND,NEG,PRF,PRS,SG,V;1.22043e-07
elah;>;INS;ine;INDF,LGSPEC1,N,PL;1.22043e-07
îz;>;INS;ine;INDF,LGSPEC1,N,PL;1.22042e-07
isti;n>;INS;bû;1,2,3,COND,PL,POS,PRF,PST,V;1.2204e-07
prew;>;INS;inan;INDF,N,PL,ACC;1.22039e-07
"arût : carûd; xakendaz";>;INS;ê;DEF,LGSPEC1,N,SG,VOC,ACC,LGSPEC2;1.22037e-07
girk;>;INS;ê;DEF,N,SG,VOC,ACC,LGSPEC2;1.22036e-07
rd;an>;INS;an;DEF,N,PL,ACC,LGSPEC2;1.22034e-07
uþ;in>;DEL;t;1,2,3,IND,PL,POS,PRS,V,IPFV;1.22033e-07
ih;>;INS;ên;DEF,LGSPEC1,N,PL,VOC;1.22031e-07
iþîn;>;INS;î;2,IND,POS,PST,SG,V,PROG;1.2203e-07
þû;>;INS;ek;INDF,N,NOM,SG;1.22027e-07
hey;n>;DEL;î;1,2,3,IMP,PL,POS,PRS,SBJV,V;1.22027e-07
a-hûrandin;>;INS;im;1,POS,PRS,SBJV,SG,V;1.22024e-07
dîtin;>;INS;abînim;1,IND,NEG,PRS,SG,V,IPFV;1.22024e-07
ûsî;>;DEL;n;2,IND,NEG,PRF,PRS,SG,V;1.22021e-07
liþî;n>;INS;i;1,2,3,IMP,PL,POS,PRS,SBJV,V;1.22021e-07
b;>;INS;î;DEF,N,SG,LGSPEC2;1.2202e-07
qîroþ;k>;INS;ke;INDF,N,NOM,SG;1.22018e-07
<;ve-gevizîn>;INS;ne;2,IND,NEG,PFV,PST,SG,V,V.PTCP;1.22018e-07
kev;>;INS;ê;DEF,LGSPEC1,N,SG,VOC,ACC,LGSPEC2;1.22015e-07
pij;n>;DEL;andi;2,POS,PRS,SBJV,SG,V;1.22014e-07
i;>;DEL;n;2,IND,NEG,PRF,PST,SG,V;1.22014e-07
<hilgirti;>;DEL;n;3,IND,NEG,PRF,PST,SG,V;1.22012e-07
n;>;INS;bûma;1,COND,NEG,PRF,PST,SG,V;1.22011e-07
zad;>;INS;an;DEF,N,PL,ACC,LGSPEC2;1.22009e-07
ilîn;>;INS;m;1,NEG,PRS,SBJV,SG,V;1.22008e-07
<;barandin>;INS;ne;2,COND,NEG,PRF,PST,SG,V;1.22006e-07
manc;>;INS;no;DEF,N,PL,VOC;1.22005e-07
rûze;>;INS;ekî;INDF,LGSPEC1,N,SG,ACC;1.22003e-07
<al;n>;DEL;andi;2,IND,NEG,PRS,SG,V,IPFV;1.22002e-07
saleb;>;INS;î;DEF,N,SG,LGSPEC2;1.22e-07
<lomb;>;INS;no;DEF,N,PL,VOC;1.21999e-07
henem;>;INS;î;DEF,N,SG,LGSPEC2;1.21997e-07
lîehd;>;INS;inan;INDF,N,PL,ACC;1.21996e-07
behskiri;>;DEL;n;2,3,COND,NEG,PST,SG,V;1.21994e-07
îr kirin;>;INS;a;LGSPEC1,NEG,V,V.MSDR;1.21993e-07
<rohilat;>;INS;î;DEF,N,SG,LGSPEC2;1.2199e-07
ehr;e>;INS;ein;INDF,LGSPEC1,N,PL;1.2199e-07
rikrikîn;>;INS;im;1,IND,NEG,PST,SG,V,PROG;1.21987e-07
ûrîn;>;INS;m;1,IND,POS,PRS,SG,V,IPFV;1.21986e-07
x;>;INS;ine;INDF,LGSPEC1,N,PL;1.21984e-07
<ten;eke>;INS;eke;INDF,LGSPEC1,N,SG,ACC;1.21983e-07
îz;>;INS;ê;DEF,N,SG,VOC,ACC,LGSPEC2;1.21981e-07
<;hel-bijartin>;INS;ne;1,2,3,COND,NEG,PL,PST,V;1.2198e-07
<;kutan>;INS;ne;1,2,3,COND,LGSPEC1,NEG,PL,PST,V,V.MSDR;1.21978e-07
î;>;DEL;n;3,COND,POS,PST,SG,V;1.21977e-07
eran pêk tê.;>;INS;inan;INDF,N,PL,ACC;1.21975e-07
bijar;>;DEL;tin;2,NEG,PRS,SBJV,SG,V;1.21974e-07
lît;e>;INS;eek;INDF,LGSPEC1,N,SG,ACC;1.21972e-07
<;xitimandin>;INS;ne;2,COND,NEG,PRF,PST,SG,V;1.21972e-07
iya rêberiyê;>;INS;in;INDF,N,NOM,PL;1.21971e-07
i;yan>;INS;yaibû;2,3,COND,NEG,PRF,PST,SG,V;1.21969e-07
aþer : roja qiyametê;>;INS;ine;INDF,LGSPEC1,N,PL;1.21969e-07
<behsk;in>;DEL;ir;1,2,3,IND,PL,POS,PRS,V,IPFV;1.21968e-07
mþaq;>;INS;inan;INDF,N,PL,ACC;1.21966e-07
-weþ;în>;INS;îy;2,IND,PFV,POS,PST,SG,V;1.21965e-07
feqîroþ;k>;INS;ke;INDF,N,NOM,SG;1.21963e-07
ngorê kêlekê;>;INS;an;DEF,N,PL,ACC,LGSPEC2;1.21963e-07
uhar;în>;INS;îy;2,IND,POS,PST,SG,V,PROG;1.21961e-07
<berd;an>;INS;an;DEF,N,PL,ACC,LGSPEC2;1.2196e-07
beiti;>;INS;ên;DEF,LGSPEC1,N,PL,VOC;1.2196e-07
<çews;n>;DEL;andi;3,IND,NEG,PRS,SG,V,IPFV;1.21958e-07
<feqîroþ;k>;INS;ke;INDF,N,NOM,SG;1.21957e-07
m;n>;DEL;a;1,2,3,IMP,NEG,PL,PRS,SBJV,V;1.21957e-07
<;vexwarin>;INS;bi;2,COND,POS,PST,SG,V;1.21955e-07
geh;>;INS;inan;INDF,N,PL,ACC;1.21954e-07
andin;>;INS;bûm;1,IND,POS,PRF,PST,SG,V;1.21952e-07
wêr;în>;INS;îbay;2,COND,NEG,PRF,PST,SG,V;1.2195e-07
i bîr ki;>;DEL;rin;1,IND,NEG,PRS,SG,V,IPFV;1.21949e-07
în;>;INS;ê;V,V.MSDR,ACC;1.21947e-07
<hil-weþ;>;DEL;în;3,IND,NEG,PRS,SG,V,IPFV;1.21946e-07
<nerdîb;an>;INS;an;DEF,N,PL,ACC,LGSPEC2;1.21944e-07
rsa;>;DEL;n;2,IND,PFV,POS,PST,SG,V,V.PTCP;1.21943e-07
nd;>;INS;ine;INDF,LGSPEC1,N,PL;1.21941e-07
ma;n>;INS;bû;1,2,3,IND,PL,POS,PRF,PST,V;1.2194e-07
þikev;>;INS;ê;DEF,LGSPEC1,N,SG,VOC,ACC,LGSPEC2;1.21938e-07
e-;>;INS;a;DEF,LGSPEC1,N,SG;1.21938e-07
arþem;>;INS;ê;DEF,N,SG,VOC,ACC,LGSPEC2;1.21937e-07
in;>;INS;î;2,NEG,PRS,SBJV,SG,V;1.21936e-07
<birc;>;INS;ê;DEF,N,SG,VOC,ACC,LGSPEC2;1.21935e-07
sti;n>;INS;bû;1,2,3,COND,PL,POS,PRF,PST,V;1.21935e-07
pîvan;>;INS;im;1,POS,PRS,SBJV,SG,V;1.21933e-07
êw;>;INS;ine;INDF,LGSPEC1,N,PL;1.21932e-07
inbax;>;INS;eke;INDF,LGSPEC1,N,SG,ACC;1.2193e-07
û;>;INS;ek;INDF,N,NOM,SG;1.21929e-07
<;hez kirin>;INS;ne;NEG,V,V.MSDR,ACC;1.21927e-07
hilgirti;>;DEL;n;3,IND,NEG,PRF,PST,SG,V;1.21926e-07
iþa;>;DEL;ftin;2,POS,PRS,SBJV,SG,V;1.21924e-07
mîzad;>;INS;an;DEF,N,PL,ACC,LGSPEC2;1.21923e-07
îroþ;k>;INS;ke;INDF,N,NOM,SG;1.21923e-07
zname;>;INS;î;DEF,N,SG,LGSPEC2;1.21921e-07
irûsî;>;DEL;n;2,IND,NEG,PRF,PRS,SG,V;1.2192e-07
ikî;>;DEL;n;2,3,IND,NEG,PRF,PRS,SG,V;1.2192e-07
<çakûç;>;INS;ê;DEF,LGSPEC1,N,SG,VOC,ACC,LGSPEC2;1.21918e-07
a-mezra;>;DEL;n;2,COND,POS,PRF,PST,SG,V;1.21917e-07
 qiyametê;>;INS;ine;INDF,LGSPEC1,N,PL;1.21917e-07
n;>;INS;e;3,IMP,NEG,PRS,SBJV,SG,V;1.21915e-07
þuxulîn;>;INS;bûma;1,COND,POS,PRF,PST,SG,V;1.21914e-07
lîn;>;INS;a;LGSPEC1,V,V.MSDR;1.21912e-07
e-texir;>;DEL;în;1,IND,POS,PRS,SG,V,IPFV;1.2191e-07
mirovdost;>;INS;î;DEF,N,SG,LGSPEC2;1.21909e-07
fex;>;INS;ine;INDF,LGSPEC1,N,PL;1.21908e-07
ehskiri;>;DEL;n;2,3,COND,NEG,PST,SG,V;1.21907e-07
ikî;>;DEL;n;1,IND,NEG,PFV,PST,SG,V;1.21905e-07
roja qiyametê;>;INS;ine;INDF,LGSPEC1,N,PL;1.21905e-07
mandi;>;DEL;n;2,IND,NEG,PRF,PST,SG,V;1.21904e-07
firoþxan;e>;INS;eek;INDF,LGSPEC1,N,SG,ACC;1.21902e-07
xerûze;>;INS;ekî;INDF,LGSPEC1,N,SG,ACC;1.21902e-07
rc;>;INS;ê;DEF,N,SG,VOC,ACC,LGSPEC2;1.21901e-07
a;n>;INS;ibû;1,2,3,COND,PL,POS,PRF,PST,V;1.21899e-07
berd;an>;INS;an;DEF,N,PL,ACC,LGSPEC2;1.21899e-07
ev;>;INS;ê;DEF,LGSPEC1,N,SG,VOC,ACC,LGSPEC2;1.21898e-07
<piyana avê;>;INS;î;DEF,N,SG,LGSPEC2;1.21896e-07
bêlît;e>;INS;eek;INDF,LGSPEC1,N,SG,ACC;1.21895e-07
<þepî;>;DEL;n;2,3,COND,POS,PRF,PST,SG,V;1.21895e-07
ojev;>;INS;ê;DEF,N,SG,VOC,ACC,LGSPEC2;1.21895e-07
 û caw;>;INS;ên;DEF,LGSPEC1,N,PL,VOC;1.21893e-07
sî;>;DEL;n;2,IND,NEG,PRF,PRS,SG,V;1.21892e-07
werimandi;>;DEL;n;3,IND,NEG,PST,SG,V,PROG;1.2189e-07
þer : roja qiyametê;>;INS;ine;INDF,LGSPEC1,N,PL;1.2189e-07
ad;>;INS;an;DEF,N,PL,ACC,LGSPEC2;1.21889e-07
þ;in>;DEL;t;1,2,3,IND,PL,POS,PRS,V,IPFV;1.21887e-07
enem;>;INS;î;DEF,N,SG,LGSPEC2;1.21886e-07
lah;>;INS;ine;INDF,LGSPEC1,N,PL;1.21884e-07
aleb;>;INS;î;DEF,N,SG,LGSPEC2;1.21883e-07
erê;>;INS;eke;INDF,LGSPEC1,N,SG,ACC;1.21881e-07
hr;e>;INS;ein;INDF,LGSPEC1,N,PL;1.21877e-07
ndaz;>;INS;ê;DEF,LGSPEC1,N,SG,VOC,ACC,LGSPEC2;1.21874e-07
e-m;n>;DEL;a;1,2,3,IMP,NEG,PL,PRS,SBJV,V;1.21874e-07
<pût;>;INS;ekî;INDF,LGSPEC1,N,SG,ACC;1.21871e-07
îsîn;>;INS;ê;V,V.MSDR,ACC;1.21871e-07
aq;>;INS;inan;INDF,N,PL,ACC;1.2187e-07
 10-11 neferan pêk tê.;>;INS;inan;INDF,N,PL,ACC;1.21868e-07
iþî;n>;INS;i;1,2,3,IMP,PL,POS,PRS,SBJV,V;1.21868e-07
eris;>;INS;an;DEF,N,PL,ACC,LGSPEC2;1.21865e-07
cehenem;>;INS;î;DEF,N,SG,LGSPEC2;1.21865e-07
qed;ndin>;DEL;a;1,2,3,IMP,NEG,PL,PRS,SBJV,V;1.21862e-07
a;>;INS;a;DEF,LGSPEC1,N,SG;1.21862e-07
îtin;>;INS;a;1,2,3,COND,NEG,PL,PST,V;1.21862e-07
ûze;>;INS;ekî;INDF,LGSPEC1,N,SG,ACC;1.21861e-07
<da-anî;>;DEL;n;1,IND,POS,PRF,PRS,SG,V;1.21859e-07
c;>;INS;a;DEF,LGSPEC1,N,SG;1.21859e-07
<mêw;>;INS;ine;INDF,LGSPEC1,N,PL;1.21859e-07
d;an>;INS;an;DEF,N,PL,ACC,LGSPEC2;1.21858e-07
sind;>;INS;ine;INDF,LGSPEC1,N,PL;1.21856e-07
a;>;INS;inan;INDF,N,PL,ACC;1.21856e-07
eiti;>;INS;ên;DEF,LGSPEC1,N,PL,VOC;1.21855e-07
10-11 neferan pêk tê.;>;INS;inan;INDF,N,PL,ACC;1.21853e-07
sk;in>;DEL;ir;1,2,3,IND,NEG,PL,PRS,V,IPFV;1.21853e-07
îtin;>;INS;abînim;1,IND,NEG,PRS,SG,V,IPFV;1.21853e-07
wcih;>;INS;ên;DEF,LGSPEC1,N,PL,VOC;1.2185e-07
i;>;DEL;n;1,COND,POS,PRF,PST,SG,V;1.21849e-07
êr;în>;INS;îbay;2,COND,NEG,PRF,PST,SG,V;1.21849e-07
x;>;INS;an;DEF,N,PL,ACC,LGSPEC2;1.21846e-07
n;n>;DEL;di;1,2,3,IMP,NEG,PL,PRS,SBJV,V;1.21844e-07
z;>;INS;a;DEF,LGSPEC1,N,SG;1.21843e-07
<;gevizandin>;INS;ne;3,IND,NEG,PRF,PST,SG,V;1.21841e-07
îþ;>;INS;a;DEF,LGSPEC1,N,SG;1.21841e-07
w;>;DEL;arin;2,NEG,PRS,SBJV,SG,V;1.2184e-07
n;>;INS;î;2,IND,PFV,POS,PST,SG,V,V.PTCP;1.2184e-07
w;>;INS;eke;INDF,LGSPEC1,N,SG,ACC;1.2184e-07
rnas;>;INS;î;DEF,N,SG,LGSPEC2;1.21838e-07
ri;>;DEL;n;1,IND,NEG,PST,SG,V,PROG;1.21838e-07
-el;o>;INS;on;DEF,N,PL,VOC;1.21837e-07
z;>;INS;ê;DEF,N,SG,VOC,ACC,LGSPEC2;1.21837e-07
tewcih;>;INS;ên;DEF,LGSPEC1,N,PL,VOC;1.21835e-07
rî;>;DEL;n;2,COND,NEG,PRF,PST,SG,V;1.21834e-07
ey;n>;DEL;î;1,2,3,IMP,PL,POS,PRS,SBJV,V;1.21834e-07
nam;e>;INS;eek;INDF,LGSPEC1,N,SG,ACC;1.21832e-07
êþû;>;INS;ek;INDF,N,NOM,SG;1.21831e-07
selb;>;INS;ên;DEF,LGSPEC1,N,PL,VOC;1.21831e-07
k;in>;DEL;ir;1,2,3,IND,NEG,PL,PRS,V,IPFV;1.21828e-07
-weþ;>;DEL;în;3,IND,POS,PRS,SG,V,IPFV;1.21828e-07
nivîsîn;>;INS;ê;V,V.MSDR,ACC;1.21826e-07
iþikî;>;DEL;n;2,3,IND,NEG,PRF,PRS,SG,V;1.21825e-07
i;>;DEL;n;1,IND,NEG,PRF,PRS,SG,V;1.21825e-07
înêþ;>;INS;ên;DEF,LGSPEC1,N,PL,VOC;1.21823e-07
<;gihistin>;INS;ne;1,IND,NEG,PFV,PST,SG,V;1.21821e-07
în;>;INS;ya;2,3,COND,NEG,PST,SG,V;1.21821e-07
ademîzad;>;INS;an;DEF,N,PL,ACC,LGSPEC2;1.2182e-07
þîn;>;INS;î;2,IND,POS,PST,SG,V,PROG;1.21818e-07
çews;n>;DEL;andi;3,IND,NEG,PRS,SG,V,IPFV;1.21815e-07
<;firiyan>;INS;ne;1,2,3,IMP,NEG,PL,PRS,SBJV,V;1.21814e-07
lomb;>;INS;no;DEF,N,PL,VOC;1.21812e-07
vaz;o>;INS;on;DEF,N,PL,VOC;1.21811e-07
rûsî;>;DEL;n;2,IND,NEG,PRF,PRS,SG,V;1.2181e-07
ten;eke>;INS;eke;INDF,LGSPEC1,N,SG,ACC;1.21809e-07
ayl;e>;INS;ein;INDF,LGSPEC1,N,PL;1.21807e-07
birc;>;INS;ê;DEF,N,SG,VOC,ACC,LGSPEC2;1.21807e-07
oþgeh;>;INS;inan;INDF,N,PL,ACC;1.21806e-07
cra;>;INS;eke;INDF,LGSPEC1,N,SG,ACC;1.21804e-07
anî;>;DEL;n;1,IND,POS,PRF,PRS,SG,V;1.21804e-07
n;>;INS;ime;1,IND,POS,PRF,PRS,SG,V;1.21803e-07
e;>;INS;ê;DEF,LGSPEC1,N,SG,VOC,ACC,LGSPEC2;1.21801e-07
dew;>;INS;eke;INDF,LGSPEC1,N,SG,ACC;1.218e-07
ibandin;>;INS;yî;2,IND,POS,PST,SG,V,PROG;1.218e-07
ehsk;in>;DEL;ir;1,2,3,IND,NEG,PL,PRS,V,IPFV;1.21798e-07
rîz;>;INS;ê;DEF,N,SG,VOC,ACC,LGSPEC2;1.21797e-07
behsk;in>;DEL;ir;1,2,3,IND,PL,POS,PRS,V,IPFV;1.21797e-07
m;>;INS;ek;INDF,N,NOM,SG;1.21795e-07
îzad;>;INS;an;DEF,N,PL,ACC,LGSPEC2;1.21794e-07
îehd;>;INS;inan;INDF,N,PL,ACC;1.21793e-07
a;>;INS;ine;INDF,LGSPEC1,N,PL;1.21792e-07
ikev;>;INS;ê;DEF,LGSPEC1,N,SG,VOC,ACC,LGSPEC2;1.21791e-07
h;>;INS;ên;DEF,LGSPEC1,N,PL,VOC;1.2179e-07
<;nivîsandin>;INS;ne;2,3,COND,NEG,PRF,PST,SG,V;1.2179e-07
uyan;>;INS;î;2,IND,POS,PRS,SG,V,IPFV;1.21789e-07
n;>;INS;ye;2,3,IND,NEG,PRF,PRS,SG,V;1.21788e-07
<;gir-girtin>;INS;ne;2,3,COND,NEG,PST,SG,V;1.21787e-07
<;niqutandin>;INS;bi;2,3,COND,POS,PST,SG,V;1.21786e-07
weþ;în>;INS;îy;2,IND,PFV,POS,PST,SG,V;1.21784e-07
d;ndin>;DEL;a;1,2,3,IMP,NEG,PL,PRS,SBJV,V;1.21783e-07
evþiyê hingorî ;>;INS;inan;INDF,N,PL,ACC;1.21783e-07
n;>;INS;î;2,IND,POS,PRS,SG,V,IPFV;1.21782e-07
spêd;e>;INS;eek;INDF,LGSPEC1,N,SG,ACC;1.21781e-07
<;razan>;INS;bi;1,2,3,COND,PL,POS,PRF,PST,V;1.2178e-07
ri;>;DEL;n;1,IND,NEG,PRF,PRS,SG,V;1.21778e-07
r-d;n>;DEL;a;1,2,3,IMP,NEG,PL,PRS,SBJV,V;1.21777e-07
ij;n>;DEL;andi;2,POS,PRS,SBJV,SG,V;1.21775e-07
<;ketin>;INS;di;1,2,3,IND,PL,POS,PST,V,PROG;1.21774e-07
x;n>;DEL;andi;3,IMP,NEG,PRS,SBJV,SG,V;1.21773e-07
ijar;>;DEL;tin;2,NEG,PRS,SBJV,SG,V;1.21772e-07
j;e>;INS;eek;INDF,LGSPEC1,N,SG,ACC;1.21771e-07
î;n>;INS;iû;1,COND,NEG,PL,PRF,PST,V;1.2177e-07
4 tofan pêk tê;>;INS;o;DEF,N,SG,VOC;1.21769e-07
 bû;>;DEL;n;1,IND,NEG,PFV,PST,SG,V;1.21768e-07
esta;n>;INS;i;1,2,3,IND,PFV,PL,POS,PST,V;1.21765e-07
<ra-xisti;n>;INS;bû;1,2,3,COND,PL,POS,PRF,PST,V;1.21765e-07
çakûç;>;INS;ê;DEF,LGSPEC1,N,SG,VOC,ACC,LGSPEC2;1.21762e-07
<;hejiyan>;INS;ne;1,COND,NEG,PRF,PST,SG,V;1.21762e-07
<b;ên>;INS;ên;DEF,LGSPEC1,N,PL,VOC;1.21759e-07
da-anî;>;DEL;n;1,IND,POS,PRF,PRS,SG,V;1.21759e-07
rîn;>;INS;m;1,IND,POS,PRS,SG,V,IPFV;1.21756e-07
<;hil-ketin>;INS;bi;2,COND,POS,PRF,PST,SG,V;1.21756e-07
al;n>;DEL;andi;2,IND,NEG,PRS,SG,V,IPFV;1.21753e-07
êj;e>;INS;eek;INDF,LGSPEC1,N,SG,ACC;1.21753e-07
pût;>;INS;ekî;INDF,LGSPEC1,N,SG,ACC;1.2175e-07
behsk;in>;DEL;ir;1,2,3,IND,NEG,PL,PRS,V,IPFV;1.21749e-07
<firaq;>;INS;an;DEF,N,PL,ACC,LGSPEC2;1.21748e-07
mrig;>;INS;an;DEF,N,PL,ACC,LGSPEC2;1.21747e-07
ra-xisti;n>;INS;bû;1,2,3,COND,PL,POS,PRF,PST,V;1.21746e-07
<;hesibandin>;INS;bi;1,COND,POS,PST,SG,V;1.21744e-07
<da-mezra;>;DEL;n;2,COND,POS,PRF,PST,SG,V;1.21743e-07
<perpitîn;>;INS;a;1,2,3,COND,PL,POS,PST,V;1.21741e-07
demîzad;>;INS;an;DEF,N,PL,ACC,LGSPEC2;1.2174e-07
-hiþtin;>;INS;yî;2,IND,NEG,PST,SG,V,PROG;1.21737e-07
yl;e>;INS;ein;INDF,LGSPEC1,N,PL;1.21737e-07
îvan;>;INS;im;1,POS,PRS,SBJV,SG,V;1.21734e-07
ivîsîn;>;INS;ê;V,V.MSDR,ACC;1.21734e-07
qarî;>;DEL;n;1,IND,PFV,POS,PST,SG,V;1.21731e-07
<;berdan>;INS;bi;1,COND,POS,PRF,PST,SG,V;1.21731e-07
<xw;>;DEL;arin;2,NEG,PRS,SBJV,SG,V;1.21728e-07
nsî yên îj;nan>;INS;na;DEF,N,PL,ACC,LGSPEC2;1.21728e-07
az;o>;INS;on;DEF,N,PL,VOC;1.21725e-07
<;xitimandin>;INS;bi;3,IMP,POS,PRS,SBJV,SG,V;1.21725e-07
<rêze-;>;INS;a;DEF,LGSPEC1,N,SG;1.21722e-07
ndin;>;INS;bûm;1,IND,POS,PRF,PST,SG,V;1.21722e-07
<borî;>;DEL;n;2,COND,NEG,PRF,PST,SG,V;1.21719e-07
rþem;>;INS;ê;DEF,N,SG,VOC,ACC,LGSPEC2;1.21719e-07
<rûx;n>;DEL;andi;3,IMP,NEG,PRS,SBJV,SG,V;1.21716e-07
<hêv;>;INS;ê;DEF,N,SG,VOC,ACC,LGSPEC2;1.21716e-07
nêþ;>;INS;ên;DEF,LGSPEC1,N,PL,VOC;1.21713e-07
<;çêrîn>;INS;ne;2,NEG,PRS,SBJV,SG,V;1.21713e-07
hsk;in>;DEL;ir;1,2,3,IND,NEG,PL,PRS,V,IPFV;1.2171e-07
irovdost;>;INS;î;DEF,N,SG,LGSPEC2;1.21709e-07
din;>;INS;ye;2,3,IND,NEG,PRF,PRS,SG,V;1.21707e-07
<werçerx;>;INS;a;DEF,LGSPEC1,N,SG;1.21706e-07
çay;>;INS;ên;DEF,LGSPEC1,N,PL,VOC;1.21704e-07
rizandin;>;INS;bûyî;2,IND,POS,PRF,PST,SG,V;1.21703e-07
rûx;n>;DEL;andi;3,IMP,NEG,PRS,SBJV,SG,V;1.21701e-07
name;>;INS;î;DEF,N,SG,LGSPEC2;1.217e-07
yan;>;INS;î;2,IND,POS,PRS,SG,V,IPFV;1.21698e-07
<îj;>;INS;no;DEF,N,PL,VOC;1.21697e-07
n;>;INS;ye;2,3,IND,POS,PRF,PRS,SG,V;1.21695e-07
sa;>;DEL;n;2,IND,PFV,POS,PST,SG,V,V.PTCP;1.21694e-07
11 neferan pêk tê.;>;INS;inan;INDF,N,PL,ACC;1.21691e-07
ra;>;INS;eke;INDF,LGSPEC1,N,SG,ACC;1.21688e-07
<;þuxulandin>;INS;ne;1,IND,NEG,PRF,PRS,SG,V;1.21685e-07
a-anî;>;DEL;n;1,IND,POS,PRF,PRS,SG,V;1.21682e-07
<borî;n>;INS;iû;1,COND,NEG,PL,PRF,PST,V;1.21679e-07
<krîz;>;INS;ê;DEF,N,SG,VOC,ACC,LGSPEC2;1.21676e-07
borî;n>;INS;iû;1,COND,NEG,PL,PRF,PST,V;1.21673e-07
a-xisti;n>;INS;bû;1,2,3,COND,PL,POS,PRF,PST,V;1.2167e-07
<giri;yan>;INS;yaibû;2,3,COND,NEG,PRF,PST,SG,V;1.21667e-07
oþ;>;INS;ê;DEF,N,SG,VOC,ACC,LGSPEC2;1.21664e-07
om;e>;INS;eek;INDF,LGSPEC1,N,SG,ACC;1.21663e-07
în;>;INS;ye;2,3,IND,POS,PRF,PRS,SG,V;1.21661e-07
çirûsî;>;DEL;n;2,IND,NEG,PRF,PRS,SG,V;1.21658e-07
emîzad;>;INS;an;DEF,N,PL,ACC,LGSPEC2;1.21655e-07
ve-m;n>;DEL;a;1,2,3,IMP,NEG,PL,PRS,SBJV,V;1.21652e-07
<;likumîn>;INS;ne;2,3,IND,NEG,PFV,PRS,PST,SBJV,SG,V,V.PTCP;1.21649e-07
<;qediyan>;INS;di;2,IND,POS,PRS,SG,V,IPFV;1.21646e-07
<xiþikî;>;DEL;n;2,3,IND,NEG,PRF,PRS,SG,V;1.21643e-07
da-mezra;>;DEL;n;2,COND,POS,PRF,PST,SG,V;1.2164e-07
giri;yan>;INS;yaibû;2,3,COND,NEG,PRF,PST,SG,V;1.21637e-07
rêze-;>;INS;a;DEF,LGSPEC1,N,SG;1.21634e-07
borî;>;DEL;n;2,COND,NEG,PRF,PST,SG,V;1.2163e-07
pêþû;>;INS;ek;INDF,N,NOM,SG;1.21627e-07
dîtin;>;INS;a;1,2,3,COND,NEG,PL,PST,V;1.21624e-07
<;guh dan>;INS;ne;1,NEG,PRS,SBJV,SG,V;1.21621e-07
as;>;INS;î;DEF,N,SG,LGSPEC2;1.21618e-07
xw;>;DEL;arin;2,NEG,PRS,SBJV,SG,V;1.21615e-07
z;o>;INS;on;DEF,N,PL,VOC;1.21612e-07
êþ;>;INS;ên;DEF,LGSPEC1,N,PL,VOC;1.21609e-07
ay;>;INS;ên;DEF,LGSPEC1,N,PL,VOC;1.21606e-07
ewcih;>;INS;ên;DEF,LGSPEC1,N,PL,VOC;1.216e-07
l;e>;INS;ein;INDF,LGSPEC1,N,PL;1.21597e-07
an;>;INS;î;2,IND,POS,PRS,SG,V,IPFV;1.21585e-07
<fex;>;INS;ine;INDF,LGSPEC1,N,PL;1.21582e-07
ûx;n>;DEL;andi;3,IMP,NEG,PRS,SBJV,SG,V;1.21579e-07
orî;n>;INS;iû;1,COND,NEG,PL,PRF,PST,V;1.21576e-07
d;n>;DEL;a;1,2,3,IMP,NEG,PL,PRS,SBJV,V;1.21573e-07
-anî;>;DEL;n;1,IND,POS,PRF,PRS,SG,V;1.21563e-07
<dew;>;INS;eke;INDF,LGSPEC1,N,SG,ACC;1.2156e-07
krîz;>;INS;ê;DEF,N,SG,VOC,ACC,LGSPEC2;1.21557e-07
ew;>;INS;eke;INDF,LGSPEC1,N,SG,ACC;1.21545e-07
orî;>;DEL;n;2,COND,NEG,PRF,PST,SG,V;1.21542e-07
i;n>;INS;a;1,2,3,COND,NEG,PL,PST,V;1.21524e-07
êrî;>;DEL;n;2,IND,PFV,POS,PST,SG,V;1.21522e-07
i;n>;INS;na;DEF,N,PL,ACC,LGSPEC2;1.21521e-07
din;>;INS;a;1,2,3,COND,NEG,PL,PRF,PST,V;1.21519e-07
î;n>;INS;i;1,2,3,IND,PL,POS,PRS,V,IPFV;1.21518e-07
e;n>;INS;ni;INDF,N,NOM,PL;1.21515e-07
azif;>;INS;o;DEF,N,SG,VOC;1.21514e-07
i;n>;INS;ba;1,2,3,COND,NEG,PL,PRF,PST,V;1.21511e-07
as;>;INS;eke;INDF,LGSPEC1,N,SG,ACC;1.21508e-07
û;>;DEL;n;1,IND,NEG,PFV,PST,SG,V;1.21499e-07
erba;>;INS;eke;INDF,LGSPEC1,N,SG,ACC;1.21318e-07
maþer : roja qiyametê;>;INS;ine;INDF,LGSPEC1,N,PL;1.21264e-07
ji 10-11 neferan pêk tê.;>;INS;inan;INDF,N,PL,ACC;1.21255e-07
<;xapîn>;INS;ne;2,3,IND,NEG,PFV,PRS,PST,SBJV,SG,V,V.PTCP;1.2124e-07
<;mirin>;INS;ne;2,3,IND,NEG,PRF,PRS,SG,V;1.21237e-07
<;zanîn>;INS;ne;2,COND,NEG,PST,SG,V;1.21234e-07
<qed;ndin>;DEL;a;1,2,3,IMP,NEG,PL,PRS,SBJV,V;1.21222e-07
teqîn;>;INS;ye;2,3,IND,POS,PRF,PRS,SG,V;1.21207e-07
<;pêk-hatin>;INS;nedi;3,IND,NEG,PST,SG,V,PROG;1.21204e-07
<;ra-girtin>;INS;na;2,IND,NEG,PRS,SG,V,IPFV;1.21201e-07
rgeh;>;INS;no;DEF,N,PL,VOC;1.21198e-07
graf;>;INS;no;DEF,N,PL,VOC;1.21195e-07
nêj;e>;INS;eek;INDF,LGSPEC1,N,SG,ACC;1.21192e-07
<;bizivîn>;INS;bi;1,2,3,COND,PL,POS,PRF,PST,V;1.21189e-07
tnam;e>;INS;eek;INDF,LGSPEC1,N,SG,ACC;1.21186e-07
î;n>;INS;ni;INDF,N,NOM,PL;1.2118e-07
i;k>;INS;ke;INDF,N,NOM,SG;1.21177e-07
nd;>;INS;an;DEF,N,PL,ACC,LGSPEC2;1.21174e-07
îcra;>;INS;eke;INDF,LGSPEC1,N,SG,ACC;1.21171e-07
a;n>;INS;ni;INDF,N,NOM,PL;1.21165e-07
r;e>;INS;ein;INDF,LGSPEC1,N,PL;1.21162e-07
ox;>;INS;in;INDF,N,NOM,PL;1.21159e-07
raf;>;INS;no;DEF,N,PL,VOC;1.21156e-07
rînêþ;>;INS;ên;DEF,LGSPEC1,N,PL,VOC;1.21153e-07
andin;>;INS;ye;2,3,IND,NEG,PRF,PRS,SG,V;1.2115e-07
n;>;INS;im;1,IND,POS,PST,SG,V,PROG;1.21144e-07
<vaz;o>;INS;on;DEF,N,PL,VOC;1.21137e-07
<ayl;e>;INS;ein;INDF,LGSPEC1,N,PL;1.21134e-07
ovçay;>;INS;ên;DEF,LGSPEC1,N,PL,VOC;1.21131e-07
er-d;n>;DEL;a;1,2,3,IMP,NEG,PL,PRS,SBJV,V;1.21128e-07
<ademîzad;>;INS;an;DEF,N,PL,ACC,LGSPEC2;1.21125e-07
<nivîsîn;>;INS;ê;V,V.MSDR,ACC;1.21122e-07
ed;ndin>;DEL;a;1,2,3,IMP,NEG,PL,PRS,SBJV,V;1.21116e-07
-k;>;DEL;irin;2,POS,PRS,SBJV,SG,V;1.21109e-07
eqîn;>;INS;ye;2,3,IND,POS,PRF,PRS,SG,V;1.21107e-07
v;>;INS;ekî;INDF,LGSPEC1,N,SG,ACC;1.21101e-07
qîn;>;INS;ye;2,3,IND,POS,PRF,PRS,SG,V;1.21098e-07
roþ;>;INS;ê;DEF,N,SG,VOC,ACC,LGSPEC2;1.21095e-07
z;>;DEL;an;1,IND,POS,PRS,SG,V,IPFV;1.2108e-07
v;>;INS;an;DEF,N,PL,ACC,LGSPEC2;1.21068e-07
<sahib;>;INS;in;INDF,N,NOM,PL;1.21059e-07
westin;>;INS;azî;2,IND,NEG,PRS,SG,V,IPFV;1.21056e-07
vþiyê hingorî ;>;INS;inan;INDF,N,PL,ACC;1.20929e-07
y;e>;INS;ein;INDF,LGSPEC1,N,PL;1.20927e-07
<zabitnam;e>;INS;eek;INDF,LGSPEC1,N,SG,ACC;1.20861e-07
nivîsandin;>;INS;ye;2,3,IND,NEG,PRF,PRS,SG,V;1.20858e-07
i;>;DEL;n;1,COND,NEG,PRF,PST,SG,V;1.20834e-07
îfa';>;INS;ên;DEF,LGSPEC1,N,PL,VOC;1.20828e-07
teq;n>;DEL;î;1,2,3,IND,PL,POS,PRS,V,IPFV;1.20825e-07
ep;în>;INS;y;2,IND,POS,PRS,SG,V,IPFV;1.20819e-07
renav;>;INS;an;DEF,N,PL,ACC,LGSPEC2;1.20816e-07
tgeh;>;INS;î;DEF,N,SG,LGSPEC2;1.20813e-07
-da;n>;INS;i;1,2,3,IND,NEG,PL,PRS,V,IPFV;1.2081e-07
iyan;>;INS;im;1,IND,POS,PST,SG,V,PROG;1.20807e-07
<;ve-hêrandin>;INS;bi;2,3,COND,POS,PRF,PST,SG,V;1.20804e-07
ivîsandin;>;INS;ye;2,3,IND,NEG,PRF,PRS,SG,V;1.20801e-07
þikev;>;INS;ekî;INDF,LGSPEC1,N,SG,ACC;1.20798e-07
telegraf;>;INS;no;DEF,N,PL,VOC;1.20795e-07
zabitnam;e>;INS;eek;INDF,LGSPEC1,N,SG,ACC;1.20792e-07
an;k>;INS;ke;INDF,N,NOM,SG;1.20787e-07
lan;k>;INS;ke;INDF,N,NOM,SG;1.20784e-07
n;>;INS;m;1,IND,NEG,PST,SG,V,PROG;1.2073e-07
l;>;INS;an;DEF,N,PL,ACC,LGSPEC2;1.20727e-07
<;temase kirin>;INS;di;3,IND,POS,PRS,SG,V,IPFV;1.20724e-07
n;>;INS;a;1,2,3,COND,NEG,PL,PST,V;1.20721e-07
în;>;INS;a;2,3,COND,NEG,PL,PRF,PST,V;1.20718e-07
<;ra-westandin>;INS;di;2,IND,POS,PST,SG,V,PROG;1.20715e-07
rûp;>;INS;in;INDF,N,NOM,PL;1.20712e-07
unc;>;INS;o;DEF,N,SG,VOC;1.20709e-07
f;>;INS;ê;DEF,N,SG,VOC,ACC,LGSPEC2;1.20706e-07
g;>;INS;inan;INDF,N,PL,ACC;1.20703e-07
g;>;INS;ê;DEF,N,SG,VOC,ACC,LGSPEC2;1.207e-07
argeh;>;INS;no;DEF,N,PL,VOC;1.20697e-07
m;e>;INS;ein;INDF,LGSPEC1,N,PL;1.20694e-07
kuh;>;INS;an;DEF,N,PL,ACC,LGSPEC2;1.20691e-07
<;ajotin>;INS;ne;3,COND,NEG,PST,SG,V;1.20688e-07
elegraf;>;INS;no;DEF,N,PL,VOC;1.20685e-07
vîsandin;>;INS;ye;2,3,IND,NEG,PRF,PRS,SG,V;1.20682e-07
baz;>;INS;ine;INDF,LGSPEC1,N,PL;1.20679e-07
nîgarnas;>;INS;î;DEF,N,SG,LGSPEC2;1.20676e-07
p;în>;INS;y;2,IND,POS,PRS,SG,V,IPFV;1.20673e-07
eq;n>;DEL;î;1,2,3,IND,PL,POS,PRS,V,IPFV;1.2067e-07
mos;>;INS;ên;DEF,LGSPEC1,N,PL,VOC;1.20667e-07
ikev;>;INS;ekî;INDF,LGSPEC1,N,SG,ACC;1.20664e-07
enav;>;INS;an;DEF,N,PL,ACC,LGSPEC2;1.20661e-07
<raz;>;DEL;an;1,IND,POS,PRS,SG,V,IPFV;1.20658e-07
<;da-liqandin>;INS;bi;3,IMP,POS,PRS,SBJV,SG,V;1.20655e-07
geh;>;INS;î;DEF,N,SG,LGSPEC2;1.20652e-07
<ke;>;DEL;tin;3,IMP,NEG,PRS,SBJV,SG,V;1.20649e-07
da;n>;INS;i;1,2,3,IND,NEG,PL,PRS,V,IPFV;1.20646e-07
legraf;>;INS;no;DEF,N,PL,VOC;1.20643e-07
yan;>;INS;im;1,IND,POS,PST,SG,V,PROG;1.2064e-07
<;kewtîn>;INS;bi;1,2,3,IMP,PL,POS,PRS,SBJV,V;1.20637e-07
<kuxuyan;>;INS;î;2,IND,POS,PRS,SG,V,IPFV;1.20634e-07
o;>;INS;ê;DEF,LGSPEC1,N,SG,VOC,ACC,LGSPEC2;1.20631e-07
n;>;INS;a;2,3,COND,NEG,PL,PRF,PST,V;1.20628e-07
n;>;INS;m;1,IND,PFV,POS,PST,SG,V;1.20625e-07
k;>;DEL;în;1,NEG,PRS,SBJV,SG,V;1.20622e-07
nc;>;INS;o;DEF,N,SG,VOC;1.20619e-07
kanêj;e>;INS;eek;INDF,LGSPEC1,N,SG,ACC;1.20616e-07
ûp;>;INS;in;INDF,N,NOM,PL;1.20613e-07
bitnam;e>;INS;eek;INDF,LGSPEC1,N,SG,ACC;1.2061e-07
îgarnas;>;INS;î;DEF,N,SG,LGSPEC2;1.20607e-07
az;>;INS;ine;INDF,LGSPEC1,N,PL;1.20604e-07
nêrînêþ;>;INS;ên;DEF,LGSPEC1,N,PL,VOC;1.20601e-07
<tovçay;>;INS;ên;DEF,LGSPEC1,N,PL,VOC;1.20598e-07
kuxuyan;>;INS;î;2,IND,POS,PRS,SG,V,IPFV;1.20595e-07
raz;>;DEL;an;1,IND,POS,PRS,SG,V,IPFV;1.20592e-07
uh;>;INS;an;DEF,N,PL,ACC,LGSPEC2;1.20589e-07
fêr bû;>;DEL;n;1,IND,NEG,PFV,PST,SG,V;1.20586e-07
a';>;INS;ên;DEF,LGSPEC1,N,PL,VOC;1.20583e-07
an;>;INS;ê;DEF,LGSPEC1,N,SG;1.2058e-07
q;n>;DEL;î;1,2,3,IND,PL,POS,PRS,V,IPFV;1.20577e-07
di;n>;INS;î;1,IND,NEG,PRS,SG,V,IPFV;1.20574e-07
n;k>;INS;ke;INDF,N,NOM,SG;1.20571e-07
os;>;INS;ên;DEF,LGSPEC1,N,PL,VOC;1.20568e-07
ke;>;DEL;tin;3,IMP,NEG,PRS,SBJV,SG,V;1.20565e-07
a;n>;INS;i;1,2,3,IND,NEG,PL,PRS,V,IPFV;1.20562e-07
firaq;>;INS;an;DEF,N,PL,ACC,LGSPEC2;1.20562e-07
ndi;>;DEL;n;3,COND,POS,PST,SG,V;1.20559e-07
nihti;>;DEL;n;1,IND,POS,PRF,PRS,SG,V;1.20559e-07
ndi;>;DEL;n;2,COND,NEG,PST,SG,V;1.20556e-07
<;hilgirtin>;INS;ne;3,IND,NEG,PRF,PST,SG,V;1.20553e-07
egraf;>;INS;no;DEF,N,PL,VOC;1.2055e-07
anêj;e>;INS;eek;INDF,LGSPEC1,N,SG,ACC;1.20547e-07
tiroþ;>;INS;ê;DEF,N,SG,VOC,ACC,LGSPEC2;1.20544e-07
iroþ;>;INS;ê;DEF,N,SG,VOC,ACC,LGSPEC2;1.20541e-07
<teqîn;>;INS;ye;2,3,IND,POS,PRF,PRS,SG,V;1.20538e-07
<tiroþ;>;INS;ê;DEF,N,SG,VOC,ACC,LGSPEC2;1.20535e-07
itnam;e>;INS;eek;INDF,LGSPEC1,N,SG,ACC;1.20532e-07
garnas;>;INS;î;DEF,N,SG,LGSPEC2;1.20529e-07
êrînêþ;>;INS;ên;DEF,LGSPEC1,N,PL,VOC;1.20523e-07
ber-d;n>;DEL;a;1,2,3,IMP,NEG,PL,PRS,SBJV,V;1.2052e-07
tovçay;>;INS;ên;DEF,LGSPEC1,N,PL,VOC;1.20514e-07
uxuyan;>;INS;î;2,IND,POS,PRS,SG,V,IPFV;1.20511e-07
êr bû;>;DEL;n;1,IND,NEG,PFV,PST,SG,V;1.20508e-07
p;>;INS;in;INDF,N,NOM,PL;1.20505e-07
i;n>;INS;î;1,IND,NEG,PRS,SG,V,IPFV;1.20493e-07
az;>;DEL;an;1,IND,POS,PRS,SG,V,IPFV;1.2049e-07
ev;>;INS;ekî;INDF,LGSPEC1,N,SG,ACC;1.20488e-07
av;>;INS;an;DEF,N,PL,ACC,LGSPEC2;1.20478e-07
h;>;INS;an;DEF,N,PL,ACC,LGSPEC2;1.20476e-07
n;>;INS;ê;DEF,LGSPEC1,N,SG;1.20473e-07
smos;>;INS;ên;DEF,LGSPEC1,N,PL,VOC;1.20465e-07
';>;INS;ên;DEF,LGSPEC1,N,PL,VOC;1.20446e-07
h;>;INS;î;DEF,N,SG,LGSPEC2;1.20431e-07
e;>;DEL;tin;3,IMP,NEG,PRS,SBJV,SG,V;1.2041e-07
î;>;DEL;n;1,IND,POS,PRF,PRS,SG,V;1.20399e-07
n;>;INS;î;DEF,N,SG,LGSPEC2;1.20396e-07
r;>;INS;no;DEF,N,PL,VOC;1.20393e-07
î;>;DEL;n;2,COND,NEG,PRF,PST,SG,V;1.2039e-07
rba;>;INS;eke;INDF,LGSPEC1,N,SG,ACC;1.2039e-07
ê;>;INS;inan;INDF,N,PL,ACC;1.20387e-07
z;>;INS;ek;INDF,N,NOM,SG;1.20384e-07
f;>;INS;inan;INDF,N,PL,ACC;1.20381e-07
e;>;INS;ekî;INDF,LGSPEC1,N,SG,ACC;1.20378e-07
a;>;INS;in;INDF,N,NOM,PL;1.20375e-07
î;>;DEL;n;1,IND,NEG,PRF,PST,SG,V;1.20372e-07
i;>;DEL;n;3,COND,POS,PRF,PST,SG,V;1.20369e-07
y;>;INS;ên;DEF,LGSPEC1,N,PL,VOC;1.20366e-07
n;>;INS;î;2,IND,NEG,PST,SG,V,PROG;1.20363e-07
m;>;INS;ê;DEF,N,SG,VOC,ACC,LGSPEC2;1.2036e-07
epî;>;DEL;n;2,IND,NEG,PRS,SG,V,IPFV;1.20288e-07
mezda;>;INS;î;DEF,N,SG,LGSPEC2;1.20284e-07
sahib;>;INS;in;INDF,N,NOM,PL;1.2028e-07
m;e>;INS;eek;INDF,LGSPEC1,N,SG,ACC;1.20271e-07
eya duniçik;>;INS;î;DEF,N,SG,LGSPEC2;1.20258e-07
yar-cento;>;INS;ê;DEF,LGSPEC1,N,SG,VOC,ACC,LGSPEC2;1.20251e-07
sikê hêkê;>;INS;ê;DEF,LGSPEC1,N,SG,VOC,ACC,LGSPEC2;1.20245e-07
<;xwarin>;INS;ne;1,COND,NEG,PL,PRF,PST,V;1.20237e-07
pirsa;n>;INS;iû;1,COND,NEG,PL,PRF,PST,V;1.20234e-07
ldim bildim;>;INS;no;DEF,N,PL,VOC;1.20226e-07
<nuxumî;>;DEL;n;1,IND,NEG,PRF,PST,SG,V;1.20224e-07
<ve-qetiyan;>;INS;im;1,IND,POS,PST,SG,V,PROG;1.20223e-07
<k;etin>;INS;ev;3,IMP,NEG,PRS,SBJV,SG,V;1.20221e-07
<dengo;>;INS;a;DEF,LGSPEC1,N,SG;1.20218e-07
îq-tîq;>;INS;an;DEF,N,PL,ACC,LGSPEC2;1.20215e-07
eqandin;>;INS;ya;2,3,COND,NEG,PST,SG,V;1.2021e-07
t;>;DEL;an;1,POS,PRS,SBJV,SG,V;1.20209e-07
msimî;n>;INS;i;1,2,3,IND,NEG,PL,PST,V,PROG;1.20208e-07
þ;>;INS;a;DEF,LGSPEC1,N,SG;1.20206e-07
<kenîn;>;INS;iye;2,3,IND,POS,PRF,PRS,SG,V;1.20201e-07
ya duniçik;>;INS;î;DEF,N,SG,LGSPEC2;1.20201e-07
k;etin>;INS;ev;3,IMP,NEG,PRS,SBJV,SG,V;1.20199e-07
efonu;>;INS;no;DEF,N,PL,VOC;1.20195e-07
<;ra-ketin>;INS;ne;1,2,3,IND,NEG,PL,PRF,PRS,V;1.20188e-07
ve-qetiyan;>;INS;im;1,IND,POS,PST,SG,V,PROG;1.20184e-07
þiyê hingorî ;>;INS;inan;INDF,N,PL,ACC;1.20177e-07
qandin;>;INS;ya;2,3,COND,NEG,PST,SG,V;1.20177e-07
<;sekinan/-în>;INS;ne;2,3,COND,NEG,PST,SG,V;1.20177e-07
q-tîq;>;INS;an;DEF,N,PL,ACC,LGSPEC2;1.20166e-07
tandi;>;DEL;n;2,3,COND,POS,PST,SG,V;1.20163e-07
zif;>;INS;o;DEF,N,SG,VOC;1.20148e-07
i;>;DEL;n;1,IND,NEG,PST,SG,V,PROG;1.20146e-07
î;>;DEL;n;1,IND,NEG,PFV,PST,SG,V;1.20143e-07
dengo;>;INS;a;DEF,LGSPEC1,N,SG;1.20133e-07
irsa;n>;INS;iû;1,COND,NEG,PL,PRF,PST,V;1.2013e-07
izandi;>;DEL;n;1,IND,POS,PRF,PST,SG,V;1.20126e-07
r-cento;>;INS;ê;DEF,LGSPEC1,N,SG,VOC,ACC,LGSPEC2;1.20122e-07
simî;n>;INS;i;1,2,3,IND,NEG,PL,PST,V,PROG;1.2012e-07
kenîn;>;INS;iye;2,3,IND,POS,PRF,PRS,SG,V;1.20116e-07
uxumî;>;DEL;n;1,IND,NEG,PRF,PST,SG,V;1.20113e-07
uxul;n>;DEL;andi;1,NEG,PRS,SBJV,SG,V;1.2011e-07
im bildim;>;INS;no;DEF,N,PL,VOC;1.20105e-07
kê hêkê;>;INS;ê;DEF,LGSPEC1,N,SG,VOC,ACC,LGSPEC2;1.20103e-07
werimîn;>;INS;a;2,3,COND,NEG,PL,PRF,PST,V;1.201e-07
nuxumîn;>;INS;m;1,IND,PFV,POS,PST,SG,V;1.20097e-07
<;firiyan>;INS;bi;1,POS,PRS,SBJV,SG,V;1.20094e-07
andin;>;INS;ya;2,3,COND,NEG,PST,SG,V;1.20092e-07
rî;>;DEL;n;2,IND,PFV,POS,PST,SG,V;1.2009e-07
ra-k;>;DEL;irin;3,IND,NEG,PRS,SG,V,IPFV;1.2009e-07
<hatin;>;INS;ba;3,COND,POS,PRF,PST,SG,V;1.20085e-07
uxumîn;>;INS;m;1,IND,PFV,POS,PST,SG,V;1.20082e-07
engo;>;INS;a;DEF,LGSPEC1,N,SG;1.20081e-07
þandi;>;DEL;n;3,COND,POS,PRF,PST,SG,V;1.20076e-07
-tîq;>;INS;an;DEF,N,PL,ACC,LGSPEC2;1.20074e-07
-cento;>;INS;ê;DEF,LGSPEC1,N,SG,VOC,ACC,LGSPEC2;1.2007e-07
qaqlîbaz;>;INS;ine;INDF,LGSPEC1,N,PL;1.20066e-07
<;kurdandin>;INS;bi;1,POS,PRS,SBJV,SG,V;1.20062e-07
hatin;>;INS;ba;3,COND,POS,PRF,PST,SG,V;1.20061e-07
rsa;n>;INS;iû;1,COND,NEG,PL,PRF,PST,V;1.20058e-07
-qetiyan;>;INS;im;1,IND,POS,PST,SG,V,PROG;1.20053e-07
pexþ;>;INS;ine;INDF,LGSPEC1,N,PL;1.20052e-07
e;>;INS;an;DEF,N,PL,ACC,LGSPEC2;1.2005e-07
xweng;>;INS;ê;DEF,N,SG,VOC,ACC,LGSPEC2;1.20048e-07
d;>;INS;ek;INDF,N,NOM,SG;1.20047e-07
<belg;>;INS;inan;INDF,N,PL,ACC;1.20045e-07
s;>;INS;an;DEF,N,PL,ACC,LGSPEC2;1.20044e-07
<;da-anîn>;INS;bi;3,COND,POS,PST,SG,V;1.20042e-07
ê hêkê;>;INS;ê;DEF,LGSPEC1,N,SG,VOC,ACC,LGSPEC2;1.20039e-07
<xiþik;>;DEL;în;1,NEG,PRS,SBJV,SG,V;1.20036e-07
þîlan;k>;INS;ke;INDF,N,NOM,SG;1.20033e-07
andi;>;DEL;n;1,IND,POS,PST,SG,V,PROG;1.20031e-07
n;>;INS;î;2,NEG,PRS,SBJV,SG,V;1.20029e-07
<;xiþikîn>;INS;ne;2,3,IND,NEG,PRF,PRS,SG,V;1.20026e-07
rimîn;>;INS;a;2,3,COND,NEG,PL,PRF,PST,V;1.20024e-07
enîn;>;INS;iye;2,3,IND,POS,PRF,PRS,SG,V;1.20022e-07
<cerib;n>;DEL;andi;2,IND,NEG,PRS,SG,V,IPFV;1.20018e-07
xumî;>;DEL;n;1,IND,NEG,PRF,PST,SG,V;1.20015e-07
andi;>;DEL;n;1,IND,POS,PRF,PST,SG,V;1.20012e-07
ndin;>;INS;ya;2,3,COND,NEG,PST,SG,V;1.20009e-07
atrom;e>;INS;ein;INDF,LGSPEC1,N,PL;1.20006e-07
cerib;n>;DEL;andi;2,IND,NEG,PRS,SG,V,IPFV;1.20003e-07
cento;>;INS;ê;DEF,LGSPEC1,N,SG,VOC,ACC,LGSPEC2;1.2e-07
weng;>;INS;ê;DEF,N,SG,VOC,ACC,LGSPEC2;1.19997e-07
<îstgeh;>;INS;î;DEF,N,SG,LGSPEC2;1.19993e-07
belg;>;INS;inan;INDF,N,PL,ACC;1.19991e-07
xul;n>;DEL;andi;1,NEG,PRS,SBJV,SG,V;1.19988e-07
qetiyan;>;INS;im;1,IND,POS,PST,SG,V,PROG;1.19984e-07
 bildim;>;INS;no;DEF,N,PL,VOC;1.19982e-07
ndi;>;DEL;n;2,3,COND,POS,PST,SG,V;1.1998e-07
tîq;>;INS;an;DEF,N,PL,ACC,LGSPEC2;1.19977e-07
 hêkê;>;INS;ê;DEF,LGSPEC1,N,SG,VOC,ACC,LGSPEC2;1.19973e-07
xumîn;>;INS;m;1,IND,PFV,POS,PST,SG,V;1.1997e-07
a-k;>;DEL;irin;3,IND,NEG,PRS,SG,V,IPFV;1.19968e-07
mî;n>;INS;i;1,2,3,IND,NEG,PL,PST,V,PROG;1.19965e-07
sa;n>;INS;iû;1,COND,NEG,PL,PRF,PST,V;1.19962e-07
lenf;>;INS;ê;DEF,N,SG,VOC,ACC,LGSPEC2;1.19958e-07
umîn;>;INS;m;1,IND,PFV,POS,PST,SG,V;1.19955e-07
<;lûsîn>;INS;di;1,2,3,IND,PL,POS,PST,V,PROG;1.19952e-07
<;karîn>;INS;ne;1,NEG,PRS,SBJV,SG,V;1.19949e-07
nîn;>;INS;iye;2,3,IND,POS,PRF,PRS,SG,V;1.19947e-07
<serenav;>;INS;an;DEF,N,PL,ACC,LGSPEC2;1.19943e-07
meþandi;n>;INS;î;1,IND,NEG,PRS,SG,V,IPFV;1.1994e-07
ento;>;INS;ê;DEF,LGSPEC1,N,SG,VOC,ACC,LGSPEC2;1.19937e-07
atin;>;INS;ba;3,COND,POS,PRF,PST,SG,V;1.19934e-07
<;kuxuyan>;INS;ne;2,COND,NEG,PST,SG,V;1.19931e-07
ndi;>;DEL;n;1,IND,POS,PST,SG,V,PROG;1.19929e-07
umî;>;DEL;n;1,IND,NEG,PRF,PST,SG,V;1.19926e-07
xiþik;>;DEL;în;1,NEG,PRS,SBJV,SG,V;1.19922e-07
erib;n>;DEL;andi;2,IND,NEG,PRS,SG,V,IPFV;1.19919e-07
<þîlan;k>;INS;ke;INDF,N,NOM,SG;1.19916e-07
<dîfa';>;INS;ên;DEF,LGSPEC1,N,PL,VOC;1.19913e-07
r;in>;INS;in;INDF,N,NOM,PL;1.19911e-07
din;>;INS;ya;2,3,COND,NEG,PST,SG,V;1.19908e-07
ndi;>;DEL;n;1,IND,POS,PRF,PST,SG,V;1.19905e-07
exþ;>;INS;ine;INDF,LGSPEC1,N,PL;1.19902e-07
<þep;în>;INS;y;2,IND,POS,PRS,SG,V,IPFV;1.19898e-07
lat;>;INS;î;DEF,N,SG,LGSPEC2;1.19896e-07
imîn;>;INS;a;2,3,COND,NEG,PL,PRF,PST,V;1.19893e-07
qlîbaz;>;INS;ine;INDF,LGSPEC1,N,PL;1.1989e-07
kosmos;>;INS;ên;DEF,LGSPEC1,N,PL,VOC;1.19887e-07
<;da-liqiyan>;INS;di;3,IND,POS,PST,SG,V,PROG;1.19886e-07
îstgeh;>;INS;î;DEF,N,SG,LGSPEC2;1.19884e-07
eþandi;n>;INS;î;1,IND,NEG,PRS,SG,V,IPFV;1.19881e-07
<;qewirandin>;INS;di;1,2,3,IND,PL,POS,PST,V,PROG;1.19877e-07
elg;>;INS;inan;INDF,N,PL,ACC;1.19875e-07
eng;>;INS;ê;DEF,N,SG,VOC,ACC,LGSPEC2;1.19872e-07
rib;n>;DEL;andi;2,IND,NEG,PRS,SG,V,IPFV;1.19869e-07
<tunc;>;INS;o;DEF,N,SG,VOC;1.19866e-07
îq;>;INS;an;DEF,N,PL,ACC,LGSPEC2;1.19863e-07
ul;n>;DEL;andi;1,NEG,PRS,SBJV,SG,V;1.1986e-07
di;>;DEL;n;2,3,COND,POS,PST,SG,V;1.19857e-07
-k;>;DEL;irin;3,IND,NEG,PRS,SG,V,IPFV;1.19854e-07
u;>;INS;no;DEF,N,PL,VOC;1.19852e-07
<;pirsan>;INS;bi;1,COND,POS,PRF,PST,SG,V;1.19848e-07
<;qîrçîn>;INS;bi;1,COND,POS,PST,SG,V;1.19845e-07
dîfa';>;INS;ên;DEF,LGSPEC1,N,PL,VOC;1.19842e-07
om;e>;INS;ein;INDF,LGSPEC1,N,PL;1.19839e-07
ziman;>;INS;ê;DEF,LGSPEC1,N,SG;1.19836e-07
erdnîgarnas;>;INS;î;DEF,N,SG,LGSPEC2;1.19833e-07
þep;în>;INS;y;2,IND,POS,PRS,SG,V,IPFV;1.1983e-07
lîbaz;>;INS;ine;INDF,LGSPEC1,N,PL;1.19827e-07
osmos;>;INS;ên;DEF,LGSPEC1,N,PL,VOC;1.19824e-07
<teq;n>;DEL;î;1,2,3,IND,PL,POS,PRS,V,IPFV;1.19821e-07
stgeh;>;INS;î;DEF,N,SG,LGSPEC2;1.19818e-07
în;>;INS;iye;2,3,IND,POS,PRF,PRS,SG,V;1.19816e-07
mî;>;DEL;n;1,IND,NEG,PRF,PST,SG,V;1.19813e-07
a-da;n>;INS;i;1,2,3,IND,NEG,PL,PRS,V,IPFV;1.1981e-07
ildim;>;INS;no;DEF,N,PL,VOC;1.19807e-07
nd;>;DEL;in;2,IND,PFV,POS,PST,SG,V,V.PTCP;1.19804e-07
di;>;DEL;n;3,COND,POS,PRF,PST,SG,V;1.19801e-07
a;n>;INS;i;1,2,3,IND,PFV,PL,POS,PST,V;1.19798e-07
o;>;INS;ên;DEF,LGSPEC1,N,PL,VOC;1.19797e-07
þandi;n>;INS;î;1,IND,NEG,PRS,SG,V,IPFV;1.19795e-07
h;>;INS;inan;INDF,N,PL,ACC;1.19794e-07
erenav;>;INS;an;DEF,N,PL,ACC,LGSPEC2;1.19792e-07
m;>;INS;o;DEF,N,SG,VOC;1.19791e-07
lg;>;INS;inan;INDF,N,PL,ACC;1.19789e-07
a;>;INS;ê;DEF,N,SG,VOC,ACC,LGSPEC2;1.19788e-07
mîn;>;INS;a;2,3,COND,NEG,PL,PRF,PST,V;1.19786e-07
n;>;INS;a;1,2,3,COND,PL,POS,PST,V;1.19785e-07
rom;e>;INS;ein;INDF,LGSPEC1,N,PL;1.19783e-07
l;>;INS;ek;INDF,N,NOM,SG;1.19782e-07
<rûp;>;INS;in;INDF,N,NOM,PL;1.1978e-07
tunc;>;INS;o;DEF,N,SG,VOC;1.19777e-07
berik;>;INS;ekî;INDF,LGSPEC1,N,SG,ACC;1.19774e-07
îlan;k>;INS;ke;INDF,N,NOM,SG;1.19771e-07
ng;>;INS;ê;DEF,N,SG,VOC,ACC,LGSPEC2;1.19768e-07
stin;>;INS;azî;2,IND,NEG,PRS,SG,V,IPFV;1.19765e-07
l;n>;DEL;andi;1,NEG,PRS,SBJV,SG,V;1.19759e-07
to;>;INS;ê;DEF,LGSPEC1,N,SG,VOC,ACC,LGSPEC2;1.19757e-07
i;>;DEL;n;2,3,COND,POS,PST,SG,V;1.19754e-07
iman;>;INS;ê;DEF,LGSPEC1,N,SG;1.1975e-07
ib;n>;DEL;andi;2,IND,NEG,PRS,SG,V,IPFV;1.19748e-07
þik;>;DEL;în;1,NEG,PRS,SBJV,SG,V;1.19745e-07
in;>;INS;ba;3,COND,POS,PRF,PST,SG,V;1.19739e-07
nf;>;INS;ê;DEF,N,SG,VOC,ACC,LGSPEC2;1.19736e-07
k;>;DEL;irin;3,IND,NEG,PRS,SG,V,IPFV;1.19727e-07
þ;>;INS;ine;INDF,LGSPEC1,N,PL;1.19694e-07
ihti;>;DEL;n;1,IND,POS,PRF,PRS,SG,V;1.19576e-07
ezda;>;INS;î;DEF,N,SG,LGSPEC2;1.19572e-07
iyê hingorî ;>;INS;inan;INDF,N,PL,ACC;1.19535e-07
karw;an>;INS;anin;INDF,N,PL,ACC;1.19502e-07
k;>;DEL;irin;2,POS,PRS,SBJV,SG,V;1.19492e-07
êle-;>;INS;î;DEF,N,SG,LGSPEC2;1.19483e-07
iziv;în>;INS;îay;2,COND,POS,PST,SG,V;1.19481e-07
m;>;INS;ekî;INDF,LGSPEC1,N,SG,ACC;1.19442e-07
l;>;INS;eke;INDF,LGSPEC1,N,SG,ACC;1.19439e-07
xwêd;an>;INS;anin;INDF,N,PL,ACC;1.19439e-07
sayeq;>;INS;in;INDF,N,NOM,PL;1.19435e-07
<amîgo;>;INS;î;DEF,N,SG,LGSPEC2;1.19397e-07
sebr k;>;DEL;irin;3,IND,POS,PRS,SG,V,IPFV;1.19394e-07
pîrekal;>;INS;inan;INDF,N,PL,ACC;1.1937e-07
erimîn;>;INS;ma;1,COND,POS,PST,SG,V;1.19367e-07
þemitî;>;DEL;n;2,COND,NEG,PST,SG,V;1.19364e-07
n-avêt;>;DEL;in;2,IND,NEG,PST,SG,V,PROG;1.19361e-07
kîsikê hêkê;>;INS;ê;DEF,LGSPEC1,N,SG,VOC,ACC,LGSPEC2;1.19338e-07
îçeya duniçik;>;INS;î;DEF,N,SG,LGSPEC2;1.1932e-07
l-dirandi;>;DEL;n;1,IND,POS,PST,SG,V,PROG;1.19316e-07
simsimî;n>;INS;i;1,2,3,IND,NEG,PL,PST,V,PROG;1.19314e-07
obil telefonu;>;INS;no;DEF,N,PL,VOC;1.19311e-07
gevizandi;>;DEL;n;1,IND,POS,PRF,PST,SG,V;1.19302e-07
<tîq-tîq;>;INS;an;DEF,N,PL,ACC,LGSPEC2;1.193e-07
<;çûyîn>;INS;ne;1,2,3,COND,NEG,PL,PRF,PST,V;1.193e-07
<;bersîvandin>;INS;ne;2,3,COND,NEG,PRF,PST,SG,V;1.19299e-07
îtîzm;>;INS;ine;INDF,LGSPEC1,N,PL;1.19283e-07
çeya duniçik;>;INS;î;DEF,N,SG,LGSPEC2;1.19276e-07
arw;an>;INS;anin;INDF,N,PL,ACC;1.19268e-07
pî;>;DEL;n;2,IND,NEG,PRS,SG,V,IPFV;1.19266e-07
<xapî;>;DEL;n;2,3,IND,NEG,PFV,PRS,PST,SBJV,SG,V,V.PTCP;1.19265e-07
evizandi;>;DEL;n;1,IND,POS,PRF,PST,SG,V;1.19261e-07
þkiþandi;>;DEL;n;3,COND,POS,PRF,PST,SG,V;1.19258e-07
heli;yan>;INS;ya;2,3,COND,NEG,PST,SG,V;1.19254e-07
qutandi;>;DEL;n;2,3,COND,POS,PST,SG,V;1.1925e-07
imsimî;n>;INS;i;1,2,3,IND,NEG,PL,PST,V,PROG;1.19247e-07
sîleh;>;INS;o;DEF,N,SG,VOC;1.19241e-07
<pirsa;n>;INS;iû;1,COND,NEG,PL,PRF,PST,V;1.19237e-07
an;>;INS;im;1,IND,POS,PST,SG,V,PROG;1.19232e-07
in;>;INS;bûya;2,3,COND,NEG,PRF,PST,SG,V;1.19229e-07
dirandi;>;DEL;n;1,IND,POS,PST,SG,V,PROG;1.19227e-07
ê;>;INS;in;INDF,N,NOM,PL;1.1922e-07
s;>;INS;ek;INDF,N,NOM,SG;1.19217e-07
<;þepîn>;INS;na;2,IND,NEG,PRS,SG,V,IPFV;1.19212e-07
yeq;>;INS;in;INDF,N,NOM,PL;1.19207e-07
e;>;INS;no;DEF,N,PL,VOC;1.19203e-07
ayeq;>;INS;in;INDF,N,NOM,PL;1.19202e-07
ziv;în>;INS;îay;2,COND,POS,PST,SG,V;1.19185e-07
wêd;an>;INS;anin;INDF,N,PL,ACC;1.19182e-07
în-avêt;>;DEL;in;2,IND,NEG,PST,SG,V,PROG;1.1918e-07
ve-hêr;n>;DEL;andi;3,IMP,POS,PRS,SBJV,SG,V;1.19173e-07
if;>;INS;o;DEF,N,SG,VOC;1.19168e-07
<;rizan>;INS;nedi;1,IND,NEG,PST,SG,V,PROG;1.1916e-07
<meyî;>;DEL;n;3,COND,NEG,PRF,PST,SG,V;1.19158e-07
amîgo;>;INS;î;DEF,N,SG,LGSPEC2;1.19155e-07
l;>;INS;ên;DEF,LGSPEC1,N,PL,VOC;1.19152e-07
r;>;INS;î;DEF,N,SG,LGSPEC2;1.19143e-07
gorî ;>;INS;inan;INDF,N,PL,ACC;1.1914e-07
d;>;INS;ê;DEF,LGSPEC1,N,SG;1.1914e-07
meyîn;>;INS;me;1,IND,POS,PRF,PRS,SG,V;1.19137e-07
n;>;INS;m;1,POS,PRS,SBJV,SG,V;1.19137e-07
<qêrî;>;DEL;n;2,3,COND,POS,PST,SG,V;1.19134e-07
ntîsemîtîzm;>;INS;ine;INDF,LGSPEC1,N,PL;1.19131e-07
emitî;>;DEL;n;2,COND,NEG,PST,SG,V;1.19116e-07
rimîn;>;INS;ma;1,COND,POS,PST,SG,V;1.19113e-07
qehpe;>;INS;a;DEF,LGSPEC1,N,SG;1.1911e-07
<girî;>;DEL;n;2,IND,NEG,PRF,PST,SG,V;1.19107e-07
ê;>;INS;ê;DEF,LGSPEC1,N,SG,VOC,ACC,LGSPEC2;1.19078e-07
-avêt;>;DEL;in;2,IND,NEG,PST,SG,V,PROG;1.19077e-07
ê;>;INS;ek;INDF,N,NOM,SG;1.1907e-07
n;>;INS;bûm;1,IND,POS,PRF,PST,SG,V;1.19067e-07
sgealp;>;INS;a;DEF,LGSPEC1,N,SG;1.19064e-07
s;>;INS;no;DEF,N,PL,VOC;1.19062e-07
i;>;DEL;n;2,3,COND,NEG,PST,SG,V;1.19059e-07
raq;>;INS;an;DEF,N,PL,ACC,LGSPEC2;1.19058e-07
î;>;INS;î;DEF,N,SG,LGSPEC2;1.19054e-07
o;>;INS;ê;DEF,N,SG,VOC,ACC,LGSPEC2;1.1905e-07
rekal;>;INS;inan;INDF,N,PL,ACC;1.19047e-07
p;>;INS;ê;DEF,N,SG,VOC,ACC,LGSPEC2;1.19039e-07
z;>;INS;ên;DEF,LGSPEC1,N,PL,VOC;1.19034e-07
meyî;>;DEL;n;3,COND,NEG,PRF,PST,SG,V;1.19026e-07
axîn;>;INS;ye;2,IND,NEG,PRF,PRS,SG,V;1.19024e-07
e-hêr;n>;DEL;andi;3,IMP,POS,PRS,SBJV,SG,V;1.1902e-07
eli;yan>;INS;ya;2,3,COND,NEG,PST,SG,V;1.19017e-07
rw;an>;INS;anin;INDF,N,PL,ACC;1.19012e-07
eq;>;INS;in;INDF,N,NOM,PL;1.19011e-07
iv;în>;INS;îay;2,COND,POS,PST,SG,V;1.1901e-07
êd;an>;INS;anin;INDF,N,PL,ACC;1.19007e-07
eyîn;>;INS;me;1,IND,POS,PRF,PRS,SG,V;1.19004e-07
xapî;>;DEL;n;2,3,IND,NEG,PFV,PRS,PST,SBJV,SG,V,V.PTCP;1.18993e-07
îleh;>;INS;o;DEF,N,SG,VOC;1.1899e-07
mîgo;>;INS;î;DEF,N,SG,LGSPEC2;1.18987e-07
br k;>;DEL;irin;3,IND,POS,PRS,SG,V,IPFV;1.18976e-07
ehpe;>;INS;a;DEF,LGSPEC1,N,SG;1.18973e-07
î;>;DEL;n;2,IND,PFV,POS,PST,SG,V;1.18966e-07
n;>;INS;a;1,2,3,COND,NEG,PL,PRF,PST,V;1.18964e-07
imîn;>;INS;ma;1,COND,POS,PST,SG,V;1.18962e-07
qêrî;>;DEL;n;2,3,COND,POS,PST,SG,V;1.18959e-07
sti;n>;INS;a;1,2,3,COND,PL,POS,PST,V;1.18945e-07
mitî;>;DEL;n;2,COND,NEG,PST,SG,V;1.18942e-07
girî;>;DEL;n;2,IND,NEG,PRF,PST,SG,V;1.18939e-07
il telefonu;>;INS;no;DEF,N,PL,VOC;1.18936e-07
avêt;>;DEL;in;2,IND,NEG,PST,SG,V,PROG;1.1892e-07
hti;>;DEL;n;1,IND,POS,PRF,PRS,SG,V;1.18919e-07
itîn;>;INS;a;1,2,3,COND,PL,POS,PST,V;1.18872e-07
v;în>;INS;îay;2,COND,POS,PST,SG,V;1.18872e-07
eyî;>;DEL;n;3,COND,NEG,PRF,PST,SG,V;1.18869e-07
li;yan>;INS;ya;2,3,COND,NEG,PST,SG,V;1.1886e-07
apî;>;DEL;n;2,3,IND,NEG,PFV,PRS,PST,SBJV,SG,V,V.PTCP;1.18858e-07
w;an>;INS;anin;INDF,N,PL,ACC;1.18855e-07
d;an>;INS;anin;INDF,N,PL,ACC;1.18852e-07
î;>;DEL;n;2,IND,NEG,PRS,SG,V,IPFV;1.1885e-07
leh;>;INS;o;DEF,N,SG,VOC;1.18844e-07
xîn;>;INS;ye;2,IND,NEG,PRF,PRS,SG,V;1.18841e-07
-;>;INS;î;DEF,N,SG,LGSPEC2;1.1884e-07
rî ;>;INS;inan;INDF,N,PL,ACC;1.18838e-07
r k;>;DEL;irin;3,IND,POS,PRS,SG,V,IPFV;1.18835e-07
<;hilgirtin>;INS;ne;1,2,3,IND,NEG,PFV,PL,PST,V,V.MSDR;1.18828e-07
bil telefonu;>;INS;no;DEF,N,PL,VOC;1.18827e-07
yîn;>;INS;me;1,IND,POS,PRF,PRS,SG,V;1.18824e-07
îgo;>;INS;î;DEF,N,SG,LGSPEC2;1.18821e-07
þîþ;>;INS;no;DEF,N,PL,VOC;1.18817e-07
ealp;>;INS;a;DEF,LGSPEC1,N,SG;1.18815e-07
itî;>;DEL;n;2,COND,NEG,PST,SG,V;1.1881e-07
ti;n>;INS;a;1,2,3,COND,PL,POS,PST,V;1.18808e-07
êrî;>;DEL;n;2,3,COND,POS,PST,SG,V;1.18805e-07
mîn;>;INS;ma;1,COND,POS,PST,SG,V;1.18802e-07
hel-dirandi;>;DEL;n;1,IND,POS,PST,SG,V,PROG;1.18794e-07
irî;>;DEL;n;2,IND,NEG,PRF,PST,SG,V;1.18791e-07
hpe;>;INS;a;DEF,LGSPEC1,N,SG;1.18788e-07
i;yan>;INS;ya;2,3,COND,NEG,PST,SG,V;1.18757e-07
în;>;INS;ye;2,IND,NEG,PRF,PRS,SG,V;1.18743e-07
t;>;INS;no;DEF,N,PL,VOC;1.18733e-07
e-;>;INS;î;DEF,N,SG,LGSPEC2;1.18732e-07
t;>;INS;o;DEF,N,SG,VOC;1.1873e-07
eh;>;INS;o;DEF,N,SG,VOC;1.18728e-07
l;>;INS;a;DEF,LGSPEC1,N,SG;1.18727e-07
pî;>;DEL;n;2,3,IND,NEG,PFV,PRS,PST,SBJV,SG,V,V.PTCP;1.18722e-07
yî;>;DEL;n;3,COND,NEG,PRF,PST,SG,V;1.18713e-07
erîçeya duniçik;>;INS;î;DEF,N,SG,LGSPEC2;1.18712e-07
go;>;INS;î;DEF,N,SG,LGSPEC2;1.1871e-07
rî;>;DEL;n;2,IND,NEG,PRF,PST,SG,V;1.18708e-07
<;êxistin>;INS;ne;2,IND,NEG,PRF,PST,SG,V;1.18707e-07
kiþkiþandi;>;DEL;n;3,COND,POS,PRF,PST,SG,V;1.18705e-07
în;>;INS;me;1,IND,POS,PRF,PRS,SG,V;1.18699e-07
niqutandi;>;DEL;n;2,3,COND,POS,PST,SG,V;1.18695e-07
tî;>;DEL;n;2,COND,NEG,PST,SG,V;1.18693e-07
<simsimî;n>;INS;i;1,2,3,IND,NEG,PL,PST,V,PROG;1.18692e-07
i;n>;INS;a;1,2,3,COND,PL,POS,PST,V;1.1869e-07
în;>;INS;ma;1,COND,POS,PST,SG,V;1.18687e-07
pe;>;INS;a;DEF,LGSPEC1,N,SG;1.18684e-07
elefonu;>;INS;no;DEF,N,PL,VOC;1.18684e-07
rî;>;DEL;n;2,3,COND,POS,PST,SG,V;1.18676e-07
 k;>;DEL;irin;3,IND,POS,PRS,SG,V,IPFV;1.18673e-07
<gevizandi;>;DEL;n;1,IND,POS,PRF,PST,SG,V;1.18662e-07
<;qediyan>;INS;ne;NEG,V,V.MSDR,ACC;1.18661e-07
alp;>;INS;a;DEF,LGSPEC1,N,SG;1.1866e-07
<;þewitandin>;INS;ne;1,2,3,COND,LGSPEC1,NEG,PL,PST,V,V.MSDR;1.18659e-07
<;ceribandin>;INS;na;2,IND,NEG,PRS,SG,V,IPFV;1.18656e-07
êt;>;DEL;in;2,IND,NEG,PST,SG,V,PROG;1.18655e-07
êr;n>;DEL;andi;3,IMP,POS,PRS,SBJV,SG,V;1.1865e-07
tîsemîtîzm;>;INS;ine;INDF,LGSPEC1,N,PL;1.18643e-07
zda;>;INS;î;DEF,N,SG,LGSPEC2;1.18643e-07
tin;>;INS;azî;2,IND,NEG,PRS,SG,V,IPFV;1.1864e-07
ngo;>;INS;a;DEF,LGSPEC1,N,SG;1.18632e-07
n;>;INS;ê;DEF,LGSPEC1,N,SG,VOC,ACC,LGSPEC2;1.18623e-07
þ;>;INS;no;DEF,N,PL,VOC;1.18619e-07
î;>;DEL;n;2,3,IND,NEG,PFV,PRS,PST,SBJV,SG,V,V.PTCP;1.18606e-07
lp;>;INS;a;DEF,LGSPEC1,N,SG;1.18605e-07
m;>;INS;ine;INDF,LGSPEC1,N,PL;1.18598e-07
n;>;INS;me;1,IND,POS,PRF,PRS,SG,V;1.18595e-07
î;>;DEL;n;2,3,COND,POS,PST,SG,V;1.18592e-07
r;n>;DEL;andi;3,IMP,POS,PRS,SBJV,SG,V;1.18582e-07
î;>;DEL;n;3,COND,NEG,PRF,PST,SG,V;1.18579e-07
n;>;INS;ye;2,IND,NEG,PRF,PRS,SG,V;1.18576e-07
o;>;INS;î;DEF,N,SG,LGSPEC2;1.18566e-07
î;>;DEL;n;2,COND,NEG,PST,SG,V;1.18561e-07
î;>;DEL;n;2,IND,NEG,PRF,PST,SG,V;1.18554e-07
t;>;DEL;in;2,IND,NEG,PST,SG,V,PROG;1.18549e-07
hib;>;INS;in;INDF,N,NOM,PL;1.18508e-07
aq;>;INS;an;DEF,N,PL,ACC,LGSPEC2;1.1842e-07
<pîn-avêt;>;DEL;in;2,IND,NEG,PST,SG,V,PROG;1.18331e-07
v;>;INS;ê;DEF,N,SG,VOC,ACC,LGSPEC2;1.18308e-07
îsemîtîzm;>;INS;ine;INDF,LGSPEC1,N,PL;1.18282e-07
ib;>;INS;in;INDF,N,NOM,PL;1.1828e-07
in;>;INS;azî;2,IND,NEG,PRS,SG,V,IPFV;1.18277e-07
<çêle-;>;INS;î;DEF,N,SG,LGSPEC2;1.18266e-07
h;>;INS;a;DEF,LGSPEC1,N,SG;1.18244e-07
f;>;INS;o;DEF,N,SG,VOC;1.18241e-07
di;>;DEL;n;2,3,COND,NEG,PRF,PST,SG,V;1.18235e-07
<biziv;în>;INS;îay;2,COND,POS,PST,SG,V;1.18228e-07
gihisti;n>;INS;a;1,2,3,COND,PL,POS,PST,V;1.18224e-07
hingorî ;>;INS;inan;INDF,N,PL,ACC;1.18151e-07
ti;>;DEL;n;1,IND,POS,PRF,PRS,SG,V;1.18144e-07
<;vegeriyan>;INS;bi;2,POS,PRS,SBJV,SG,V;1.18142e-07
 hingorî ;>;INS;inan;INDF,N,PL,ACC;1.18132e-07
im;>;INS;no;DEF,N,PL,VOC;1.1812e-07
û;n>;INS;nina;INDF,N,PL,ACC;1.18118e-07
<werimîn;>;INS;ma;1,COND,POS,PST,SG,V;1.18111e-07
<;sandin>;INS;bi;2,COND,POS,PST,SG,V;1.18108e-07
î;n>;INS;na;DEF,N,PL,ACC,LGSPEC2;1.18091e-07
pîn-avêt;>;DEL;in;2,IND,NEG,PST,SG,V,PROG;1.18035e-07
an;>;INS;ê;DEF,LGSPEC1,N,SG,VOC,ACC,LGSPEC2;1.17989e-07
heþîþ;>;INS;no;DEF,N,PL,VOC;1.17979e-07
eþîþ;>;INS;no;DEF,N,PL,VOC;1.17947e-07
q;>;INS;an;DEF,N,PL,ACC,LGSPEC2;1.17944e-07
emîtîzm;>;INS;ine;INDF,LGSPEC1,N,PL;1.17943e-07
i;>;DEL;n;2,3,COND,NEG,PRF,PST,SG,V;1.17941e-07
biziv;în>;INS;îay;2,COND,POS,PST,SG,V;1.1794e-07
<xwêd;an>;INS;anin;INDF,N,PL,ACC;1.17906e-07
<þemitî;>;DEL;n;2,COND,NEG,PST,SG,V;1.17903e-07
ingorî ;>;INS;inan;INDF,N,PL,ACC;1.17876e-07
ihisti;n>;INS;a;1,2,3,COND,PL,POS,PST,V;1.17873e-07
<;hilgirtin>;INS;ne;1,COND,NEG,PRF,PST,SG,V;1.17838e-07
werimîn;>;INS;ma;1,COND,POS,PST,SG,V;1.17837e-07
<sebr k;>;DEL;irin;3,IND,POS,PRS,SG,V,IPFV;1.17834e-07
n;>;INS;azî;2,IND,NEG,PRS,SG,V,IPFV;1.17821e-07
k;>;INS;inan;INDF,N,PL,ACC;1.17732e-07
t;>;INS;eke;INDF,LGSPEC1,N,SG,ACC;1.17728e-07
k;>;INS;ê;DEF,N,SG,VOC,ACC,LGSPEC2;1.1772e-07
t;>;INS;î;DEF,N,SG,LGSPEC2;1.1771e-07
r;>;INS;o;DEF,N,SG,VOC;1.17706e-07
a;>;INS;ên;DEF,LGSPEC1,N,PL,VOC;1.17698e-07
